id,coin,source_type,source,title,url,published_at,collected_at,sentiment,label
reddit_1x0b5e4,SOL,reddit,r/solana,"Orca Merges With Loopscale & Will Now Operate as ""Formation,"" in Push to Finance AI, Robotics, and Defense",https://www.reddit.com/r/solana/comments/1x0b5e4/orca_merges_with_loopscale_will_now_operate_as/,2026-10-07T23:03:07+00:00,2026-10-07T23:04:10+00:00,0.128,positive
reddit_1x0aqng,SOL,reddit,r/solana,"$WLD, From Worldcoin, Is Now Listed On Solana Via Sunrise, Issued By Backpack Securities",https://www.reddit.com/r/solana/comments/1x0aqng/wld_from_worldcoin_is_now_listed_on_solana_via/,2026-10-07T22:45:29+00:00,2026-10-07T23:04:10+00:00,0.296,positive
35a29f091b6aadfe,SOL,news,24/7 Wall St.,NEAR Protocol Is Up 122% in a Month While Bitcoin Gained 8%. Can the Rally Last?,https://news.google.com/rss/articles/CBMi0AFBVV95cUxPVmtqbm5oRW1ZdlJvVkRaNnM3aksxQWstbHIzNEk0U1lwSHh1OHRXb29iVkNtRVNzMVItLVVEN0NUTjVpMUs0ejlwTVZVVnI3MmRNdXowNWNaRGEyRklhbVN2MFpJWmY0dTdQMmJINnJVQnFOS1E2NTlBTWR5T1daNW5IWHg0RW9xWi1LRUZXbHRlNmQ1Uzc2Ul9XTW5oYzk0b1BMTlM5MkowZ1ZCOU5zSlpZcFh6cTloanktaU1mRTVkYlY1eVotVzBtUS04QXlK?oc=5,2026-10-07T22:30:00+00:00,2026-10-07T23:04:10+00:00,0.6808,positive
reddit_1x0a6u8,BTC,reddit,r/Bitcoin,Give me your seed phrase and I'll tell you what I think of you,https://www.reddit.com/r/Bitcoin/comments/1x0a6u8/give_me_your_seed_phrase_and_ill_tell_you_what_i/,2026-10-07T22:21:12+00:00,2026-10-07T23:04:10+00:00,0.0,neutral
a7505bd2d6ba94ac,BTC,news,Yahoo Finance,"10x Research Forecast Bitcoin Could Fall to $46,000, but What Really Happened?",https://news.google.com/rss/articles/CBMiogFBVV95cUxPTUtsLVlORmV3eGp5cWxWMGY2ekdEbmpDYUdZdWZvQVM3ZDRaMWhORnRMQ1JaZldPcXN4WjRrbDNNWHdaQXA0YWZRdzVwRi1GNFc0Qnc1czRMUDh0aHdrTU9hb3ktaHdFZWNldFU2MDU0VDV3OGQ1Z3pTaFg2eW8tbGRwREMtWmtoQWxHZ3MxVWt6WHN1VzJTUW1mSVU3QmZHQkE?oc=5,2026-10-07T21:59:22+00:00,2026-10-07T23:04:10+00:00,0.0,neutral
reddit_1x09jef,BTC,reddit,r/Bitcoin,Opinion ?,https://www.reddit.com/r/Bitcoin/comments/1x09jef/opinion/,2026-10-07T21:53:55+00:00,2026-10-07T23:04:10+00:00,-0.5204,negative
3540968f6c2bafd7,ETH,news,Decrypt,Ethereum Researcher Says AI May Break Encryption Before Quantum Does,https://decrypt.co/380363/ethereum-researcher-ai-break-encryption-before-quantum,2026-10-07T21:16:03+00:00,2026-10-07T23:04:10+00:00,-0.0258,neutral
reddit_1x089o4,SOL,reddit,r/CryptoCurrency,Litecoin : what is happening under the surface remains the most interesting part.,https://www.reddit.com/r/CryptoCurrency/comments/1x089o4/litecoin_what_is_happening_under_the_surface/,2026-10-07T21:03:16+00:00,2026-10-07T23:04:10+00:00,0.6648,positive
21e11eaca1a23bbe,ETH,news,TradingView,Ethereum ETFs Lose $201.9 Million As Bitcoin Funds Return To Inflows,https://news.google.com/rss/articles/CBMiwwFBVV95cUxPeEgyVFBSczlVNWtxV2l3SzVrcXRzZmpxdFd3OHhEWVdEVFE4M1B5NVBTVzlKSDB3eHAzRUdMMm4yazdmUi1iNFRIN0xrYWJWWGpDREVCVm9PUUFwTkkxbUt2QW9RaXVHNUFUV0VvVFp0eHFnWFFrUmk5STF3LVJ4NmJpSWhBRGRVZXdVV185SXB6cW5tQlBwZTUwaGVBa0xSc2ZtQ3NOc0wwTlhaVnUyRjgwT2hnSGp1SlM3MWdEVUh3Ync?oc=5,2026-10-07T21:00:00+00:00,2026-10-07T23:04:10+00:00,-0.1779,negative
reddit_1x085yw,SOL,reddit,r/solana,How to buy tokens launched from other chains on Solana?,https://www.reddit.com/r/solana/comments/1x085yw/how_to_buy_tokens_launched_from_other_chains_on/,2026-10-07T20:59:25+00:00,2026-10-07T23:04:10+00:00,0.2732,positive
reddit_1x07h6u,BTC,reddit,r/Bitcoin,Robinhood Adds $25 Million Worth of Bitcoin to its Balance Sheet,https://www.reddit.com/r/Bitcoin/comments/1x07h6u/robinhood_adds_25_million_worth_of_bitcoin_to_its/,2026-10-07T20:33:16+00:00,2026-10-07T23:04:10+00:00,0.2263,positive
reddit_1x07gdi,BTC,reddit,r/Bitcoin,See you guys at the castle in 2040,https://www.reddit.com/r/Bitcoin/comments/1x07gdi/see_you_guys_at_the_castle_in_2040/,2026-10-07T20:32:29+00:00,2026-10-07T23:04:10+00:00,0.0,neutral
reddit_1x07bqj,BTC,reddit,r/Bitcoin,Russia’s Sberbank Given Green Light to Custody Bitcoin,https://www.reddit.com/r/Bitcoin/comments/1x07bqj/russias_sberbank_given_green_light_to_custody/,2026-10-07T20:27:45+00:00,2026-10-07T23:04:10+00:00,0.0,neutral
reddit_1x06olg,SOL,reddit,r/solana,What if we put our grudges aside and looked at the facts and data?,https://www.reddit.com/r/solana/comments/1x06olg/what_if_we_put_our_grudges_aside_and_looked_at/,2026-10-07T20:05:24+00:00,2026-10-07T23:04:10+00:00,0.5423,positive
reddit_1x05z99,BTC,reddit,r/Bitcoin,Block Gifts One Bitcoin To Lucky ComplexCon Attendee,https://www.reddit.com/r/Bitcoin/comments/1x05z99/block_gifts_one_bitcoin_to_lucky_complexcon/,2026-10-07T19:36:37+00:00,2026-10-07T23:04:10+00:00,-0.0258,neutral
reddit_1x05sec,SOL,reddit,r/solana,"Lily Liu, Solana Foundation, On The Biggest Market Ever Built, The Internet Capital Market",https://www.reddit.com/r/solana/comments/1x05sec/lily_liu_solana_foundation_on_the_biggest_market/,2026-10-07T19:27:21+00:00,2026-10-07T23:04:10+00:00,0.0,neutral
reddit_1x05pml,SOL,reddit,r/solana,"DualMintRWA Has Tokenized 200 Claw Machines, The First Liquid Fleet Of Machines On Solana",https://www.reddit.com/r/solana/comments/1x05pml/dualmintrwa_has_tokenized_200_claw_machines_the/,2026-10-07T19:23:31+00:00,2026-10-07T23:04:10+00:00,0.2732,positive
d3397ec90d5df0e4,ETH,news,Moomoo,Here he explains why he believes the next crypto bull market could be the BIGGEST EVER.,https://news.google.com/rss/articles/CBMiqwFBVV95cUxOWUV2RzNvc1llWEM4ZTRLRmdTZTg0WE1rQXlWbHpVa0wzNHQ1NWRTMm5xSHk3Sk5FcE4tUXFOUHh1UVhYOFdMYXFid2lsNXhsdTlxTUVDNmJqUjZvS3NrYzNKNkl3bzd4VnYwaXB0bjFXaUZIWTg4SFhEdHhJWHNiZVpKNHd3dUVmaHIxc3N6dHdqaUNPWHlBWHR3NGt2eV9halhrX1RIUWxsX00?oc=5,2026-10-07T18:56:28+00:00,2026-10-07T23:04:10+00:00,0.0,neutral
reddit_1x04ppe,SOL,reddit,r/solana,Could squad trading competitions be more useful than solo leaderboards?,https://www.reddit.com/r/solana/comments/1x04ppe/could_squad_trading_competitions_be_more_useful/,2026-10-07T18:45:29+00:00,2026-10-07T23:04:10+00:00,0.8437,positive
c5ee94bfeacd9c70,SOL,news,CryptoTicker,"SHIB on Solana: Two Tickers, One Genuine Token",https://news.google.com/rss/articles/CBMihgFBVV95cUxPZDBUSENWcDhjeFFURE9wR0RXRW1YRmNIOE1kd01hU2pxZklfckUyZlJFYkd6NDNNcEFodWpHeXJUSFFuMHU1RlVJSjF5VWs2Z3dnSUFha3c0WDJ3QVlPUm8wZExkemstdzlfaEhoU0hCQXJsNE1aY1lrWk9CMEZaNVJIYVhvZw?oc=5,2026-10-07T18:43:13+00:00,2026-10-07T23:04:10+00:00,0.0,neutral
3dc6f2ee98ac5d8a,ETH,news,Benzinga,"Bitcoin, Ethereum, XRP, Dogecoin Slide up to 5% as Bond Yields Hit 24-Year Highs",https://news.google.com/rss/articles/CBMi1AFBVV95cUxPNUxZRlMzcGNDQk9zZDZFcVo5cjg0NUZtMHFDVkdweW9GMVpZX1RaUkM2NzZxV3RuM0lRdHkwbERfbVIwTi1JYTJNdE11WDE3UHpreHduWnlwQUhmMzlkdy1fOGFiYTUybnRoWGQ3NjNJQ2NiVkVwMmEzeU9BbV9EdXItTXhtZmhldTNhT2dheUpMajRMSzU5a1B3MF9HN1lOVVFOOG1KMGZLY3prMkNIeVQ0OHcyNVJrNV9MUmowSVhDTktfSFFrTS1Sb1hIdk4xZWlZcA?oc=5,2026-10-07T18:40:20+00:00,2026-10-07T23:04:10+00:00,0.0,neutral
reddit_1x043xi,BTC,reddit,r/Bitcoin,"POV: your 100 BTC hard drive is somewhere in one of 12,000 trash bags (I BUILD THE GAME)",https://www.reddit.com/r/Bitcoin/comments/1x043xi/pov_your_100_btc_hard_drive_is_somewhere_in_one/,2026-10-07T18:22:00+00:00,2026-10-07T23:04:10+00:00,-0.1027,negative
3ca627fe39419f72,BTC,news,Yahoo Finance,"Bitcoin Drops Below $84,000 as Nearly $500 Million in Long Bets Get Wiped Out.",https://news.google.com/rss/articles/CBMilgFBVV95cUxNZWlHZExkWkJoYUt5Vm50Wm94TGl1V0lRSElQWVlkMlctZ21TTEVKNHUzblRkNFIyVTJMS2FONGhaaUFqVHVLS1M3S2piRW9fTmVWNUgwTHdEN1FVNl9RdHNWZHVLWi1HUlNuSzN4aUs3WU1ldC1LSnU2Zmlab2RleEJYTGVvNmEwS0RMR3M5TG1Nc202Z1E?oc=5,2026-10-07T18:13:47+00:00,2026-10-07T23:04:10+00:00,0.0,neutral
b0f9f0e563b6cb04,ETH,news,24/7 Wall St.,The CFTC Lists XRP and Stellar as Digital Commodities Alongside Bitcoin and Ethereum. Is XRP Officially Not a Security?,https://news.google.com/rss/articles/CBMihwJBVV95cUxOOGdWVWFRNUwyQ0xlQnBLcWpvRWFDOGQ3M0pKRlMxRUQ5YVBZd3RjNGtFY25Odm9kZEJ1eV81eEFjMHJFbUJUVVYwWHB5VGVyWWFkamhFcUE0b0xYNjd1aklkQ3pJaXc1cE4zLWdvMlFGRGdrS0pDNzBNYktFVXktZXY4cm5IV0R3dExidS11WEFNVzI0eGVPM0ZTMHhGYzE0dTBRazBZNnNjS1g3WEtXcDNwUU51ZnJQblhrVXNmTExQWTZLeEZwTG9tcGpNZVBpNUJWaGNWeWJ5Y1c1RFhSczZXVmk3MmREUGJUVTBxRFA0ZUVsU2hFSFhQaThyNkFvZUp0RVpNZw?oc=5,2026-10-07T18:00:00+00:00,2026-10-07T23:04:10+00:00,-0.2584,negative
b0f9f0e563b6cb04,SOL,news,24/7 Wall St.,The CFTC Lists XRP and Stellar as Digital Commodities Alongside Bitcoin and Ethereum. Is XRP Officially Not a Security?,https://news.google.com/rss/articles/CBMihwJBVV95cUxOOGdWVWFRNUwyQ0xlQnBLcWpvRWFDOGQ3M0pKRlMxRUQ5YVBZd3RjNGtFY25Odm9kZEJ1eV81eEFjMHJFbUJUVVYwWHB5VGVyWWFkamhFcUE0b0xYNjd1aklkQ3pJaXc1cE4zLWdvMlFGRGdrS0pDNzBNYktFVXktZXY4cm5IV0R3dExidS11WEFNVzI0eGVPM0ZTMHhGYzE0dTBRazBZNnNjS1g3WEtXcDNwUU51ZnJQblhrVXNmTExQWTZLeEZwTG9tcGpNZVBpNUJWaGNWeWJ5Y1c1RFhSczZXVmk3MmREUGJUVTBxRFA0ZUVsU2hFSFhQaThyNkFvZUp0RVpNZw?oc=5,2026-10-07T18:00:00+00:00,2026-10-07T23:04:10+00:00,-0.2584,negative
reddit_1x03h2z,ETH,reddit,r/ethereum,EF researcher Justin Drake posted today about post-AI and the importance of hash-based cryptography. Is the short-term answer to this self-custody?,https://www.reddit.com/r/ethereum/comments/1x03h2z/ef_researcher_justin_drake_posted_today_about/,2026-10-07T17:58:35+00:00,2026-10-07T23:04:10+00:00,0.7013,positive
11f288cdad3bde47,BTC,news,Barron's,"Bitcoin, XRP, and Ethereum Drop as Cryptos Face Perfect Storm. Coinbase Falls.",https://news.google.com/rss/articles/CBMijAFBVV95cUxNNHVycE1wMk44UloxcnczY1FLWUpmTm9IZjRhTVRNYjNrV2RJbktfeTY5cFluamdKREU1cXBER0lLbWlXN0tDTzhSWmFRS3Z4S0Z1X21BRGNwRm5MYmZVNVNmRVcxMzBwMmpzTzQ0QkZuVzN0SFA2VnZDQVBFQ0t5QWhMNHRCSFNPRUw2Nw?oc=5,2026-10-07T17:46:00+00:00,2026-10-07T23:04:10+00:00,0.3818,positive
11f288cdad3bde47,ETH,news,Barron's,"Bitcoin, XRP, and Ethereum Drop as Cryptos Face Perfect Storm. Coinbase Falls.",https://news.google.com/rss/articles/CBMijAFBVV95cUxNNHVycE1wMk44UloxcnczY1FLWUpmTm9IZjRhTVRNYjNrV2RJbktfeTY5cFluamdKREU1cXBER0lLbWlXN0tDTzhSWmFRS3Z4S0Z1X21BRGNwRm5MYmZVNVNmRVcxMzBwMmpzTzQ0QkZuVzN0SFA2VnZDQVBFQ0t5QWhMNHRCSFNPRUw2Nw?oc=5,2026-10-07T17:46:00+00:00,2026-10-07T23:04:10+00:00,0.3818,positive
7ae30d807aa51e03,SOL,news,The Motley Fool,"Here's What $1,000 in Each of These 6 Cryptocurrencies Could Be Worth by 2030",https://news.google.com/rss/articles/CBMimAFBVV95cUxQRkU1eUxIWjBYNG1Ya2xLcHRUcjc1N1FwRF8yZDRyQXotTGRlS0Q3cnhzVFhOZnFwZDhQNzVzcjNXTG1Nb3BUc2lCWlRWQl9ldWtvZnpYVlZyQW1IaEtTUE40QlE0UW1UNDdGN0FuYXhFR0N2UlpBeUdUVW5aV25VZlBpVThYaGlIMmNYVUxEaElLVllCUDNsSQ?oc=5,2026-10-07T17:45:00+00:00,2026-10-07T23:04:10+00:00,0.2263,positive
6b767d68bde78118,SOL,news,Coinpedia Fintech News,Solana Company CEO Says China Reopening Could Spark Another Crypto Supercycle,https://news.google.com/rss/articles/CBMiuAFBVV95cUxOUksxWERkcnlEdWhOQ0N5YllQVTdpcTBwZFZZNG5fZ1V2QnYwdnQwUjdtVjRIOGg1Z3lHWWwxTVJwakVMMFpQSmlWYkN0S3dxSFJ6MC1wWWJBUHZyR256NjFhRmJlaXpvcWEzQkt4dHpIQS0xZzU5YVdCZnVWaWJYNmNmaFFKRU9YV3l1OW5hVzlxN3dXSmc4T1otaFlESXNKaVlKWks5bHJiRnVTNjlIVFFzNWFNU2ps0gG-AUFVX3lxTFA4V21QOWxrWURRZHpGQ1ZCcXhISGZ1RndXQzZzNEhOR09wQzJabVFhU0lQeFBBbHVtVmxJN0oyWHN0YlVWdi15WGc3bk8yclNKaXJJTjZudE5xa3FoZVRzRzhZYkNNdEJCb2hXQXZxUWpxWmk3UVR6WXdZYlgzSEpsZUpTd3htXzcxaFdWUmZZblRCczJtWUdKaGUxNXo4SlZqa3V0QWJxYUpkcnVjaWVZbTFMRTZXOFRBVjk1MWc?oc=5,2026-10-07T17:29:20+00:00,2026-10-07T23:04:10+00:00,0.2263,positive
reddit_1x02c1t,BTC,reddit,r/Bitcoin,It’s Uptober guys,https://www.reddit.com/r/Bitcoin/comments/1x02c1t/its_uptober_guys/,2026-10-07T17:15:18+00:00,2026-10-07T23:04:10+00:00,0.0,neutral
de843bb79bb9fb40,ETH,news,24/7 Wall St.,Bitmine Falls 7% as Tom Lee Says the Ethereum Buying Spree Is About to End; Sharplink and Strategy Drop 5%,https://news.google.com/rss/articles/CBMi4AFBVV95cUxOaGFJMTNMcFNCa2dPaGNVN3BzdUlpWTNaTFVaRnFHa09ONGtIRExoaEVGb1l0NGxkb2d4LS15SEg0SlNXaTVzM1NReEdSYWsteExBUkZoQVJXUU11MXpoaHFHYW96NVFtbng1elhPLUh3cWFXSVpFa3h1amNlWThJUTF4b2gyZVNpQzFKWGN6TF9rckJoc0xyaUdhWjFHQ2dBOTU5cmNBUXY4WUNieDkwcHp0dEJDT3pvbm9nanE5V05BY0xEYjY3RXZfQ3NVd0VOakN5MENTX3R4WV9vTENpQw?oc=5,2026-10-07T16:59:00+00:00,2026-10-07T23:04:10+00:00,-0.2732,negative
ca19b877abfc2668,BTC,news,Decrypt,"US Government Moves $103 Million in Seized Bitcoin and BNB, But Hasn't Said Why",https://decrypt.co/380313/us-government-moves-103-million-seized-bitcoin-bnb,2026-10-07T16:56:56+00:00,2026-10-07T23:04:10+00:00,-0.4215,negative
reddit_1x01fn0,BTC,reddit,r/Bitcoin,"What finally made self-custody ""click"" for you?",https://www.reddit.com/r/Bitcoin/comments/1x01fn0/what_finally_made_selfcustody_click_for_you/,2026-10-07T16:41:23+00:00,2026-10-07T23:04:10+00:00,-0.1197,negative
reddit_1x015m2,SOL,reddit,r/solana,"I made Validle, a free pixel-art idle game about how Solana works (public beta)",https://www.reddit.com/r/solana/comments/1x015m2/i_made_validle_a_free_pixelart_idle_game_about/,2026-10-07T16:30:49+00:00,2026-10-07T23:04:10+00:00,0.9682,positive
reddit_1x00siy,BTC,reddit,r/Bitcoin,Tell me I’m not the only one 😂,https://www.reddit.com/r/Bitcoin/comments/1x00siy/tell_me_im_not_the_only_one/,2026-10-07T16:17:02+00:00,2026-10-07T23:04:10+00:00,0.4404,positive
eb84b52288580b30,ETH,news,Yahoo Finance,"Bitmine Immersion Technologies (BMNR) Builds Its Ethereum Stash, Is The Stock Undervalued?",https://news.google.com/rss/articles/CBMiqwFBVV95cUxNZXhuNzZwWFNaRUxQdGZSeEE3UGU1X3E4UGNRdVFDUjk4RTkxSmQ5Y3pDejduaEx4UTdPQ1M4R3hoRzZpbVpwVHlvME0zd2tsN3NJcnBneTRMM3otcjhoQXVFOXhtZ0pNcEp0X1BHUFZMck9RX0JrNWpQTzhBLUxXUGRabzZEeDY4VzBwNmNOOUlqZHRSTDlDa1Y4czNfZDNiSmFza1hhekZvUFk?oc=5,2026-10-07T16:11:24+00:00,2026-10-07T23:04:10+00:00,0.0,neutral
bf774a775b2aaeaf,BTC,news,Yahoo Finance,"Crypto Market Selloff Deepens as $700M in Bitcoin, ETH, XRP, SOL, DOGE, XAU Liquidated",https://news.google.com/rss/articles/CBMioAFBVV95cUxOZDdBZmh6OU1lSEJzMFNjU0cwb0ZGUUFBN0V1MTdGaXMzVl93WjcxLUtPdU1iZWgxblprQ0JRcE9FYklrdEhQb3hnT2ZoR1BUNEJuV0dub2ZDeXdNVUxyTVNVLU1pejVKc2k1enMyUktPRng2VDE4eWlodTBPbFZQUGRtLXFLdzY1ZnZMc0FuQ0kzYS1PdWJaRFE4MWhpeTZQ?oc=5,2026-10-07T15:55:00+00:00,2026-10-07T23:04:10+00:00,-0.7184,negative
d4c090bee7b0075d,BTC,news,Bloomberg.com,Pokemon Collector Found Guilty in $55 Million Crypto Hack Case,https://news.google.com/rss/articles/CBMisgFBVV95cUxQc1ZGcEVtQ1NTdFNySEFiS0t0SVlDWXZXOGxoZ241VUprcng0VVpkZmw3cGdRaTVwY0cyNGdhWnpyaWV2dTFVeE1jRnlVT1hKNDQ5NUxzNG9pZTFfM05KWks1VVdPZ3RJSGt4OU5CSGpLWm1ZbXdtZmJDb3lqa0x3dlozNHl5LUVBT0xkdkc0ekFzdVVNTGRaWnZsRGNQMXh1N2pMWUxQS2VYRGh4dGNBMDZ3?oc=5,2026-10-07T15:50:57+00:00,2026-10-07T23:04:10+00:00,-0.743,negative
reddit_1wzzzwq,BTC,reddit,r/Bitcoin,😭,https://www.reddit.com/r/Bitcoin/comments/1wzzzwq/_/,2026-10-07T15:47:03+00:00,2026-10-07T23:04:10+00:00,-0.4767,negative
31ba829b56ef21a3,SOL,news,Crypto News,"Why are BTC, ETH, XRP and SOL in the red today?",https://news.google.com/rss/articles/CBMic0FVX3lxTE5PVG5SaFFNMkJKd3ktV09zZFFjRWtuUThyYWh5emk2V2FWMXNEYXA2Ri1MR1pySHZmWXNyQkpjU0EwbzlkaEhuNlpOMGVCZDZRRXcwOE5uQXM3aXlLWmkyeVY2cjVmQkV3QTh3QUhlZGlPbWc?oc=5,2026-10-07T15:36:39+00:00,2026-10-07T23:04:10+00:00,0.0,neutral
0555d96e50153d85,BTC,news,Decrypt,Bitcoin Dips Below $83K as Oil Shock Rattles Markets: What Happens Next?,https://decrypt.co/380290/bitcoin-dips-oil-shock-rattles-markets-what-happens-next,2026-10-07T15:34:31+00:00,2026-10-07T23:04:10+00:00,0.1027,positive
1e95fd9374506b78,BTC,news,Yahoo Finance,"Bitcoin Adoption Is Shifting From Individuals to Governments, Says Crypto Analyst — Nation-State Holdings Jump as US Leads With Nearly $28 Billion in BTC",https://news.google.com/rss/articles/CBMitAFBVV95cUxOc2NxR1FQQWI5bzN4bURMczdySjlVSlAxMU56MXlGRUNFUTE3dU8tTGpqOFhYX1lOWjY3aVdFYi1IRzBtSUEydURDejExdU9kTnc3ZUlGUzZ3RkZvMDJfd3A1RjdFMC1tbGlNU1hNU3VUakNWaFdPUFhrWld4YV9oTldFNzJDd1JiTGhxY0E0SHVmeEdndjFPM0FqbHRaSEVGbDItZGFBeUFSb1BRSUJjRTJfeXA?oc=5,2026-10-07T15:30:21+00:00,2026-10-07T23:04:10+00:00,0.0,neutral
f2da3b2d29ab215f,BTC,news,Cointelegraph,Bitcoin price drops to $82.7K October low as bond sell-off resumes on Iran nerves,https://cointelegraph.com/markets/bitcoin-price-drops-to-827k-october-low-as-bond-sell-off-resumes-on-iran-nerves?utm_source=rss_feed&utm_medium=rss&utm_campaign=rss_partner_inbound,2026-10-07T15:06:14+00:00,2026-10-07T23:04:10+00:00,-0.7351,negative
4d00e579d84d79d1,ETH,news,Decrypt,"Bitmine's Relentless Ethereum Buying Is About to End, Tom Lee Says",https://decrypt.co/380287/bitmine-ethereum-buying-will-stop-tom-lee,2026-10-07T14:55:32+00:00,2026-10-07T23:04:10+00:00,0.25,positive
deef5c47c7e9924c,ETH,news,Crypto News,"Ethereum price plunges toward $2,500: Could this support trigger a $3,000 comeback?",https://news.google.com/rss/articles/CBMif0FVX3lxTE11VGd5S1FwV2IyUFFmbkgxRVNWRTZFeTlEY0puU3ZUTmtEOU1zYWVocWMyT05OaFMzTHJyZzFZbGIydF9pd0NLMnlzNHN4RWZLb21YbkNBWGJWNHlDTHFCS180NFhaQXBEN09JMWtDMG9rMWljOHI1MHpGaGhLYXc?oc=5,2026-10-07T14:46:28+00:00,2026-10-07T23:04:10+00:00,-0.0964,negative
9c73bab39515e9da,BTC,news,24/7 Wall St.,How Much Will $100 of Bitcoin Be Worth in 20 Years? The Math at Three Growth Rates,https://news.google.com/rss/articles/CBMi1gFBVV95cUxNYlpGRjk1UjZZSnVoYnkyVHIySUVtTE1CUmJZajZBSXNJQUM4bmJ1SmEzV25uTE5JQWJRUDBkRTExUFNkOTl3UjRpdVVfcjdRNVlDNWNTTTJXUS0wZVNfaW9VRm1BdkJmZDlPdUpzWElLQkpKVjFEYnNaWTB6OEVsNTNyemZIZlB3QzZCQUtZZ3Y3UGpYaC0wRTJ4X2RKMEtlelJsemNDdGQzdFpSWW9qZFJjQzJIbFY3SEhWVnlXRUJ3WElxVE9ab2Uwa0FOU2xhaUJYZGF3?oc=5,2026-10-07T14:30:00+00:00,2026-10-07T23:04:10+00:00,0.5423,positive
76b019cb61a30abc,BTC,news,Yahoo Finance,U.S. Government Moves $100 Million Of Cryptocurrencies,https://news.google.com/rss/articles/CBMimwFBVV95cUxPclptVVFQTGJRa2thNTAzaHRKY2l2SjNIYTVsUHdtVTczbVJkdm1tellsYmRUY2ZrT0RtejV0VDF5SkhpMmdDSHVKS0xvZFY1dVpCY0g2dEtrRTgwVGt5S0dYTm1CaTA2M3NXQm5vRUJxbDczMjVVMkxNUUhXZmVhczA1Q2xMcFdNYUJybmhaSFhQLVZtaXFDZ3pkVQ?oc=5,2026-10-07T14:23:00+00:00,2026-10-07T23:04:10+00:00,0.0,neutral
758f2f72bc3abeda,BTC,news,Bitcoin Foundation,Top 10 Undervalued Cryptocurrencies That Could Outperform Bitcoin in Q4 2026,https://news.google.com/rss/articles/CBMirwFBVV95cUxPTS14dFRrZE9PcDJtWGVrSUlad0paeEZKeC1TVHdzSU0wZm9IZ3VIbVd1bDVmRmp4SmNYOXN5NHlUQ2xrMllRYXZ5SHlnZ0l4R3BURkdpYjZSU0xldVNfVlc5ZllySmlNMkhlODAzbEI3SlV1QTkxTnJpN2MwUUxUUHNra3U4UGVDZXJNNTZnMlZOcy1wTnJUR0Q4THN2QkEzTi1sYi1tLUNHaDhDNUZz?oc=5,2026-10-07T14:09:23+00:00,2026-10-07T23:04:10+00:00,0.2023,positive
6af9311f322dfdde,ETH,news,TradingView,"Crypto Crash Alert: How Low Can Bitcoin, Ethereum and XRP Prices Go?",https://news.google.com/rss/articles/CBMiwwFBVV95cUxONGJHOHBSOElKN253blBPXy1XWHAzZjJubXBDcnNzZjBZSzI5MV9hckdveEVQZVc1MThBdkI0cl9FWmN2aXV4VkxYMGhuUVhqQTl6dHR6dFQyYlFzWF95R29VRWlWemRTZHdrT0dCekdmeWMtQndsR0ZhV01GVktIV2dFUHR0dVk5R0dFbUZaOS1WSWg3R0VZdUdxSFV3bzVxZ2VjQ2NNVWFOb08ydkdMRUZJZHFJQjlILTFtMDZZVXB3RFk?oc=5,2026-10-07T14:07:18+00:00,2026-10-07T23:04:10+00:00,-0.5994,negative
2096e778c088d456,BTC,news,Yahoo Finance,"What If You Invested $1,000 in Bitcoin 5 Years Ago? Gold and US Stocks Both Did Better",https://news.google.com/rss/articles/CBMikwFBVV95cUxQOTRINjVLbGZ4TTlQMVd2LVM0QzNSbXRJOEVxR05FSmNYdXk5UnE3WlVzbS0yUHJTZEo2emwzTkUxeFp1bDNheGFmZ2xJQ2pSMmZ4Tmt5U2t3SnFHRmE2NFh2SVZBVEN0bjBwOFNScERQd3dTUHhuNEVnbmxaa0FMNkhrVUpGMmlSM21MNUtQTUNfN0U?oc=5,2026-10-07T14:00:37+00:00,2026-10-07T23:04:10+00:00,0.4404,positive
ddfb0df9b0641f94,BTC,news,Yahoo Finance,Robinhood Markets Adds $25 Million Of Bitcoin To Its Balance Sheet,https://news.google.com/rss/articles/CBMinwFBVV95cUxQWURTcVNSTC1lZXlJQURuN3VDc3JiNFJVZ09jMFJWSzZHV01qRjBsQ3lTZ3YwS0hsd2ZzTEhEbG53Q1FQQ1l4YWlJRnVmaTVpZ0R3RUlOUHlDUnVSemdFN3FQejQxa3FtZVBIbmw0a0dsbnE2dEl6aXpmQWhKTm1INnllZi1iVDZMREQ2U3VPVmh4MVR1YWFEcWVNekhla0k?oc=5,2026-10-07T13:46:00+00:00,2026-10-07T23:04:10+00:00,0.0,neutral
reddit_1wzwyjr,BTC,reddit,r/Bitcoin,Bond yields still haven’t matched the night Limp Bizkit performed at Woodstock ’99.,https://www.reddit.com/r/Bitcoin/comments/1wzwyjr/bond_yields_still_havent_matched_the_night_limp/,2026-10-07T13:46:00+00:00,2026-10-07T23:04:10+00:00,0.7906,positive
a5611f7f8ea156a3,ETH,news,Yahoo Finance,Ethereum Drops 5% After Tom Lee Says Bitmine Will Stop Purchases,https://news.google.com/rss/articles/CBMikwFBVV95cUxQbDBwQ1ZHQVRwSzNzV0VLOFBkYUtnS28ta2Y5LWh1SFlFcTFnN2NhN2VKLVlPQy1aQ2dqbW1iZXQ4Q2R3d2hGLW1OV0lyWUlWUWVQVFk4MmtaSzVxNFNoNkw1WmpSbHVOc3BoYUpOTVNfVXYwZE9ZQndaSkJHRWt1MVZfX2pqdFdFNDJPYlc1ZVBRZEU?oc=5,2026-10-07T13:44:00+00:00,2026-10-07T23:04:10+00:00,-0.296,negative
f2ba739ad29d159f,BTC,news,Yahoo Finance,Why Does XRP Follow Bitcoin? Understanding the Correlation,https://news.google.com/rss/articles/CBMioAFBVV95cUxQNktJME9nTV8zUEI3V2RsWEhlU3RRamNJMThqQWF1enFMZlZONzI2MHJlRDlFcko5QlJwWUVLeTEyaVhoSmFqWlNHNjBlbVlpWHBJOTQtbi1LS0ZNUW42ZDFTVjg0TFp0RjhhcVJJZWI3SVc5Z2pGc1FKR3VsdXZNdmNkUW5EbFdDWjZHZ1p5UzdmMFRGWFE2N3VuQnVTdmk5?oc=5,2026-10-07T13:00:45+00:00,2026-10-07T13:19:42+00:00,0.0,neutral
991f738ab3143a80,ETH,news,CoinDesk,Ether is about to lose a steady buyer as Tom Lee says Bitmine will stop token purchases,https://www.coindesk.com/markets/2026/10/07/ether-is-about-to-lose-a-steady-buyer-as-tom-lee-says-bitmine-will-stop-token-purchases,2026-10-07T12:40:31+00:00,2026-10-07T13:19:42+00:00,-0.5994,negative
461e049e151141c8,ETH,news,CoinDesk,Ethereum news: Tom Lee says Bitmine to soon stop buying ETH,https://news.google.com/rss/articles/CBMiywFBVV95cUxPbGNKZ1E5RzJqVU1oQksxUFNpQlFVUThkY0pEcVhtN3BfRDZQa2ZGUmZWWXBHQk5UR1ZHTUdfMGw5ckZ1aDR5Q0FrdUd2YWZ6VkFQWTVoYXZkLUZvaDRuMEYtNXEyb05GajluUjM4TkM2T1MyeldjbHZGNEMzQnRBRTZnOHhVWmhqaDE4bTR1TzJJbWZHVDdiYlRzUnplU25KdFFOM2R6aG9tQ1Ewc2NKWUF0Z3pfMnlFcWlBdmZHYlRzcVhYYjVMOTgyYw?oc=5,2026-10-07T12:40:31+00:00,2026-10-07T13:19:42+00:00,-0.296,negative
3f811a80dde98d48,BTC,news,Decrypt,Engineer Gets 32 Months for Bitcoin Extortion Plot Against His Own Employer,https://decrypt.co/380284/engineer-gets-32-months-for-bitcoin-extortion-plot-against-his-own-employer,2026-10-07T12:39:09+00:00,2026-10-07T13:19:42+00:00,-0.296,negative
c7554a2cce1eb3ad,BTC,news,Yahoo Finance,"Which Cryptocurrency Is Most Likely to 10x by 2030: Bitcoin, Ethereum, XRP, or Solana?",https://news.google.com/rss/articles/CBMiogFBVV95cUxNQktvb0FWZG0tUE5saWs2RHh4NUNVSXlUejg2QzdPRG1JMlpZb3VfblFFcnptMjJ3a1lfdWNDZDEtS1pCUnpLWmtLVWNJY05jZExTOVpmSmIzWFFacUw4d09OTnVGeHRKQ0RUbzJEMDVRS1pRMExOZ2U5T1Y5Uzg3LVllM0hURkxHQnpQeGFoeUpyUUY2aEZkc3MtVXBKYVhNZUE?oc=5,2026-10-07T12:30:11+00:00,2026-10-07T13:19:42+00:00,0.0,neutral
c7554a2cce1eb3ad,ETH,news,Yahoo Finance,"Which Cryptocurrency Is Most Likely to 10x by 2030: Bitcoin, Ethereum, XRP, or Solana?",https://news.google.com/rss/articles/CBMiogFBVV95cUxNQktvb0FWZG0tUE5saWs2RHh4NUNVSXlUejg2QzdPRG1JMlpZb3VfblFFcnptMjJ3a1lfdWNDZDEtS1pCUnpLWmtLVWNJY05jZExTOVpmSmIzWFFacUw4d09OTnVGeHRKQ0RUbzJEMDVRS1pRMExOZ2U5T1Y5Uzg3LVllM0hURkxHQnpQeGFoeUpyUUY2aEZkc3MtVXBKYVhNZUE?oc=5,2026-10-07T12:30:11+00:00,2026-10-07T13:19:42+00:00,0.0,neutral
c7554a2cce1eb3ad,SOL,news,24/7 Wall St.,"Which Cryptocurrency Is Most Likely to 10x by 2030: Bitcoin, Ethereum, XRP, or Solana?",https://news.google.com/rss/articles/CBMi1wFBVV95cUxQbEZEY19TUWE0T19GNDlEekhoOURvZlZwdlk1Zk45RmFlclJBcmFERktGS2g3cUNieGQ1dzVCMzEtSWpSWVN4Zk93QkFpRXctYU80Mi11ZDJiWnJNNmtFLUV6czRzRXRNclBvYU9yVTVjeGJIcHhSSExiQWRVTWptbXI1a1lwRW1URzRlMnNBZGVaVFlHcnlBdFQtRHdjekdIaUNzMzRFN09fTzVveUdQOVpTeTU1VGJubXBwZzNGYk80ZVpRREplVzVpbWlRX0JidFZDYmVfRQ?oc=5,2026-10-07T12:30:00+00:00,2026-10-07T13:19:42+00:00,0.0,neutral
0d3855c6f480a31a,SOL,news,CryptoTicker,Buying Solana with PayPal: a 72-hour lock and a minimum balance nobody mentions,https://news.google.com/rss/articles/CBMiX0FVX3lxTE5ueDRhaFVlYjF0OW9RNjVUNVk5X0VJdEJOOW1nVThPeFFaUVFBSXZkZnVzVEhhUnRQNldGbG5SdVZiMFRfTHd3VlJKVnAtU3FULTJjNzZCaHVaSlJCMjgw?oc=5,2026-10-07T12:28:22+00:00,2026-10-07T13:19:42+00:00,0.0,neutral
ddbfa87a32a7cd04,ETH,news,Barron's,"Bitcoin, XRP, Ethereum Drop as Cryptos Face Perfect Storm. Coinbase Stock Falls.",https://news.google.com/rss/articles/CBMijAFBVV95cUxNNHVycE1wMk44UloxcnczY1FLWUpmTm9IZjRhTVRNYjNrV2RJbktfeTY5cFluamdKREU1cXBER0lLbWlXN0tDTzhSWmFRS3Z4S0Z1X21BRGNwRm5MYmZVNVNmRVcxMzBwMmpzTzQ0QkZuVzN0SFA2VnZDQVBFQ0t5QWhMNHRCSFNPRUw2Nw?oc=5,2026-10-07T12:28:00+00:00,2026-10-07T13:19:42+00:00,0.3818,positive
07242cf520828904,ETH,news,CryptoTicker,"Ethereum at $2,598: will the 2,500 line hold?",https://news.google.com/rss/articles/CBMic0FVX3lxTFBVS1lOQ0FyZE1JeUV2WFAyYTNiV3NLVldLa1dWT0p3bXE2eTdJazRIaE9rV0c2U3lMSDF5bngxR01LMjJMLXZTRm5iYnFqX3A1VExOMnRGbFFQRmk1ODhZSUE1T09QRVFRZllqeHJFblRmQlE?oc=5,2026-10-07T12:18:28+00:00,2026-10-07T13:19:42+00:00,0.0,neutral
reddit_1wzuywa,SOL,reddit,r/solana,Transactions V1 activated on Sept 15. Which wallets are actually signing it for you?,https://www.reddit.com/r/solana/comments/1wzuywa/transactions_v1_activated_on_sept_15_which/,2026-10-07T12:15:58+00:00,2026-10-07T13:19:42+00:00,0.6369,positive
232f675155e5df63,SOL,news,CoinMarketCap,Solana Drops 2.5% Amid Broad Crypto Market Pullback,https://news.google.com/rss/articles/CBMicEFVX3lxTE0tR0d3OHZOdjc1Z2ZiR1FNR3ctaWtheG5iWmxxelVlU1JsM1luSEZxQW9mTDB5eVZaLUZTY2pIMEt3LVBXdTM1bXh6NF9EYnJYWXRlc2N4RngtcWgxakVheEtZWG9UeTlKNm05aTZGa3Q?oc=5,2026-10-07T12:06:00+00:00,2026-10-07T13:19:42+00:00,0.0,neutral
2760b50bd27cf4b6,ETH,news,24/7 Wall St.,"Ethereum Price Targets: From Citi's $3,028 to VanEck's $6,000. Currently, ETH Is at $2,617. Which Target Makes Sense?",https://news.google.com/rss/articles/CBMi9gFBVV95cUxNX3hYNjVxdlk4Qzg4U01XYlYzdFQ3bl8yd2dLRDBOYTBSUWhwRDVkZTRZX0tySnlnMlJFNnJ4aTFnaWxUMDJOcXgtY0ItczY4QXZMWVpkb3huSDdSdHJIQmp3ZnhBd1pKMUFYeGVJcnlhak1HU2szMmU5VUttU0pxYTViemlEcE1UV2lzcUxxbFVnMXRnelU3Y2ZrdzhLTFhwejdza3Z2Z3U4dE5ScmVrR2NqeTdOYUFmeUp3X0tHLTF4ZHYtN1pRNm5aZC1mOUotcDlaTi1laGlUYmdEQS1tOE9rbXpkanl4M0ZfODlyM3R1TW1KSXc?oc=5,2026-10-07T11:38:00+00:00,2026-10-07T13:19:42+00:00,0.0,neutral
92cb5465cff10b6e,BTC,news,Yahoo Finance,"Bitcoin and ethereum prices today, Wednesday, October 7, 2026: Crypto prices fade along with risk appetite",https://news.google.com/rss/articles/CBMiigJBVV95cUxNUTVGTGFzN2hmVUpkSU1fSmQ4UEQtQlUxb3Nad0c0Y1RZRXY4N2NST19Id0E5enVwTGZHWkJrLXJmNXJreTNTTjN5MWI5eFJzZk9YZTZXdXB0djF6OHRnR2tMU2tzYlpSNThRNHBhdTNrUWN0R25tYVpXZkJ5RjNha3RtYVBBTWpmMlN2TDg3ekllUUlXNnVzTkVMU0czZG1Rbi1GaU9EdE1FYVZCNmpmdDh4UjVxd0Z5OUd6NHlTaTF0dkhrZElSbFB3LWlOZ1hWaDhxdEFLMlU0VzF5bGR3VlB2OW4zNU13amlTekhnMlR2anBJUGthYU9ZTGpTR2ZfUm9YMVpXQ2wzdw?oc=5,2026-10-07T11:33:24+00:00,2026-10-07T13:19:42+00:00,-0.2732,negative
92cb5465cff10b6e,ETH,news,Yahoo Finance,"Bitcoin and ethereum prices today, Wednesday, October 7, 2026: Crypto prices fade along with risk appetite",https://news.google.com/rss/articles/CBMiigJBVV95cUxNUTVGTGFzN2hmVUpkSU1fSmQ4UEQtQlUxb3Nad0c0Y1RZRXY4N2NST19Id0E5enVwTGZHWkJrLXJmNXJreTNTTjN5MWI5eFJzZk9YZTZXdXB0djF6OHRnR2tMU2tzYlpSNThRNHBhdTNrUWN0R25tYVpXZkJ5RjNha3RtYVBBTWpmMlN2TDg3ekllUUlXNnVzTkVMU0czZG1Rbi1GaU9EdE1FYVZCNmpmdDh4UjVxd0Z5OUd6NHlTaTF0dkhrZElSbFB3LWlOZ1hWaDhxdEFLMlU0VzF5bGR3VlB2OW4zNU13amlTekhnMlR2anBJUGthYU9ZTGpTR2ZfUm9YMVpXQ2wzdw?oc=5,2026-10-07T11:33:24+00:00,2026-10-07T13:19:42+00:00,-0.2732,negative
05726593af36af58,BTC,news,Quartz,"Bitcoin drops below $84,000 as crypto liquidations surge",https://news.google.com/rss/articles/CBMibkFVX3lxTE9pZ3JFQk82S29ldDJlMF9TaVhjb0tzZl8za2xtWUxHWl9hamdJeFFxMVNsbVRjRTdwOXZvMW5nTFNrM053aEZTdU1pM3JqRWVYVndQWDRyNnN1OU10RkhNMHpOZGd2dUItd0NzWDJB?oc=5,2026-10-07T11:32:31+00:00,2026-10-07T13:19:42+00:00,0.128,positive
6ac191619fd10fc1,BTC,news,CoinDesk,"Here’s what bitcoin needs to break above $87,000",https://www.coindesk.com/daybook-us/2026/10/07/here-s-what-bitcoin-needs-to-break-above-usd87-000,2026-10-07T11:30:00+00:00,2026-10-07T13:19:42+00:00,0.0,neutral
e24e81d19908053f,BTC,news,CoinDesk,"Here’s what bitcoin needs to break above $87,000: Crypto Daily",https://news.google.com/rss/articles/CBMingFBVV95cUxQWG5DZW5ieE1TblNpaTJoVzFKbFktN1Y1SFVkTFo4b2xiaFFhSVV5Qlg0M29XUDBJUC1zR0MtUHF0dU9iRHpfd2JDM09NWjM1R1Mydy1vMDV2NnMxSTB1bWdDbjFieTRJRkI4anppaGhDdlRNN1ZBaGZMeV9lckFncXBLTGVOeWVJbEVHNU5IZkZiazA4MEl6amdkbGoxQQ?oc=5,2026-10-07T11:30:00+00:00,2026-10-07T13:19:42+00:00,0.0,neutral
e9a00d694cce0b0b,SOL,news,Coinpedia Fintech News,XRP Spot ETFs Outpace Solana as Institutional Demand Grows,https://news.google.com/rss/articles/CBMipAFBVV95cUxOdjhFM1A0YUlVVGNsTTYwcVFMYkxjSjFrMjhoVXBmU2xJSThNczFHSTlrZGVWWmt4Z1FENEtkRTRpNVFJMkdQUHNRRU9yb28xb09RNVBiMUZBQnl5Z2pYd21lVkxqZDlxWXhySlhKQUtoSWFvaUpJOXc1SHdodGcxVHNqYnZVS3F2cElmbVZxamU4SXRhMFVGTFYyRW1fUkF5RzVTddIBpAFBVV95cUxOdjhFM1A0YUlVVGNsTTYwcVFMYkxjSjFrMjhoVXBmU2xJSThNczFHSTlrZGVWWmt4Z1FENEtkRTRpNVFJMkdQUHNRRU9yb28xb09RNVBiMUZBQnl5Z2pYd21lVkxqZDlxWXhySlhKQUtoSWFvaUpJOXc1SHdodGcxVHNqYnZVS3F2cElmbVZxamU4SXRhMFVGTFYyRW1fUkF5RzVTdQ?oc=5,2026-10-07T11:28:01+00:00,2026-10-07T13:19:42+00:00,-0.128,negative
reddit_1wzty6j,SOL,reddit,r/solana,Venice Token VVV Launches on Solana via Sunrise,https://www.reddit.com/r/solana/comments/1wzty6j/venice_token_vvv_launches_on_solana_via_sunrise/,2026-10-07T11:22:37+00:00,2026-10-07T13:19:42+00:00,0.3612,positive
b861ee1bd9f7da0b,BTC,news,Fortune,"Current price of Ethereum for October 7, 2026",https://news.google.com/rss/articles/CBMiaEFVX3lxTE9WUXVKalFOSEt6QWVfTHFiMHpjMzlBaUlKRzNFazloYUVKc2JhbVExdUZ0YUNEdmluQUM0ZWpyY3pYUWdieDVKUno3ZFVqSUh5azNNakVMQUNSYmVNWE42OVFXYV9jd2w1?oc=5,2026-10-07T11:20:00+00:00,2026-10-07T13:19:42+00:00,0.0,neutral
b861ee1bd9f7da0b,ETH,news,Fortune,"Current price of Ethereum for October 7, 2026",https://news.google.com/rss/articles/CBMiaEFVX3lxTE9WUXVKalFOSEt6QWVfTHFiMHpjMzlBaUlKRzNFazloYUVKc2JhbVExdUZ0YUNEdmluQUM0ZWpyY3pYUWdieDVKUno3ZFVqSUh5azNNakVMQUNSYmVNWE42OVFXYV9jd2w1?oc=5,2026-10-07T11:20:00+00:00,2026-10-07T13:19:42+00:00,0.0,neutral
96deee03c293d80f,BTC,news,Fortune,"Current price of Bitcoin for Oct. 7, 2026",https://news.google.com/rss/articles/CBMiZ0FVX3lxTE80UUp4SkNPRWhiVEVpaUZ3VGtCQlJrWHgyRjFjWU14bUxrb2oxcGNuWVBjLVpiQWh0WjhfVnFOTEJVd0hTbHlyMlYweXU5d2tYM0EzaDgyWGRtOGplLTE3aktvc3FHSFk?oc=5,2026-10-07T11:15:00+00:00,2026-10-07T13:19:42+00:00,0.0,neutral
8bb596edf0151ee8,BTC,news,Fortune,"Current price of Bitcoin for October 7, 2026",https://news.google.com/rss/articles/CBMiZ0FVX3lxTE80UUp4SkNPRWhiVEVpaUZ3VGtCQlJrWHgyRjFjWU14bUxrb2oxcGNuWVBjLVpiQWh0WjhfVnFOTEJVd0hTbHlyMlYweXU5d2tYM0EzaDgyWGRtOGplLTE3aktvc3FHSFk?oc=5,2026-10-07T11:15:00+00:00,2026-10-07T23:04:10+00:00,0.0,neutral
85a26fef530e98a7,ETH,news,CoinDesk,"Live updates: Cryptos tumble, with ETH down 5% as Tom Lee confirms Bitmine buying limit",https://www.coindesk.com/business/2026/10/07/live-updates-bitcoin-slides-under-usd84-000-as-usd550-million-in-bets-get-liquidated,2026-10-07T11:09:50+00:00,2026-10-07T13:19:42+00:00,0.0,neutral
d14d4d0db5ef6001,BTC,news,CoinDesk,Live updates: Bitcoin edges up from worst levels as yields pull back,https://www.coindesk.com/business/2026/10/07/live-updates-bitcoin-slides-under-usd84-000-as-usd550-million-in-bets-get-liquidated,2026-10-07T11:09:50+00:00,2026-10-07T23:04:10+00:00,-0.6249,negative
a9f235b9e4cdc5b8,ETH,news,FXStreet,"Crypto Today: Bitcoin, Ethereum and XRP fall liquidating $550M",https://news.google.com/rss/articles/CBMiuwFBVV95cUxOT1lfNmdWTGpsVDB2RmZxcUYySUZTSVVCOWxzS3JTaTFzdl9Gal9PSnY0RXY1MmlLMmN2UnV3cnNQSXFiTUJlSHNQR3lFUG9mTEZiZjdrRk5pMm54aHFQNUVnd3pyWmJQNUN5Mk9fc25vVy1FWU4xNFMwNXhOR2RKSTFrckdWdnFIUWNXZ0JTOXMxc1U4cWExT2NNQXFPSzdJWXo1M1g2dDEwbnR5NHljd3lzdVFMRkY0UHlJ?oc=5,2026-10-07T11:03:20+00:00,2026-10-07T13:19:42+00:00,0.0,neutral
reddit_1wzth6d,ETH,reddit,r/CryptoCurrency,FOCIL is scheduled for Hegota. Including transactions on Ethereum becomes a protocol rule.,https://www.reddit.com/r/CryptoCurrency/comments/1wzth6d/focil_is_scheduled_for_hegota_including/,2026-10-07T10:55:42+00:00,2026-10-07T23:04:10+00:00,0.0352,neutral
reddit_1wzte96,BTC,reddit,r/Bitcoin,Bitcoin ATMs used to target US seniors,https://www.reddit.com/r/Bitcoin/comments/1wzte96/bitcoin_atms_used_to_target_us_seniors/,2026-10-07T10:50:41+00:00,2026-10-07T13:19:42+00:00,0.0,neutral
2d4e85bf64b6c473,BTC,news,Forbes,‘Opened The Floodgates’—BlackRock Confirms Huge Bitcoin ETF Price Game-Changer,https://news.google.com/rss/articles/CBMizAFBVV95cUxNdEVfLURYbDZMR1NWTmt4dFR0SUJLeVlaV0p5d0lFLXF1YnNOUElnX0FuOXduSjVmYWs1ajBsdXEtZmplVTNSTkRCLVVvalJNNWV3NkxPUmRXTndXdF9hb3ppSUk5cm5EUWxESmUtLU9SaXYwUjl4aTRCbGtkamlWdklwbDYtaXU4Ukc2WFBtVFpNbGtxa2tjcUE4a0NfQS1JZ0N5VThXQ3plcURoT0NKTFdQempHQ0c3V1hLY0NEXzJQZ2RUdldTdVRtTnE?oc=5,2026-10-07T10:48:56+00:00,2026-10-07T13:19:42+00:00,0.3182,positive
694d2705b3d7a426,BTC,news,Barron's,"Bitcoin, XRP, Other Cryptos Face Perfect Storm. Coinbase, Robinhood Stocks Fall.",https://news.google.com/rss/articles/CBMijwFBVV95cUxOQnB4My1DU2RKd0lYOHQwUzJnWDUwOGE0c01xZTl4S3ZOS3FtU0pXR05kRFdRX3BadWJEc2FFZFZBVUZzeEJ6bC1pR21YbE1vcmFjZEFvVnZxNmhNXzVvd003RlMzYnc0Mk4yZ0YxZGpkNVRKekE1R3oyRi1mdFJxSVlxSGVtV2tjTmMzUWJWNA?oc=5,2026-10-07T10:41:00+00:00,2026-10-07T13:19:42+00:00,0.5719,positive
a8e29e459dcfb918,BTC,news,Barron's,"Coinbase, Robinhood Stocks Fall. The Crypto Rally Is Facing a Perfect Storm.",https://news.google.com/rss/articles/CBMijwFBVV95cUxOQnB4My1DU2RKd0lYOHQwUzJnWDUwOGE0c01xZTl4S3ZOS3FtU0pXR05kRFdRX3BadWJEc2FFZFZBVUZzeEJ6bC1pR21YbE1vcmFjZEFvVnZxNmhNXzVvd003RlMzYnc0Mk4yZ0YxZGpkNVRKekE1R3oyRi1mdFJxSVlxSGVtV2tjTmMzUWJWNA?oc=5,2026-10-07T10:41:00+00:00,2026-10-07T23:04:10+00:00,0.7717,positive
25884317a3b576ea,BTC,news,CoinDesk,Bitcoin’s recovery stalls just short of rescuing its last underwater cohort,https://www.coindesk.com/markets/2026/10/07/bitcoin-s-recovery-stalls-just-short-of-rescuing-its-last-underwater-cohort,2026-10-07T10:38:23+00:00,2026-10-07T13:19:42+00:00,0.0,neutral
55ff67d17b156046,BTC,news,CoinDesk,"Bitcoin cost bases point to resistance at $88,000 and support near $82,300",https://news.google.com/rss/articles/CBMiuwFBVV95cUxNQWk1MTZKUllZSDN5dVJDYUhkUFRyTlhZS25OWHBTbXNqcGRWcFBSeTNyYlVPbUlVYkZNNVVkM1FHamRCU3Q2TnhUdHRUdDJvQjRfNTlxcGh0bk84Y0xsaDBXVlNkcy1JcFpQVUJGM0YxTm44dUVnTGRmV2FvMkVINzZxejJocEloX2ExM1RUNnRNQ2V2YXJfSmR0dk84NUlVUkFSdGJfdGFlVm1qWG16Mm5ubmRLOXJTNlRr?oc=5,2026-10-07T10:38:23+00:00,2026-10-07T13:19:42+00:00,0.4019,positive
8cdaf142f6809e28,SOL,news,Bitget,Bitcoin and XRP dominate US spot ETF market as Solana lags behind,https://news.google.com/rss/articles/CBMiY0FVX3lxTE00OEpKLTBicXBKYTR0NkJQRF9rUFdKMUdxMGN6OUMweWMtYkU4Znd0YWRmZHNnWm8takwxOFR1MXk1VVVlT0hZcHBxZ21TenZncjlZU2lTdlE3em1kUTU5OGhfQdIBY0FVX3lxTE00OEpKLTBicXBKYTR0NkJQRF9rUFdKMUdxMGN6OUMweWMtYkU4Znd0YWRmZHNnWm8takwxOFR1MXk1VVVlT0hZcHBxZ21TenZncjlZU2lTdlE3em1kUTU5OGhfQQ?oc=5,2026-10-07T10:38:08+00:00,2026-10-07T13:19:42+00:00,-0.4588,negative
5a60cdf6a40ff648,BTC,news,CoinDesk,"Bitcoin slips below $84,000 as oil rally hits crypto, layer-2 tokens lead losses: Crypto Markets Today",https://news.google.com/rss/articles/CBMivwFBVV95cUxNeVBmUk0wRXJJZ056dDAtaFB2b3ZUNjhZWnIzems5cFdFT1NJcEhIYmxwUTRzbkttN1ZILXl4M0ZPcUNReDd3cUJqd2ZxbExUb2Q0blVhdUFqV2tZS1BfYXEtNmJfbE1aaHlZNDhJRU9BVGZWRjN1XzBhVkRFTmdhdGpXclZFSGJ6RHh4azZZQ1NMWkZrdGNPVjA1UVpFQWFMTWN1Rk5rV01nY3RmN1U5b2ljWEQxNm9qWS0wMVI1VQ?oc=5,2026-10-07T10:35:09+00:00,2026-10-07T13:19:42+00:00,0.0772,positive
1eefb1844f0a2ec9,BTC,news,Bitcoin Foundation,"Why Did Crypto Just Drop? $12.5M Bitcoin Shorts, Iran Tensions and $500M in Liquidations Explain the Crash",https://news.google.com/rss/articles/CBMi4AFBVV95cUxPcjIzel9VSWJJYWg5LXhKTnZFTFk2Y2NKQVVlbVlsWjhENTJ0WkJQWlFEOHV5aWxMd0R1WjdUeTNldDNsZmQ3QmJCN0QwU1BWU2xsRnZfb2J5QVhkRXpDUkplQzBnTFdCZ1NHcDRPWVJPNlpXc0lBTFlobUN6NEZuWFRmS0p2Ung1QkpLc3pXQk0wZ01FMUpFajhmeVpjSnpSa2IyYkp6cVdCelZSR3RjTUI1UU1RQU5GSE15c3NGOVlMTGgyODV1dzlhX0VQRVR0NGU1c1A1MVV2akJselRhRQ?oc=5,2026-10-07T10:14:23+00:00,2026-10-07T13:19:42+00:00,-0.8834,negative
1eefb1844f0a2ec9,ETH,news,Bitcoin Foundation,"Why Did Crypto Just Drop? $12.5M Bitcoin Shorts, Iran Tensions and $500M in Liquidations Explain the Crash",https://news.google.com/rss/articles/CBMi4AFBVV95cUxPcjIzel9VSWJJYWg5LXhKTnZFTFk2Y2NKQVVlbVlsWjhENTJ0WkJQWlFEOHV5aWxMd0R1WjdUeTNldDNsZmQ3QmJCN0QwU1BWU2xsRnZfb2J5QVhkRXpDUkplQzBnTFdCZ1NHcDRPWVJPNlpXc0lBTFlobUN6NEZuWFRmS0p2Ung1QkpLc3pXQk0wZ01FMUpFajhmeVpjSnpSa2IyYkp6cVdCelZSR3RjTUI1UU1RQU5GSE15c3NGOVlMTGgyODV1dzlhX0VQRVR0NGU1c1A1MVV2akJselRhRQ?oc=5,2026-10-07T10:14:23+00:00,2026-10-07T13:19:42+00:00,-0.8834,negative
d426cbeb6c3e3a77,BTC,news,Bitcoin Foundation,Bitcoin.de Turns to Regulated Partners After BaFin Rejects MiCA License,https://news.google.com/rss/articles/CBMiugFBVV95cUxNbkZFMDNHZTNUdTkyb1drdlJvdHJEVW95ZVhlR21jeEZhNUFsRmN5UkZQdkZZV2xheGhwR0docm9hMWV4UXNmSUtaeEV5dG9oVXZiXzVKd0FxcnkydDExdjMzemltamF1QndlNjN1T0tUT1p3ZlVqUktHQ2FEdW90d2xpVVJ6dGpvRzVRTTV1bmdmQVhWRUFYY25XSUZUOGlPaVhVSnRHVmdIX0hmQzQ2TjY1a0JYZTNpU0E?oc=5,2026-10-07T10:14:23+00:00,2026-10-07T23:04:10+00:00,-0.4939,negative
7d9f0ba4e103526e,BTC,news,Yahoo Finance,Bitcoin’s Worst Day Is Returning. The Same October Week Now Has a New Market Threat,https://news.google.com/rss/articles/CBMingFBVV95cUxPUEVwTEZpSEMteTNKN2U0QlVWYlllcndzRDVQalJma1BLNVROVzBuZzdhM1RzaFh6dmRITkJVMmVicWVUZmQwT3FMdHdzVDFTdDkwb3UxYWVraFYwRWNHZlNpMFl5a3lHR0NqVDVacGIwY1VvNVZYUWx0bm9XajhUbFBWQXlPdTVpWE5nRWdUOE90X0dUNUFUQ3YtSVVhQQ?oc=5,2026-10-07T10:09:15+00:00,2026-10-07T13:19:42+00:00,-0.8176,negative
ad0d9050b0cf877f,BTC,news,Decrypt,Prosecutors Cite Bitcoin Fog Ruling Against Roman Storm's Venue Challenge,https://decrypt.co/380260/prosecutors-cite-bitcoin-fog-ruling-against-roman-storms-venue-challenge,2026-10-07T09:58:06+00:00,2026-10-07T13:19:42+00:00,0.0772,positive
8615fb7d4ef00136,BTC,news,Cointelegraph,"‘Old money’ has stronger Bitcoin ‘diamond hands,’ says BingX exec",https://cointelegraph.com/news/bingx-old-money-bitcoin-diamond-hands-token2049?utm_source=rss_feed&utm_medium=rss&utm_campaign=rss_partner_inbound,2026-10-07T09:57:19+00:00,2026-10-07T13:19:42+00:00,0.4939,positive
9f322039bb9a902f,SOL,news,Benzinga,China vs. Crypto Isn’t Over Yet: Solana CEO Says Beijing Is Studying the Technology ‘Very Closely’ — 'The,https://news.google.com/rss/articles/CBMi6AFBVV95cUxQeVN1Y2sxRWlRaTZ3ZTd6alRBRTRjV1E5bVdIdXlhRTJhT19TV240dFJkWlVTckdGcDlBLWVpcmF6RDB5XzdBd0JQTXI2dnY0WTQxeFFPTDdoYjlrVWxMN3NRbkZPNUNJOEo2Wld3WlA5NThvU0ljZHRsaGs2cTg3Y3VVWHRHbkVzRy03ZHNxYWJ6a2hCYTZ1Qi13YllOcVB6M1p6aG12ci1FZW9nSGdQb01IV01ldmdCQmxFMHd5cHR6Y21FbWo2QzZqMDhHTVUzZ183eWs5VXlTZjlDYVBRN0dxVlVoNHFP?oc=5,2026-10-07T09:51:18+00:00,2026-10-07T13:19:42+00:00,0.0,neutral
7977fa8d2e077194,SOL,news,Benzinga,China vs. Crypto Isn’t Over Yet: Solana Company CEO Says Beijing Is Studying the Technology ‘Very Closely,https://news.google.com/rss/articles/CBMi6AFBVV95cUxQeVN1Y2sxRWlRaTZ3ZTd6alRBRTRjV1E5bVdIdXlhRTJhT19TV240dFJkWlVTckdGcDlBLWVpcmF6RDB5XzdBd0JQTXI2dnY0WTQxeFFPTDdoYjlrVWxMN3NRbkZPNUNJOEo2Wld3WlA5NThvU0ljZHRsaGs2cTg3Y3VVWHRHbkVzRy03ZHNxYWJ6a2hCYTZ1Qi13YllOcVB6M1p6aG12ci1FZW9nSGdQb01IV01ldmdCQmxFMHd5cHR6Y21FbWo2QzZqMDhHTVUzZ183eWs5VXlTZjlDYVBRN0dxVlVoNHFP?oc=5,2026-10-07T09:50:55+00:00,2026-10-07T23:04:10+00:00,0.0,neutral
reddit_1wzsf2p,BTC,reddit,r/Bitcoin,Bitcoin,https://www.reddit.com/r/Bitcoin/comments/1wzsf2p/bitcoin/,2026-10-07T09:50:18+00:00,2026-10-07T13:19:42+00:00,-0.8943,negative
289fc8120e024025,BTC,news,Bloomberg.com,Bitcoin Falls as $600 Million in Risky Crypto Bets Wiped Out,https://news.google.com/rss/articles/CBMitAFBVV95cUxOaVBQZFF1aFZqb1I4dnpJTEJUMHh1RDhMRHVZWlBJOGcxOUxwS081WmZqMm9SSTZIY09URTJ1SUNoMFRlbnFuNHFjY3k5NlZoXzF1THdRLWVvUE5tRVkzUWxKY0pHcWRHdlhHZ29XandrOFFfWFp6WTBsS3hpdG9aaWYzZ19kQ1VVNTZ4Yk9VRmxEWFB4MThsZFRtX04ybHBNR2FPQ3lqQWFxUkVhSWpsbS1falk?oc=5,2026-10-07T09:48:45+00:00,2026-10-07T13:19:42+00:00,-0.2023,negative
bd4332a5e1e3cccb,BTC,news,Bloomberg.com,Bitcoin Falls as $720 Million in Risky Crypto Bets Wiped Out,https://news.google.com/rss/articles/CBMitAFBVV95cUxOaVBQZFF1aFZqb1I4dnpJTEJUMHh1RDhMRHVZWlBJOGcxOUxwS081WmZqMm9SSTZIY09URTJ1SUNoMFRlbnFuNHFjY3k5NlZoXzF1THdRLWVvUE5tRVkzUWxKY0pHcWRHdlhHZ29XandrOFFfWFp6WTBsS3hpdG9aaWYzZ19kQ1VVNTZ4Yk9VRmxEWFB4MThsZFRtX04ybHBNR2FPQ3lqQWFxUkVhSWpsbS1falk?oc=5,2026-10-07T09:48:45+00:00,2026-10-07T23:04:10+00:00,-0.2023,negative
7b58d16e3313465c,BTC,news,Cointelegraph,Crypto liquidations hit $550M as Bitcoin price dips below $84K,https://cointelegraph.com/markets/crypto-liquidations-hit-550m-as-bitcoin-price-dips-below-84k?utm_source=rss_feed&utm_medium=rss&utm_campaign=rss_partner_inbound,2026-10-07T09:45:35+00:00,2026-10-07T13:19:42+00:00,-0.6249,negative
ea4023644eab3c41,SOL,news,HedgeCo.Net,"U.S. Crypto ETFs Opened the Week With $117.9 Million of Outflows Across Bitcoin, Ether and Solana Funds",https://news.google.com/rss/articles/CBMi1AFBVV95cUxOcUZFVzh4ZHBZLVlEZzlMT3BqcGZPUWlXTnFXQXlLaVcxWjZPUEVGZUlKalFxSTB3WWhjZVVCeUJWakl6SktwdnlnSVlOM3RES0Q3c0RqM3QyeWdZT3BOZUhYdlRzR2ZsVWwzSE1TUGhSNmk0VHNuMjRxZGNNUnc4VVNIV3MxMElpWC00VHVUdDZzQ3ItSHBzVmFiZmx0dDhuUHRWQWZ4a3dJemRHUXF1VDBIZ0RSUFFTQlFvdmxWbXhIRFh4bkpFZUNzS2lCR3U2cHJrLQ?oc=5,2026-10-07T09:44:36+00:00,2026-10-07T13:19:42+00:00,-0.25,negative
f50ffb556fb4e614,SOL,news,Altcoin Buzz,Backpack Adds Tokenized Brazil ETF and Cerebras Stock to Solana,https://news.google.com/rss/articles/CBMigwFBVV95cUxNT3RRdWxPWDl0STBKYWsycV9oVFU5QkdJbHUxVlIzb3hGeXBEVzVrazBBSEplT0lpUXU1U2dNN0I1T1cyVk1PekVuRUlQYjdETXFZdlRyVjJvYlU2THRQQlZlcUo3aGw2QzRfUHJ6VHc2N2JTRWlON3BlbzVTajQwUEwtQQ?oc=5,2026-10-07T09:09:09+00:00,2026-10-07T13:19:42+00:00,0.0,neutral
reddit_1wzrqim,BTC,reddit,r/Bitcoin,A P2P Bitcoin exchange doesn't necessarily need to hold user balances,https://www.reddit.com/r/Bitcoin/comments/1wzrqim/a_p2p_bitcoin_exchange_doesnt_necessarily_need_to/,2026-10-07T09:05:49+00:00,2026-10-07T13:19:42+00:00,0.5413,positive
26911887c7909aeb,BTC,news,Cointelegraph,Bitcoin ETFs rebound with $119M inflow as Ether extends losses,https://cointelegraph.com/markets/bitcoin-etf-rebound-119m-inflow-ether-extend-losses?utm_source=rss_feed&utm_medium=rss&utm_campaign=rss_partner_inbound,2026-10-07T09:03:38+00:00,2026-10-07T13:19:42+00:00,0.164,positive
26911887c7909aeb,ETH,news,Cointelegraph,Bitcoin ETFs rebound with $119M inflow as Ether extends losses,https://cointelegraph.com/markets/bitcoin-etf-rebound-119m-inflow-ether-extend-losses?utm_source=rss_feed&utm_medium=rss&utm_campaign=rss_partner_inbound,2026-10-07T09:03:38+00:00,2026-10-07T13:19:42+00:00,0.164,positive
c892d6c0537e5618,BTC,news,Decrypt,"Ledger Launches Bitcoin Loans, Letting Holders Borrow Without Selling",https://decrypt.co/380224/ledger-bitcoin-loans-holders-borrow-without-selling,2026-10-07T09:01:03+00:00,2026-10-07T13:19:42+00:00,0.4767,positive
b584b197db7ad68f,SOL,news,AMBCrypto,Solana gets JPMorgan input on settlement: What could SOL gain?,https://news.google.com/rss/articles/CBMiiwFBVV95cUxOOWVvV0p4UUlaRGZ4Vy1Icnh3akpxem9WUDhqQjBSOGdleU5kTEJrR3Q1MzZpNUJPenR1SjE4UDJPSTU5ZUJERGdXYm54cUg5LXZBU0xJUFU0Ti1sRDF1cE5rUDFDWEZZd282bjh1cXdQWHZjejkxa3c5aFItZ0p5VUFmMnBLYlRxVkRz?oc=5,2026-10-07T09:00:05+00:00,2026-10-07T13:19:42+00:00,0.5267,positive
8504523c500c605e,BTC,news,TradingView,"Why Is Crypto Down Today? Bitcoin, Ethereum, XRP and Dogecoin Slip After $400M Liquidation Wave",https://news.google.com/rss/articles/CBMi7gFBVV95cUxQMVpDc2VPRTJ1R1lUNGVzRVRqVjNVeTB4cTB5dW54VEpWY2FZdUZrOWVQT1RiTkdLWE1LZGFWM2t0WnpESmItRy1GMk5BZi1oZVRqallqdmxHRlpZQkRrR2lQMDROdE4xN0x4YmZ3VlBZWHRObTVTWG1OMUVNTXJ1ZTl1Q3JYN3FaNzhpVUttVElOaUl2ZkF2VG01ZkhVS3RnQTZteWpMRjY4eS1hT3VsTFpleFAzNWhWVnV0cUx4TjJKQzVOdmZ3Vl9NVkludHl0b0lBQmltRzhUMGItUWlQQXpoMkg2bUtxd2s0WklB?oc=5,2026-10-07T09:00:00+00:00,2026-10-07T13:19:42+00:00,0.0,neutral
8504523c500c605e,ETH,news,TradingView,"Why Is Crypto Down Today? Bitcoin, Ethereum, XRP and Dogecoin Slip After $400M Liquidation Wave",https://news.google.com/rss/articles/CBMi7gFBVV95cUxQMVpDc2VPRTJ1R1lUNGVzRVRqVjNVeTB4cTB5dW54VEpWY2FZdUZrOWVQT1RiTkdLWE1LZGFWM2t0WnpESmItRy1GMk5BZi1oZVRqallqdmxHRlpZQkRrR2lQMDROdE4xN0x4YmZ3VlBZWHRObTVTWG1OMUVNTXJ1ZTl1Q3JYN3FaNzhpVUttVElOaUl2ZkF2VG01ZkhVS3RnQTZteWpMRjY4eS1hT3VsTFpleFAzNWhWVnV0cUx4TjJKQzVOdmZ3Vl9NVkludHl0b0lBQmltRzhUMGItUWlQQXpoMkg2bUtxd2s0WklB?oc=5,2026-10-07T09:00:00+00:00,2026-10-07T13:19:42+00:00,0.0,neutral
955be006430b0fb1,BTC,news,CoinDesk,Robinhood adds $25 million of bitcoin to its balance sheet,https://www.coindesk.com/markets/2026/10/07/robinhood-adds-bitcoin-worth-usd25-million-to-its-balance-sheet-report,2026-10-07T08:53:27+00:00,2026-10-07T13:19:42+00:00,0.0,neutral
adece2910bd21d27,BTC,news,Yahoo Finance,"Morgan Stanley Runs Bitcoin, Ethereum and Solana ETFs at a 0.14% Fee. Which Coin Gets Its Money First?",https://news.google.com/rss/articles/CBMiowFBVV95cUxNOXdPay04ZThYSDV3bWRwa1NpSkVvUW5RUlNuSmxaVEJoVGpUejU3WW1oaTVUSmxUWmFFQWZUWkxqNF9HeDNGOW1KQms4NFcwM2o0R1NWMmR0MDZJSU1yVnR2VmxQTjJiaF8yTVU4VFBuQkRJaTFUSHhyb1BzbDBjR0hZQ3Q2OEs2bS1lbWVnZzRCOXA3RkdEbklEdEw1MDhpbmk0?oc=5,2026-10-07T08:51:55+00:00,2026-10-07T13:19:42+00:00,0.0,neutral
adece2910bd21d27,ETH,news,Yahoo Finance,"Morgan Stanley Runs Bitcoin, Ethereum and Solana ETFs at a 0.14% Fee. Which Coin Gets Its Money First?",https://news.google.com/rss/articles/CBMiowFBVV95cUxNOXdPay04ZThYSDV3bWRwa1NpSkVvUW5RUlNuSmxaVEJoVGpUejU3WW1oaTVUSmxUWmFFQWZUWkxqNF9HeDNGOW1KQms4NFcwM2o0R1NWMmR0MDZJSU1yVnR2VmxQTjJiaF8yTVU4VFBuQkRJaTFUSHhyb1BzbDBjR0hZQ3Q2OEs2bS1lbWVnZzRCOXA3RkdEbklEdEw1MDhpbmk0?oc=5,2026-10-07T08:51:55+00:00,2026-10-07T13:19:42+00:00,0.0,neutral
adece2910bd21d27,SOL,news,Yahoo Finance,"Morgan Stanley Runs Bitcoin, Ethereum and Solana ETFs at a 0.14% Fee. Which Coin Gets Its Money First?",https://news.google.com/rss/articles/CBMiowFBVV95cUxNOXdPay04ZThYSDV3bWRwa1NpSkVvUW5RUlNuSmxaVEJoVGpUejU3WW1oaTVUSmxUWmFFQWZUWkxqNF9HeDNGOW1KQms4NFcwM2o0R1NWMmR0MDZJSU1yVnR2VmxQTjJiaF8yTVU4VFBuQkRJaTFUSHhyb1BzbDBjR0hZQ3Q2OEs2bS1lbWVnZzRCOXA3RkdEbklEdEw1MDhpbmk0?oc=5,2026-10-07T08:51:55+00:00,2026-10-07T13:19:42+00:00,0.0,neutral
c43f4957c293f128,ETH,news,Cointelegraph,Bitmine sets 5% Ether supply ‘hard cap’ as accumulation target nears,https://cointelegraph.com/news/bitmine-ether-5-percent-supply-hard-cap?utm_source=rss_feed&utm_medium=rss&utm_campaign=rss_partner_inbound,2026-10-07T08:50:02+00:00,2026-10-07T13:19:42+00:00,0.0,neutral
cd8e33ad898bd51d,ETH,news,24/7 Wall St.,The Government Just Dropped Its Plan to Track Your Crypto Wallet. Here’s What Changes,https://news.google.com/rss/articles/CBMizwFBVV95cUxQaE5KX05uYXBCUGVOMExXMVctMkFVcUFHSlA5eUxYUW85ZmpiV3c4NFhvZTA5S2o2Slptby1BMXZ2TThOMWtoVWhWbV9abk54T04tc21SYl9Fd3FwZ2Z3ZHVPSW93VklCdnNkS0s2NXBreHRNWUJWMk5VdUstWGk0cWdQb0VFY0s5aFk1VzJlY0Npam9kdTV0T0NyUFZib2dzeFNwbjJxZTNYUEduS0NLU2dyMzZPUEEwRmtxT0hKUTE1Qkc1WHFRSjdwOXdxMTg?oc=5,2026-10-07T08:41:00+00:00,2026-10-07T13:19:42+00:00,0.0,neutral
3f23ff03ac24b979,SOL,news,Pluang,"Bitcoin and XRP lead U.S. crypto spot ETFs, out...",https://news.google.com/rss/articles/CBMigwFBVV95cUxOOWV0TnAwS1pVU3FINzFmRFprRzkzeWFmRkZ0THpJMGxyQXJicWpTaTdFdTVZZ0g2M2tFYlV2NmlFZlRYS3BiSHY0X3dmNG1PaTBiR01uRmRMYzhON1lySEo0QnlVUlh2eDdsV044Y2hoVmFvbzhzN1F3Y2FJMGQ4OVo2SQ?oc=5,2026-10-07T08:37:19+00:00,2026-10-07T23:04:10+00:00,0.0,neutral
2cf91ce3f890dbaf,ETH,news,Incrypted,CryptoQuant: Analysts Are Most Bullish on Solana and Ethereum,https://news.google.com/rss/articles/CBMijwFBVV95cUxQSHVWb1BjMWUwX1BlSFdkUlZ1RDV0eVlTd3JRSU5DV2tWU0dHb3ZVVkpKVTJiOXVHcmFoS2RybkNKTGdMRUJlUTdHX3g1MU1TYjlZcnFlWXJseVJBTWtuTEFqR0RfMWhKRFRTVlVYY0FsUnI2TkhqbnFWNDBOZWpSU0drdVRtQUxYdjRWeENrcw?oc=5,2026-10-07T08:25:33+00:00,2026-10-07T23:04:10+00:00,0.5849,positive
2cf91ce3f890dbaf,SOL,news,Incrypted,CryptoQuant: Analysts Are Most Bullish on Solana and Ethereum,https://news.google.com/rss/articles/CBMijwFBVV95cUxQSHVWb1BjMWUwX1BlSFdkUlZ1RDV0eVlTd3JRSU5DV2tWU0dHb3ZVVkpKVTJiOXVHcmFoS2RybkNKTGdMRUJlUTdHX3g1MU1TYjlZcnFlWXJseVJBTWtuTEFqR0RfMWhKRFRTVlVYY0FsUnI2TkhqbnFWNDBOZWpSU0drdVRtQUxYdjRWeENrcw?oc=5,2026-10-07T08:25:33+00:00,2026-10-07T23:04:10+00:00,0.5849,positive
2bb6c4a4e9ed41be,ETH,news,AOL.com,"What Can Ethereum Do That Bitcoin Can’t? The Difference in Plain English, and Why It Matters for the Price",https://news.google.com/rss/articles/CBMihgFBVV95cUxQMzNjYlcxMlZVNFFfZHZOa2FNdlBYUy1FS2J4MHp0YzAxU2FNY2RtQm50SkQ3bmEwWUExem13UlJUbEJFY1FPM2lhUHZUczc5dmdKRGdlYUdVRThtemNGSU9BQzdWWWV5TS1EdTVFMjhtX0xTNjJ2ZFNWeVNyWjRuVG9lQmJYUQ?oc=5,2026-10-07T08:09:22+00:00,2026-10-07T23:04:10+00:00,0.0258,neutral
2a29c95c488d674e,BTC,news,24/7 Wall St.,"What Can Ethereum Do That Bitcoin Can't? The Difference in Plain English, and Why It Matters for the Price",https://news.google.com/rss/articles/CBMi9AFBVV95cUxOR1ExcGJJZ09YRURyOUVCSXFZUlowOTFTMl93SWFjc0FUZ3pRcjl3TW1rUnZONlVtRkFYRHltVW5XSF9yanhSLUhaNW5jZmdUR2NnXzM1Zkg4WDFsaFlpd1h6al8xdUZINUdPZEM5dHFWNHFvVFJHMUdvVUdiUU1TTXFNYmE4bjM2YXhWdEE2TUdjdU9yc0VPdzBWWl91S20zMkdRSTNraDdjeXc1U3N2QWhkM1BaX3BRWHBpa01oZmxYMThudV9STFVrU2VWM3lqdk0wd3FFa0xfbkFmakM4Q2hLbjFTUmJQcndFLXYyVWpLSjAt?oc=5,2026-10-07T08:09:00+00:00,2026-10-07T13:19:42+00:00,0.0258,neutral
2a29c95c488d674e,ETH,news,24/7 Wall St.,"What Can Ethereum Do That Bitcoin Can't? The Difference in Plain English, and Why It Matters for the Price",https://news.google.com/rss/articles/CBMi9AFBVV95cUxOR1ExcGJJZ09YRURyOUVCSXFZUlowOTFTMl93SWFjc0FUZ3pRcjl3TW1rUnZONlVtRkFYRHltVW5XSF9yanhSLUhaNW5jZmdUR2NnXzM1Zkg4WDFsaFlpd1h6al8xdUZINUdPZEM5dHFWNHFvVFJHMUdvVUdiUU1TTXFNYmE4bjM2YXhWdEE2TUdjdU9yc0VPdzBWWl91S20zMkdRSTNraDdjeXc1U3N2QWhkM1BaX3BRWHBpa01oZmxYMThudV9STFVrU2VWM3lqdk0wd3FFa0xfbkFmakM4Q2hLbjFTUmJQcndFLXYyVWpLSjAt?oc=5,2026-10-07T08:09:00+00:00,2026-10-07T13:19:42+00:00,0.0258,neutral
4b885d87a5b627ad,BTC,news,CoinDesk,Down but not out. Bitcoin's stair-step bullish trajectory is still intact,https://www.coindesk.com/markets/2026/10/07/down-but-not-out-bitcoin-s-stair-step-bullish-trajectory-is-still-intact,2026-10-07T07:52:22+00:00,2026-10-07T13:19:42+00:00,0.7876,positive
5516735da452d302,SOL,news,bloomingbit,Solana Foundation Chair Says Tokenization’s Core Value Is Expanding Access to US Assets,https://news.google.com/rss/articles/CBMiVEFVX3lxTFBycU9WVmx2b1VpYUNmYUx4LWhvdEdmaG5PRmpLc1lFSkFMcjB3cXlWVVVHMlp5Y1NkN0taZFBUWTQtMjctWHdIc1hJQmp4WUktdXNKbQ?oc=5,2026-10-07T07:45:05+00:00,2026-10-07T13:19:42+00:00,0.4767,positive
ead1cc0bb808edc4,BTC,news,Yahoo Finance,"Bitcoin drops to $83k amid pressure from rising oil prices, yields",https://news.google.com/rss/articles/CBMinAFBVV95cUxNQXpoZEtTVWpqTWxpZDVfOWw5RXlicEtOdWxxcFdXaHRKOTBtekdVWE9IdVRURG43eWlGazkzaWZJcUNOWUU5cGtIRDVYMWZXbFh0NWFfalpHeUV5NGNMT1dNRVVkVU1FSVFHVmtmMENLS042REVtUUgtWXFtMjFYMjBqTWpEUENJQ04xY2NNdDR1SFB3U05uWGZmN0o?oc=5,2026-10-07T07:24:08+00:00,2026-10-07T23:04:10+00:00,-0.296,negative
18b2a6acfafe49d5,BTC,news,Yahoo Finance,Will the Crypto Market Repeat 10-10? Here's What the Data Says,https://news.google.com/rss/articles/CBMilgFBVV95cUxPc2xxQnU0bmh3N3kwNlFzMXZ0Y2pHUS0yZEpSRjF4Q0lCWHpVR1V1UTVhajVrdnJMZzNZbk1XU0FrVWhuNENKQk9ObWMxSE1kT1dpVlJsOEpFc3ZfYkJZenBZYUl1eklUaS1SMEVRclBvdVhXOVZ2NHZXRTAyLUJTaGxhOFVlSVp2YTlhWFlXVDZ6Y2ZCSGc?oc=5,2026-10-07T07:21:54+00:00,2026-10-07T13:19:42+00:00,0.0,neutral
ea4dd81e7d0143bb,BTC,news,Cointelegraph,DOJ invokes Bitcoin Fog ruling in potential blow to Roman Storm acquittal bid,https://cointelegraph.com/news/roman-storm-bitcoin-fog-doj-acquittal-bid?utm_source=rss_feed&utm_medium=rss&utm_campaign=rss_partner_inbound,2026-10-07T07:10:59+00:00,2026-10-07T13:19:42+00:00,0.0,neutral
1ba9045bee75b143,BTC,news,The Block,Robinhood adds $25 million worth of bitcoin to balance sheet as it deepens crypto push,https://news.google.com/rss/articles/CBMipgFBVV95cUxNdExraGl6OXFsUVRmdjJxT3FIdVhyZHkzQURRdjI3YVZVZDlobmp0SzJjOUJ0cHVYczhXZm12NEdaOC1wUjdWZ3R4NWo0TFB1ZXplMXFOa29kSjh0cmFkdEJLb3lOOTBKT1BXSXVZTHF3MVZkMTQ2SjZNTm11X3hLY3JYajlvOG9kOXZVSHdqcVBVLXVWOXRYajFacXl5YVRqbW4xd3BB?oc=5,2026-10-07T07:08:00+00:00,2026-10-07T13:19:42+00:00,0.2263,positive
reddit_1wzpv0i,BTC,reddit,r/Bitcoin,"Daily Discussion, October 07, 2026",https://www.reddit.com/r/Bitcoin/comments/1wzpv0i/daily_discussion_october_07_2026/,2026-10-07T07:00:43+00:00,2026-10-07T13:19:42+00:00,0.9272,positive
reddit_1wzoy7k,BTC,reddit,r/CryptoCurrency,Bitcoin Miners Built an Empire. AI Wants the Power.,https://www.reddit.com/r/CryptoCurrency/comments/1wzoy7k/bitcoin_miners_built_an_empire_ai_wants_the_power/,2026-10-07T06:02:44+00:00,2026-10-07T13:19:42+00:00,0.6597,positive
b81dbb7a07004e86,BTC,news,Bloomberg.com,"Watch From Bitcoin To Tokenization, Crypto Optimism Returns",https://news.google.com/rss/articles/CBMilgFBVV95cUxPWXF3WFltWnNrTlBiRFdxRklsOXRnWExGdXVKTHZaVlZ4Q2VGdkVtdnA0czhlbGJfZVRGdWZzY2s5TTNkdXZ3T1VDUk8zOFB3Vy02bzN5TWlUMlJOOWplVTRWM0I0RUdVbmdtSFBSRi1WRGpkTWVYdk5YUy1IYkc0LUtuOXRUZzk0LWt6Q2ZVekgzcmlJMnc?oc=5,2026-10-07T06:02:42+00:00,2026-10-07T13:19:42+00:00,0.5423,positive
06aeb907618fe50d,BTC,news,CoinDesk,U.S. government moves over $100 million in BTC and BNB. A sale hasn't been confirmed,https://www.coindesk.com/markets/2026/10/07/u-s-government-moves-over-usd100-million-in-btc-and-bnb-a-sale-hasn-t-been-confirmed,2026-10-07T05:58:25+00:00,2026-10-07T13:19:42+00:00,0.0,neutral
5426e5c2bdb66731,ETH,news,CNBC,Machine intelligence and crypto will merge naturally: Ethereum co-founder,https://news.google.com/rss/articles/CBMiZkFVX3lxTE9RUVJxbmxqWURlSGpoT2x2d1F6U2piaVViM0tHU3JHUE9nYUdWWWE1U3lsQXlEV3FCN0kyT2IwS1BBRkk3ay01TkZVMzZHTWxsZmJnTWtuZjdaRTgwT1lkcXg2Z0xRdw?oc=5,2026-10-07T05:52:47+00:00,2026-10-07T13:19:42+00:00,0.4767,positive
f7c68894b55008d6,SOL,news,CNBC,Solana Foundation's Lily Liu: Global access to U.S. assets is blockchain's core value,https://news.google.com/rss/articles/CBMiwgFBVV95cUxNOW96Sk9rUGNzYUZ3cGVMZHdQWlhTNHpjOVpFci1DMVZGYWoxa0pKT3hUcTlmUE8tS2x4WEJIY2w5UUVXRi03Q09xWFI4UVJGVkR3S2gzVlVTalZrSDJFSXVCcFNUV0owQXJMWVdZX2EwMjNLQ0pHczhEUTU1Mld4TmZXbWgxcXRaTWN4M1dQaGtyNWN5Mk9pR2Rfd3VPc20zSDk5aFhRbGs3cjVWRWRvNUktUHM1SmtMZDlvZ0hYVi1XUQ?oc=5,2026-10-07T05:33:47+00:00,2026-10-07T13:19:42+00:00,0.4767,positive
3f011e6b3c31552f,SOL,news,CryptoRank,Solana DvP settlement requires 100% upfront cash for every trade,https://news.google.com/rss/articles/CBMiowFBVV95cUxOS1hYTUxSNEVIODAyaWN1MjdqelNUY09rSnVPNUVhZWxfQUVESkd0LTdqa3ZLcWlyeGptdU1VbngySmVKS09CaDhDZ25NMXo2Vk5kdWF6V2JLY2FIRUtQcTFpVGZTYWJmUC1WZzZNc3VnMDFfenczMXlweWdyUVVYaDFOVEJOUEVLaTJ0M0FnYWJKaHdfWkdfcmNDU1J6MnliT2NN?oc=5,2026-10-07T05:26:36+00:00,2026-10-07T05:56:27+00:00,0.0,neutral
reddit_1wzoab7,BTC,reddit,r/Bitcoin,Little did I know...,https://www.reddit.com/r/Bitcoin/comments/1wzoab7/little_did_i_know/,2026-10-07T05:21:48+00:00,2026-10-07T05:56:27+00:00,0.4019,positive
reddit_1wzo5d7,SOL,reddit,r/solana,Is this a good sol trade? New to crypto.,https://www.reddit.com/r/solana/comments/1wzo5d7/is_this_a_good_sol_trade_new_to_crypto/,2026-10-07T05:13:29+00:00,2026-10-07T05:56:27+00:00,0.4404,positive
reddit_1wznxyg,ETH,reddit,r/ethereum,"Daily General Discussion October 07, 2026",https://www.reddit.com/r/ethereum/comments/1wznxyg/daily_general_discussion_october_07_2026/,2026-10-07T05:01:17+00:00,2026-10-07T05:56:27+00:00,0.7393,positive
b240c50430b3d8e5,BTC,news,Cointelegraph,Kalshi’s 15-min gold markets overtake Ether just weeks after launch,https://cointelegraph.com/news/kalshis-15-min-gold-markets-overtake-ether-just-weeks-after-launch?utm_source=rss_feed&utm_medium=rss&utm_campaign=rss_partner_inbound,2026-10-07T04:57:54+00:00,2026-10-07T05:56:27+00:00,0.0,neutral
b240c50430b3d8e5,ETH,news,Cointelegraph,Kalshi’s 15-min gold markets overtake Ether just weeks after launch,https://cointelegraph.com/news/kalshis-15-min-gold-markets-overtake-ether-just-weeks-after-launch?utm_source=rss_feed&utm_medium=rss&utm_campaign=rss_partner_inbound,2026-10-07T04:57:54+00:00,2026-10-07T05:56:27+00:00,0.0,neutral
reddit_1wznvjs,BTC,reddit,r/Bitcoin,Does anyone really fell for this stupid trap?,https://www.reddit.com/r/Bitcoin/comments/1wznvjs/does_anyone_really_fell_for_this_stupid_trap/,2026-10-07T04:57:25+00:00,2026-10-07T05:56:27+00:00,-0.6705,negative
9a9a413487c090be,ETH,news,CoinDesk,Pudgy Penguins’ Abstract becomes second Ethereum layer 2 to shut in a week,https://www.coindesk.com/tech/2026/10/07/pudgy-penguins-abstract-becomes-second-ethereum-layer-2-to-shut-in-a-week,2026-10-07T04:31:14+00:00,2026-10-07T05:56:27+00:00,0.0,neutral
85b857c2be63a6dd,ETH,news,Coinpedia Fintech News,"Why Are Bitcoin, Ethereum And XRP Prices Crashing Today?",https://news.google.com/rss/articles/CBMinAFBVV95cUxQTTZ0aWJCelN0elRaUnRZM0w0UkxBVVMzbUZSZXRkVlo2NFRfVzFHWDFtdUhpY1ZHakR2Q0VqZ3hlRVpsVGdzVXQ0Q3luV3JXaGE2OW5nRFhRMzNkMEFsWnYwenRXUnFET3pQZXkzNjdWR2c2UEhpMnl5Qk94bnpiWlU5dVJ1dE9QZVRHODRmeldvQ2xFanNFUWRoMTfSAaIBQVVfeXFMTnA4UW5ja3pEVUpHaHlBajU1UV95VWU4dVEtZjdIMnV3R2RvV3Y0LVBzS0k2d1R0OE5ITlJqRmJvOWcwU2ZyQjZ4U09OSEs5bkRMMjJUTHpGQUVKLWFJdmdiRTRXYnN0T2EtdXMzOXc1dGR6b0V6N2tXVk1NYkJ0c1lQNkYtZHE3VGFrUFpJUEtpbWZEOVI5YTBSOE1vOXdiWk9n?oc=5,2026-10-07T04:29:16+00:00,2026-10-07T13:19:42+00:00,0.0,neutral
reddit_1wznd7r,BTC,reddit,r/Bitcoin,Buying BTC as a beginner,https://www.reddit.com/r/Bitcoin/comments/1wznd7r/buying_btc_as_a_beginner/,2026-10-07T04:27:15+00:00,2026-10-07T05:56:27+00:00,0.6369,positive
9d2b642b7cd15a3d,BTC,news,Yahoo Finance,"Why is Crypto Down? Bitcoin Lost $2,000 in A Flash Crash",https://news.google.com/rss/articles/CBMimAFBVV95cUxNNWRTS3Z3bWFTMi0zbDB4cHN6bVI4aDBCV0FjZl9RNFZuSWlMX3ByTHlaT0JlR2dCQks0dHNvZUZPN2dCdll3ZzFIcGJ5cmNjUk41U1VheWlMYVpfdXhfd2x4eUE0NHNGdlRxUUFpTWYzWjhYR2hCTW9MZlhlaU04VWRVdFBEUTFZMUdaWVJwaGtzSi1fMWVFSA?oc=5,2026-10-07T04:27:00+00:00,2026-10-07T05:56:27+00:00,-0.743,negative
2d98d52bd6ed6ec9,BTC,news,CoinDesk,"Bitcoin dips below $84,000 as oil jumps on Iranian tanker attacks",https://www.coindesk.com/markets/2026/10/07/bitcoin-dips-below-usd84-000-as-oil-jumps-on-iranian-tanker-attacks,2026-10-07T04:00:51+00:00,2026-10-07T05:56:27+00:00,-0.4404,negative
3962872cdafac3f4,BTC,news,The Block,"Bitcoin briefly slides below $84,000 as crypto long liquidations reach $487 million",https://news.google.com/rss/articles/CBMi1AFBVV95cUxNSXhXbG5rZ1Z2My03eEZheXRfRUFhMVNZMWtqTjgyZFdCNzMxZ0hjWW1XdWw5UUhvTHFWTGIycnZabVRtZG1oNTE3V0x6aExhS0xudmQ4NEJPc0t5VHJTbnNJUlQ2aUpWNzBndjZONDVYb2g5V0dRVTlOTlBtWnc1dXBxVnpsRXZQUkNjVEhvWmtsVE5PY1ZVRVdORW5rVVNJWjVlZ24zYlBVVUpjSkRLR0N6ZUc2MWx1Q01fX3p2MmRxb0o5a2l2OFdOdENQeWtjV1gtSg?oc=5,2026-10-07T03:57:00+00:00,2026-10-07T05:56:27+00:00,-0.34,negative
66203ea398e592ac,ETH,news,FXStreet,"Top 3 Price Prediction: Bitcoin, Ethereum, Ripple – BTC fails to hold $85,000, ETH downside risks rise, XRP momentum fades",https://news.google.com/rss/articles/CBMihAJBVV95cUxONi1LeThmZXZ1THpnTnhQT1dCWGJHMlV4bkVxQ2l4ZVAtUDF3S0FxYU50YUdnSmQwRVg5RkZqZ3dBM1VJRFBwa1czLTY3Vy1jZGJsaUYzanRDUXlRQVo4dFRVM2UyX2tOMTI1a1d2RkVHU0U0bkhjYWZMVmlfcDhWZ2ZvVktwNWtwdkIxYktfMmVYN3ZfYzgyRzlkVHZwemk5TW5GUVExU0ZzUXdKQ1FEU3prcGVQNFZ4ZHRYR0lBVUpmRXgyVEZiSTlFTkpWdHZOTmExdXUyeUN2cGNBUHBJeVlGdkk4ZzdCXzZVRmpCbGRZdU1MV3h0SExoVzR5Tk9yUUkwTw?oc=5,2026-10-07T03:38:17+00:00,2026-10-07T05:56:27+00:00,-0.6249,negative
reddit_1wzlzm8,BTC,reddit,r/Bitcoin,‘How much is enough for them?’,https://www.reddit.com/r/Bitcoin/comments/1wzlzm8/how_much_is_enough_for_them/,2026-10-07T03:10:31+00:00,2026-10-07T05:56:27+00:00,0.0,neutral
reddit_1wzlwtx,BTC,reddit,r/Bitcoin,I’m about to be up while unemployed 😂😂,https://www.reddit.com/r/Bitcoin/comments/1wzlwtx/im_about_to_be_up_while_unemployed/,2026-10-07T03:06:17+00:00,2026-10-07T05:56:27+00:00,0.7003,positive
1bbb2a69ebb7fa91,SOL,news,CoinMarketCap,Solana Foundation Launches DvP Settlement With JPMorgan Input,https://news.google.com/rss/articles/CBMijgFBVV95cUxPYVN2RW9lRkxQMHdmNlpMTkZtLU5lWWRaRGhmZ3lJVmtwUlRya1dCcnhocU1td1B4YkM4N3RURGpYUzZQMDJ5c3NoaWZ4bjcwMU1ja0xtdjFVb1hUNmR1MkdjMHU5SVBmRmJwZEtVY3JXOU5mZFU4NHZjajJHVFJBb3BDUDQta0pBODNoWjZR?oc=5,2026-10-07T03:05:09+00:00,2026-10-07T23:04:10+00:00,0.0,neutral
b7fc758741f1b252,BTC,news,Yahoo Finance,Bitcoin Slide Wipes Out Over $400 Million in Crypto Longs: Reset or Warning?,https://news.google.com/rss/articles/CBMimAFBVV95cUxNSWNMcWZIQ2FqN2JlTndCUE1qc25vNVQ5cE1IM2ZuN3ZDN3hsdVIyS1FwZWs1U2x2c0tjVTJmZmJVUXlFVnduRG9SR0t2dU8yYVRyTnIyNTQ3dFFvLVVHcVVfTTdKY0NSV29DVDhGcHM3aFZRYTFPelF4ZWZ6dVB2QVZzUnBaUWFGdmRwUGNERVJkVDFnMktycw?oc=5,2026-10-07T02:50:00+00:00,2026-10-07T05:56:27+00:00,-0.34,negative
reddit_1wzlinq,BTC,reddit,r/Bitcoin,This is the way,https://www.reddit.com/r/Bitcoin/comments/1wzlinq/this_is_the_way/,2026-10-07T02:45:37+00:00,2026-10-07T05:56:27+00:00,0.743,positive
reddit_1wzlbxs,BTC,reddit,r/Bitcoin,Lock in fellas,https://www.reddit.com/r/Bitcoin/comments/1wzlbxs/lock_in_fellas/,2026-10-07T02:35:39+00:00,2026-10-07T05:56:27+00:00,0.0,neutral
reddit_1wzl5fk,BTC,reddit,r/Bitcoin,How is it used?,https://www.reddit.com/r/Bitcoin/comments/1wzl5fk/how_is_it_used/,2026-10-07T02:26:30+00:00,2026-10-07T05:56:27+00:00,-0.3167,negative
5061988f23ae4810,BTC,news,TradingView,"Bitcoin falls nearly $2,000 in 20 minutes as $400 million in longs get liquidated",https://news.google.com/rss/articles/CBMi3AFBVV95cUxPckJubzF6RkIycW16YUZxcXY3dml4VEgxN1haUXljWjFPM1JhWlMzTjNWSEtpWGxjVk9GeDNSOVRRYkFtSm1GZzBUcE90YzVNOWJkTXBPTTZKNDY1Umg1Snh6RWJ6STBGY296UTY2eG5sS0Juc0RacjMxSkV6ckNRMDNRTnVyQmFFX2VDZENuOUxhaU1XSVdJSDFkeUViMUp3TDFxS3JIZHNTWVdfT0d5SjhRUDZQRnNhaS1uVG5CbHdCc1RhbDJzeGctSUZaN2hqbGpEMXpYSE5RMVdf?oc=5,2026-10-07T02:12:00+00:00,2026-10-07T05:56:27+00:00,-0.4588,negative
reddit_1wzksli,SOL,reddit,r/solana,I’m experimenting with turning Solana holder distribution into an actual 3D city,https://www.reddit.com/r/solana/comments/1wzksli/im_experimenting_with_turning_solana_holder/,2026-10-07T02:08:11+00:00,2026-10-07T05:56:27+00:00,0.6542,positive
reddit_1wzkpjk,BTC,reddit,r/Bitcoin,Lets go,https://www.reddit.com/r/Bitcoin/comments/1wzkpjk/lets_go/,2026-10-07T02:03:52+00:00,2026-10-07T05:56:27+00:00,-0.722,negative
reddit_1wzkp5q,BTC,reddit,r/Bitcoin,So what happened?,https://www.reddit.com/r/Bitcoin/comments/1wzkp5q/so_what_happened/,2026-10-07T02:03:21+00:00,2026-10-07T05:56:27+00:00,-0.4288,negative
reddit_1wzkl90,BTC,reddit,r/Bitcoin,Bitcoin and crypto are the future!,https://www.reddit.com/r/Bitcoin/comments/1wzkl90/bitcoin_and_crypto_are_the_future/,2026-10-07T01:57:54+00:00,2026-10-07T05:56:27+00:00,0.0,neutral
reddit_1wzkiee,BTC,reddit,r/Bitcoin,Any advice?? Blockchain.com,https://www.reddit.com/r/Bitcoin/comments/1wzkiee/any_advice_blockchaincom/,2026-10-07T01:53:53+00:00,2026-10-07T05:56:27+00:00,0.4329,positive
69950ab45e8d34ea,BTC,news,Benzinga,"Bitcoin, Ethereum, XRP, Dogecoin Dip Ahead of Fed Minutes: Analyst Says $100,000 Could 'Come Back Into Focus'",https://news.google.com/rss/articles/CBMirwFBVV95cUxQUGszT3lJWGhZdkQ3UW5kWXE3Z1JRaEg5TXRjVXRYVXhDVGFndWJRNDd3WVdkZlZFLUdfbUZ5aDlXZ1d6MlZfM0tIclBGOW9PSDBLNnlKTFc4cnpWYmlYQTJWSWZSRXhVU3J3RzhRRVptcW9qVVk0M2RzLWU4X1dmR0JmQjFSVmp2a3RwRENLZ3dfWFdGOTJLVlkySWVfYWMxVjJCcDJHR1dtSUxid09J?oc=5,2026-10-07T01:53:28+00:00,2026-10-07T05:56:27+00:00,0.0,neutral
69950ab45e8d34ea,ETH,news,Benzinga,"Bitcoin, Ethereum, XRP, Dogecoin Dip Ahead of Fed Minutes: Analyst Says $100,000 Could 'Come Back Into Focus'",https://news.google.com/rss/articles/CBMirwFBVV95cUxQUGszT3lJWGhZdkQ3UW5kWXE3Z1JRaEg5TXRjVXRYVXhDVGFndWJRNDd3WVdkZlZFLUdfbUZ5aDlXZ1d6MlZfM0tIclBGOW9PSDBLNnlKTFc4cnpWYmlYQTJWSWZSRXhVU3J3RzhRRVptcW9qVVk0M2RzLWU4X1dmR0JmQjFSVmp2a3RwRENLZ3dfWFdGOTJLVlkySWVfYWMxVjJCcDJHR1dtSUxid09J?oc=5,2026-10-07T01:53:28+00:00,2026-10-07T05:56:27+00:00,0.0,neutral
a8d3300a6d436a5a,BTC,news,Cointelegraph,Bitcoin.de trading remains halted as German regulator rejects MiCA application,https://cointelegraph.com/news/bitcoinde-trading-remains-halted-as-german-regulator-rejects-mica-application?utm_source=rss_feed&utm_medium=rss&utm_campaign=rss_partner_inbound,2026-10-07T01:48:53+00:00,2026-10-07T05:56:27+00:00,-0.7506,negative
reddit_1wzjr98,BTC,reddit,r/Bitcoin,40K guy when 40K comes:,https://www.reddit.com/r/Bitcoin/comments/1wzjr98/40k_guy_when_40k_comes/,2026-10-07T01:15:55+00:00,2026-10-07T05:56:27+00:00,0.0,neutral
f546845c4a4bfb4d,BTC,news,CNBC,"Trillions are being ‘wasted’ on the AI boom, Arthur Hayes says. He’s betting on what comes next",https://news.google.com/rss/articles/CBMilgFBVV95cUxPblYtWWRwYjVoTE93ZXJGZXVwYzVhQ194XzhyQTVYZTlWSzQySV9UU2c0MnVFX1NWT0RoU1BjdVFrZ0ZXbnNnS1l0TE9ONEZISmRJVzY3QkF6WDVXQTZIR3VMLVhUckwweUdiUk5vYmwwTzZCTTdPV05heDhCY29fMXVoZmZZd2huWHkyTFY1N1FGaEFYckHSAZsBQVVfeXFMTjlHOFhpaGlXaFRxdlB6cXh2c2FfeW1GaXhEVFVNemdiLXZjNnFUbEJnclJuU3ZyRWpKWDB5YmNtTm1Ib09jbklLLXhaZGNSWDVRWEdOemtES1BqempUNXVULUN5MEYxS3BlT3RTdU1CS3BDSFh4VXRsRnNRZ3o3MWIyUFAwUENQQlcxQThSX2JTNkMxbi1Qek41WDA?oc=5,2026-10-07T00:49:00+00:00,2026-10-07T05:56:27+00:00,0.0,neutral
reddit_1wzj430,BTC,reddit,r/Bitcoin,Hii guysss please take 2s to do my survey. I’d appreciate it ❤️❤️,https://www.reddit.com/r/Bitcoin/comments/1wzj430/hii_guysss_please_take_2s_to_do_my_survey_id/,2026-10-07T00:44:20+00:00,2026-10-07T05:56:27+00:00,0.6124,positive
reddit_1wzix8z,BTC,reddit,r/Bitcoin,there is going to be a dip,https://www.reddit.com/r/Bitcoin/comments/1wzix8z/there_is_going_to_be_a_dip/,2026-10-07T00:34:57+00:00,2026-10-07T05:56:27+00:00,0.0,neutral
93d8dacb75382230,BTC,news,Yahoo Finance,"Arthur Hayes Expects Bitcoin to Hit $126,000 by Year End. Can BTC Climb 46% in Under Three Months?",https://news.google.com/rss/articles/CBMingFBVV95cUxNQWQwUEpwVjBvZEVhaHM5NmIxcDJuT3JRV3NVWEN4VTJBckQtSjM1SkdvSm9PX1pQM1dwQ1NGOE02WVBaaG1vajhRalBSU1UzT2dRRUhZUHFrdlNMMm9Dc2JIa19MX1JIZDJQUjNtV0ZlcExsLWppUVpWVGp1dkFkUy1BZ3A0bS1Hak5tSnFrMEF2d0hKYzJDU3RfUkc0QQ?oc=5,2026-10-07T00:00:00+00:00,2026-10-07T05:56:27+00:00,0.0,neutral
reddit_1wzi5qd,SOL,reddit,r/solana,Can someone drain my wallet if I simply just press a link and nothing else?,https://www.reddit.com/r/solana/comments/1wzi5qd/can_someone_drain_my_wallet_if_i_simply_just/,2026-10-06T23:58:56+00:00,2026-10-07T05:56:27+00:00,0.0,neutral
reddit_1wzi54a,BTC,reddit,r/Bitcoin,Let there be bits. How to view the machine in the light of Christ,https://www.reddit.com/r/Bitcoin/comments/1wzi54a/let_there_be_bits_how_to_view_the_machine_in_the/,2026-10-06T23:58:07+00:00,2026-10-07T05:56:27+00:00,0.715,positive
72fbdc2133b7e0fe,BTC,news,Yahoo Finance,Ethereum Beat Bitcoin All Quarter. Its Order Books Thinned and the Staking Exit Queue Hit a Record for the Year.,https://news.google.com/rss/articles/CBMiogFBVV95cUxNd2V1VEVFYnQ2blpINF95UHVkbDlSbDdBOEZySm1jY2VrUTVSZjBvRVBiY2Z3WFN2UTUyR3Q3Y1lBSjZ2MlZuSkxYREduVmQxTV95UEtnZUhqM2tIaTlQb2NvWmxiRnhHWlQ2ODM5RndqM2VfTjkySF9yWHNWTUZ5Nmsyb3luN01KM3QwR2Y2Z3lhckpha0p5ZTVjZzd4bXVKWHc?oc=5,2026-10-06T23:30:50+00:00,2026-10-07T05:56:27+00:00,0.0,neutral
72fbdc2133b7e0fe,ETH,news,Yahoo Finance,Ethereum Beat Bitcoin All Quarter. Its Order Books Thinned and the Staking Exit Queue Hit a Record for the Year.,https://news.google.com/rss/articles/CBMiogFBVV95cUxNd2V1VEVFYnQ2blpINF95UHVkbDlSbDdBOEZySm1jY2VrUTVSZjBvRVBiY2Z3WFN2UTUyR3Q3Y1lBSjZ2MlZuSkxYREduVmQxTV95UEtnZUhqM2tIaTlQb2NvWmxiRnhHWlQ2ODM5RndqM2VfTjkySF9yWHNWTUZ5Nmsyb3luN01KM3QwR2Y2Z3lhckpha0p5ZTVjZzd4bXVKWHc?oc=5,2026-10-06T23:30:50+00:00,2026-10-07T05:56:27+00:00,0.0,neutral
57365dbcda53b07c,ETH,news,CryptoRank,What Does the SEC’s 3x Leveraged Bitcoin and Ethereum ETPs Approval Mean for Crypto Users?,https://news.google.com/rss/articles/CBMixAFBVV95cUxOVkVkOG9MUVJTMUo1LTZLX3dUS1FZMDhsbkdPdjZURWw2amFBeXN0ZlBOQlczR1NaUUdra0dKRVpjQndqVHRQRzBoZVhYbTF6ZkR3blVfYWlnOXFUTTF3R19Dd0I3alY4SENoNkNTUWIweHY1ZWROdjNYb1RQVUJ1a1hvN1l3VVJXY2NvR0N3SlNzU0FXRzlBS1EteHdYcDEtZTF3eWNRbFVmVUdIQ1pDc3VoYmFYd2pJejJKbU9TTGpYSkVH?oc=5,2026-10-06T23:22:38+00:00,2026-10-07T05:56:27+00:00,0.4767,positive
1d391b20a9329c4e,SOL,news,unchainedcrypto.com,Solana Foundation Offers Banks Open-Source Code to Settle Tokenized Trades in One Step,https://news.google.com/rss/articles/CBMitgFBVV95cUxOZ1RPMlZ3UlZ3cVdTaG9TVHFIemJuUVBNamVLVkRtVnZfT0RGMnI2RXh4R2dpa3hHdjdUVjVpZEdwYnA0ZkFQYTFYdFdNRFctbkthTDhaM3JhZ3ZKVEZZM0JHV0NRTEZOcUlRbEJ4U0hFeXR0NHJsUVlDZTFjeDBRbGhvUVl2MHlXOWVJMmRWUXlqUmE0YVV1XzhrX2NENEJwYWFHSWNtZDhuMDBHS2syUXBGZUd3Zw?oc=5,2026-10-06T22:57:00+00:00,2026-10-07T05:56:27+00:00,0.0,neutral
f1ea9dd9a24609ad,ETH,news,CryptoRank,Ethereum News: Atomic L1-L2 Transaction Targets Fragmentation,https://news.google.com/rss/articles/CBMinwFBVV95cUxQNkV2S01jSUlRYTBPX0xvVkhkQWhvTGhDRDdpbUlzLWZuOXFVbG5vR2JDY3JCNlY1aV9tSHJVRk9WREI0QVlqbnJsNGc4TzdtNTJYRTQ4bHVOdV9xaVRuaWt5T1BtM0xJdWRRRlg3eGVZcVlhSTNPczI2Q2VtMW1VTGV6cmFfYUViU0ZtcTBCalBlVWdXQ09IRmZHNndnRkk?oc=5,2026-10-06T22:55:29+00:00,2026-10-07T05:56:27+00:00,0.0,neutral
dcfb8448068a692a,BTC,news,Yahoo Finance,"Jordi Visser Says Bitcoin FOMO Will “Kick In Very, Very Soon.” Can BTC Stay Above $82,000?",https://news.google.com/rss/articles/CBMimwFBVV95cUxOVlJGSDhaR21rc0plZVZ3Vkx1T1YybGRiWFlub0FDU0k0MkdSaE02eW5udGthZGR3M2lXZEZBdUlLTFFhTXFEemY5TFZiN3I1U2hCc0VHYkhDd1lpRnFyZ1ZxZzM1TExfT3BkOUlSNFVRa1pOeFhGTHk2M0lLZ2lrNUdXajhIXzRLckoxdzNMTHY2aXNHb1U2MXVDaw?oc=5,2026-10-06T22:43:37+00:00,2026-10-07T05:56:27+00:00,0.0,neutral
22fdd26420b565e7,BTC,news,24/7 Wall St.,"Jordi Visser Says Bitcoin FOMO Will ""Kick In Very, Very Soon."" Can BTC Stay Above $82,000?",https://news.google.com/rss/articles/CBMi2gFBVV95cUxQaGNwVGVFZ0dreFZwbFZvcUljLUhkNmdQSmQzbU1qUmRScFFRY0JZaWpDVVB5Wm5EQWNYR182amVHb1doVDMxS1hfRTRDTVB4U1k5c040clYzcUhOcVNYSWhBbWRBRG0yNWhlY1JfZnQ1bTdoMUhER3J4T1BMbEJUdmtFTUdEQmJSMnZRYWdQMTZJZ3RJOFZWbXlQU3c3NWE3ZG5jMU1OMklLQWFIVnNJOTU4R0cwa1hiSHFZNzhMQmdQQjViTnNNNTUtRkt3aFhQQ2ZhODRKREhWdw?oc=5,2026-10-06T22:43:00+00:00,2026-10-07T23:04:10+00:00,0.0,neutral
reddit_1wzfzs3,BTC,reddit,r/Bitcoin,Selling 8k in bitcoin,https://www.reddit.com/r/Bitcoin/comments/1wzfzs3/selling_8k_in_bitcoin/,2026-10-06T22:17:19+00:00,2026-10-06T22:39:53+00:00,0.8047,positive
reddit_1wzf4d8,SOL,reddit,r/solana,"USDC Bridge Now Supports Solana, You Can Now Move USDC Directly Between Solana And 18 Supported Ecosystems",https://www.reddit.com/r/solana/comments/1wzf4d8/usdc_bridge_now_supports_solana_you_can_now_move/,2026-10-06T21:39:34+00:00,2026-10-06T22:39:53+00:00,0.8807,positive
reddit_1wzf0ft,ETH,reddit,r/ethereum,Pudgy Penguins' Ethereum Layer-2 Abstract Is Shutting Down,https://www.reddit.com/r/ethereum/comments/1wzf0ft/pudgy_penguins_ethereum_layer2_abstract_is/,2026-10-06T21:34:56+00:00,2026-10-06T22:39:53+00:00,0.0,neutral
reddit_1wzf0cm,ETH,reddit,r/CryptoCurrency,Pudgy Penguins' Ethereum Layer-2 Abstract Is Shutting Down,https://www.reddit.com/r/CryptoCurrency/comments/1wzf0cm/pudgy_penguins_ethereum_layer2_abstract_is/,2026-10-06T21:34:50+00:00,2026-10-06T22:39:53+00:00,0.0,neutral
reddit_1wzf06x,SOL,reddit,r/solana,"$RACE, From Ferrari NV, Is Now Listed On Solana Via Sunrise, Issued By Backpack Securities",https://www.reddit.com/r/solana/comments/1wzf06x/race_from_ferrari_nv_is_now_listed_on_solana_via/,2026-10-06T21:34:40+00:00,2026-10-06T22:39:53+00:00,0.5267,positive
reddit_1wzex74,SOL,reddit,r/solana,Solana DApps Continue To Surpass All L1 Nad L2 Chains In Revenue For The 16th Consecutive Week,https://www.reddit.com/r/solana/comments/1wzex74/solana_dapps_continue_to_surpass_all_l1_nad_l2/,2026-10-06T21:31:09+00:00,2026-10-06T22:39:53+00:00,0.0,neutral
reddit_1wzeww0,SOL,reddit,r/solana,"The Solana Intelligence Summit Starts On November 13, 2026 In London",https://www.reddit.com/r/solana/comments/1wzeww0/the_solana_intelligence_summit_starts_on_november/,2026-10-06T21:30:48+00:00,2026-10-06T22:39:53+00:00,0.9153,positive
reddit_1wzew02,SOL,reddit,r/solana,"Islanddao V5 Opens Its Doors In Floripa, Brazil, October 19 To November 11, 2026",https://www.reddit.com/r/solana/comments/1wzew02/islanddao_v5_opens_its_doors_in_floripa_brazil/,2026-10-06T21:29:50+00:00,2026-10-06T22:39:53+00:00,0.0,neutral
reddit_1wzeiuc,BTC,reddit,r/Bitcoin,Treasury Drops Bitcoin and Shitcoin Surveillance Proposals,https://www.reddit.com/r/Bitcoin/comments/1wzeiuc/treasury_drops_bitcoin_and_shitcoin_surveillance/,2026-10-06T21:14:53+00:00,2026-10-06T22:39:53+00:00,0.2023,positive
59b2c1c0edfafe9e,BTC,news,Yahoo Finance,China Could Trigger the Next Bitcoin Supercycle: What's Stopping It?,https://news.google.com/rss/articles/CBMingFBVV95cUxQdHY4RGlzbEU2Q2pQLXh3YTR3UWZSODIwS2pucDJJX0F4Tk1uMWpnVERaTXZfTkE5NjF3NjU0TFlSNXROVWNfOE4tektlZXVMTmtUN1VvT2ZBZU1hV2d3aVpycl9Ob2F4RWQwZWxlMWxycGs5bUNwQzV1MEw0cE9BTjZqcXlKYTBCazRid2I5bGJjN1FITXFOb25mTk0wQQ?oc=5,2026-10-06T21:12:30+00:00,2026-10-07T13:19:42+00:00,-0.1531,negative
reddit_1wzebnm,BTC,reddit,r/Bitcoin,"It’s funny how ""macro experts"" stop being ""macro experts"" when it comes to explaining the performance of Bitcoin :P",https://www.reddit.com/r/Bitcoin/comments/1wzebnm/its_funny_how_macro_experts_stop_being_macro/,2026-10-06T21:06:58+00:00,2026-10-06T22:39:53+00:00,0.6876,positive
reddit_1wzdp9t,BTC,reddit,r/Bitcoin,"Trump says inflation will pay off the $40 trillion debt. Cory Klippsten on financial repression, and why savers might want Bitcoin",https://www.reddit.com/r/Bitcoin/comments/1wzdp9t/trump_says_inflation_will_pay_off_the_40_trillion/,2026-10-06T20:42:11+00:00,2026-10-06T22:39:53+00:00,-0.4019,negative
reddit_1wzdkof,BTC,reddit,r/Bitcoin,Bitcoin Substack recommendations?,https://www.reddit.com/r/Bitcoin/comments/1wzdkof/bitcoin_substack_recommendations/,2026-10-06T20:37:18+00:00,2026-10-06T22:39:53+00:00,0.4201,positive
25103cd6df8c42b4,ETH,news,Decrypt,Pudgy Penguins' Ethereum Layer-2 Abstract Is Shutting Down,https://decrypt.co/380225/pudgy-penguin-ethereum-layer-2-abstract-shutting-down,2026-10-06T20:28:53+00:00,2026-10-06T22:39:53+00:00,0.5106,positive
4c238ab7c2868ee0,SOL,news,CoinMarketCap,"SHIB Surges 3.4% on Solana Listing, Hits Resistance",https://news.google.com/rss/articles/CBMicEFVX3lxTE1fWFVEekZVeUpUOXp1Y3ZYdW40MWx6ZGNvSTVGQTZjd2x5Y1oxUWY1N0s0VVlENVM3Sjd3LUdpR2NHdDhtekU1SkllOUNsN3ZNTG1VZWlNZ3pBOWxJVjJ4UXU4UjFIY185TXV0TVBWMzY?oc=5,2026-10-06T20:18:00+00:00,2026-10-07T05:56:27+00:00,0.4588,positive
reddit_1wzch62,BTC,reddit,r/Bitcoin,BTC vs M2 since 2017 log plot,https://www.reddit.com/r/Bitcoin/comments/1wzch62/btc_vs_m2_since_2017_log_plot/,2026-10-06T19:54:30+00:00,2026-10-06T22:39:53+00:00,0.8442,positive
83746fe7a9ddef3b,ETH,news,Benzinga,"Bitcoin Holds $85,000 as Ethereum, XRP, Dogecoin Trade Flat",https://news.google.com/rss/articles/CBMiuAFBVV95cUxQRVdOMU1yRmZleTk1REZNVU1VeUVZbENzRmN0NHJJQ216UzZ3WmxpSEltOE1VOGI3UV9MM2hybHgyNGR1d2RTS2RPeGdXQkpwdTFuWlJFZlZwSHJoQ2E3SU16aUZ6ZXlVaE1SZy1zZmZ1QjBiZUp0S1JPemxob29nT2daYjVxLW9qUll5Znp3TnR3OURWYzdWeE5WV3ItX0xTTE5sRHhiLUtPQTZucWpsY1pxQnFBbWRF?oc=5,2026-10-06T19:45:39+00:00,2026-10-06T22:39:53+00:00,0.0,neutral
reddit_1wzc219,BTC,reddit,r/Bitcoin,Bitcoin's intrinsic value is that its Market Infrastructure,https://www.reddit.com/r/Bitcoin/comments/1wzc219/bitcoins_intrinsic_value_is_that_its_market/,2026-10-06T19:38:09+00:00,2026-10-06T22:39:53+00:00,0.0516,positive
reddit_1wzbhsq,BTC,reddit,r/Bitcoin,"Roundtable_025 - This Time, It's Actually Different",https://www.reddit.com/r/Bitcoin/comments/1wzbhsq/roundtable_025_this_time_its_actually_different/,2026-10-06T19:16:35+00:00,2026-10-06T22:39:53+00:00,0.0,neutral
05485072425e4329,SOL,news,Benzinga,"Bitcoin Tops Liquidity Ranking, ETH Follows: Where Does XRP Rank?",https://news.google.com/rss/articles/CBMiwgFBVV95cUxOdkdiYVVpbktHZjJfWEFRWFZ6V2F1UlBQY2NLUFhYd2lHdVFiZGFBY1VXbTVKSGJNRlhXbndBSEJIbDA1ZkVjSFZjWmRuaE93ZDNhSkZfV1YwNTV3Z3dZLVBUMDZoTFprWEMwMWtTVm50Q0hFVktwc2dJSWZKV2lEN1BSSTZXTlpIdzZaVDNpUVRXTWZKVWRHN3JvSTJabUItaUJSWF9HVnpLSDc4QktQdUFOdDk1dUVHcDNvU196SnRIZw?oc=5,2026-10-06T19:15:41+00:00,2026-10-07T05:56:27+00:00,0.5106,positive
679a08bb5564b112,ETH,news,Yahoo Finance Singapore,"Ethereum Price Prediction: Risk of a Pullback to $2,400 Increases as Volumes Drop",https://news.google.com/rss/articles/CBMikgFBVV95cUxOUVBtNkp4N3FiOGg4S2ZreGJMaWZzSV90ZjB0QXBycW1RcXVsNm9UMXI2M3p2WEgwLVE3VTJOeU9idmR0WTB1MlJnUTNxQ00xYm1RdWM1bTdEakhtRUF0TS1peHhfR0l1UUpza2FzUmhFZHRUWlZOVWlnamV1V0tEVzZTR1ZmRXVfeFBKSUNNUU5qZw?oc=5,2026-10-06T19:09:06+00:00,2026-10-07T05:56:27+00:00,-0.4939,negative
20387217d0d0885b,SOL,news,24/7 Wall St.,Solana Launches Open Source Settlement Tool for Institutions: What Does It Mean for SOL?,https://news.google.com/rss/articles/CBMi3gFBVV95cUxQZXlVRElsMEpmYThTckEwQ1BJVkd4Q282QnpBNDVscnFYTFU4cUZvX2l0bm1XOGpablBMTHAxY1FLbHlNVjVMYW1YTG9zRldPeF9aaTlDWHJIcG80VlI5WjJKTXhmNjkxOHgwT2hmb3EtX0JrdzZnVGN4WURUX01XazNRem9EUHVrTzJWZ29FaWxEX2thNUVhNjJWRXc1MmVuYTUxUEZZYjhOYmxmanVCekZ5TEMxb1daX2M1OUdBREJ5aERDNnI3eWFOWEVsNFpVcm43Q1FMeE9CVGZvX3c?oc=5,2026-10-06T18:35:00+00:00,2026-10-06T22:39:53+00:00,0.0,neutral
reddit_1wzaaqv,SOL,reddit,r/solana,PumpFun is seeing a resurgence,https://www.reddit.com/r/solana/comments/1wzaaqv/pumpfun_is_seeing_a_resurgence/,2026-10-06T18:30:59+00:00,2026-10-06T22:39:53+00:00,0.0,neutral
78e3775dbfae4674,BTC,news,Yahoo Finance,"Metaplanet Sold 10,000 Bitcoin for $790 Million, Then Bought 11,000 Back for $950 Million. What Was the Point?",https://news.google.com/rss/articles/CBMimwFBVV95cUxOekFZQjc4aUo5bkhkZGU1OXJYM2VFWDhCYWJZX01hb1h3UDNCU0tWeHRMVjFFTTd2elgxdEhwbEJReUVXZF81ZC13eVVNOXRyeFo5WHduSkNwMDhXSHhZQ1g5d1NjdUhuMWZITkRMSkpEby1WWW1leE95LWRLNm5JOWtNQk1xWnpwTnc4bUt2WkNGeGxNRktrNU9xRQ?oc=5,2026-10-06T18:24:36+00:00,2026-10-06T22:39:53+00:00,0.0,neutral
reddit_1wz9nf3,SOL,reddit,r/solana,"Anza Covers The Alpenglow Migration And Answer Your Questions On X (Twitter) - October 7, 20126 At 7.00 PM GMT",https://www.reddit.com/r/solana/comments/1wz9nf3/anza_covers_the_alpenglow_migration_and_answer/,2026-10-06T18:06:55+00:00,2026-10-06T22:39:53+00:00,0.296,positive
e26c9132fad82588,SOL,news,https://genfinity.io/,Solana DvP Gives Institutions an Open Escrow Standard to Settle Tokenized Assets and Cash in One Transaction,https://news.google.com/rss/articles/CBMilwFBVV95cUxQWlFOeWtNQXpPVnlOMGpaak5WdlVhczNOWW40a24xMXBhT0FWY3FSRGh2bkxmSmZaallOUHBlMDU1Z1VCNDlYVGl5MkdkN2VrVWNIVDBmaGwwZ25Gd1NCU2t0SDFoTXdZVFo5OHc4MnBvYVdCcEU1UGlCTXYydUo5MnMyR2JySEtCOUJuTjYyRE5uNWZya0Iw?oc=5,2026-10-06T18:04:57+00:00,2026-10-07T05:56:27+00:00,0.1779,positive
aeeb0dd8e593c426,BTC,news,Yahoo Finance,Are Binance Users Selling Ethereum for Bitcoin?,https://news.google.com/rss/articles/CBMipgFBVV95cUxPWFhJUUpST3VsTkY3SFdrRE5ia2gwTXFVU3B1TWthSnFLV1M3ekpFNEFFdElBam9RYmo1VFRnaERVUkN5cE9ndzRaNjFCUlBPUDJlMmdDM0FEd2NDOVd2Rk1LdzdLUUkxZFppUE91a2xFVHVyWnBQT0VBQ0VvcGJOUkVoTnU4Q2FKcDR2ZjJFWjMyeTJZVnFzZkJDZVZ5NFl1bGlYejln?oc=5,2026-10-06T17:48:40+00:00,2026-10-06T22:39:53+00:00,0.0,neutral
aeeb0dd8e593c426,ETH,news,Yahoo Finance,Are Binance Users Selling Ethereum for Bitcoin?,https://news.google.com/rss/articles/CBMipgFBVV95cUxPWFhJUUpST3VsTkY3SFdrRE5ia2gwTXFVU3B1TWthSnFLV1M3ekpFNEFFdElBam9RYmo1VFRnaERVUkN5cE9ndzRaNjFCUlBPUDJlMmdDM0FEd2NDOVd2Rk1LdzdLUUkxZFppUE91a2xFVHVyWnBQT0VBQ0VvcGJOUkVoTnU4Q2FKcDR2ZjJFWjMyeTJZVnFzZkJDZVZ5NFl1bGlYejln?oc=5,2026-10-06T17:48:40+00:00,2026-10-06T22:39:53+00:00,0.0,neutral
reddit_1wz8yb5,SOL,reddit,r/solana,"PUMPFUN GENERATED $2.84M IN 24H REVENUE, AROUND 15% MORE THAN HYPERLIQUID. 🚨",https://www.reddit.com/r/solana/comments/1wz8yb5/pumpfun_generated_284m_in_24h_revenue_around_15/,2026-10-06T17:40:25+00:00,2026-10-06T22:39:53+00:00,0.0,neutral
reddit_1wz8qa2,SOL,reddit,r/solana,"SolanaFloor Podcast - Solana App Revenue At Bull Run Levels, Is $SOL Next?",https://www.reddit.com/r/solana/comments/1wz8qa2/solanafloor_podcast_solana_app_revenue_at_bull/,2026-10-06T17:31:51+00:00,2026-10-06T22:39:53+00:00,0.0,neutral
reddit_1wz8ooy,SOL,reddit,r/solana,Ownership Podcast - Ownership Podcast S2 E01: Tim (The Syndicate),https://www.reddit.com/r/solana/comments/1wz8ooy/ownership_podcast_ownership_podcast_s2_e01_tim/,2026-10-06T17:30:13+00:00,2026-10-06T22:39:53+00:00,0.0,neutral
reddit_1wz8npv,SOL,reddit,r/solana,"The Good Wood Show Podcast - Vibhu from Solana Foundation ""I started my first company when I was 14"" - EP31",https://www.reddit.com/r/solana/comments/1wz8npv/the_good_wood_show_podcast_vibhu_from_solana/,2026-10-06T17:29:11+00:00,2026-10-06T22:39:53+00:00,0.4404,positive
reddit_1wz8n45,SOL,reddit,r/solana,Talking Tokens Podcast - Why Banks Risk More by Ignoring Stablecoins,https://www.reddit.com/r/solana/comments/1wz8n45/talking_tokens_podcast_why_banks_risk_more_by/,2026-10-06T17:28:30+00:00,2026-10-06T22:39:53+00:00,-0.6222,negative
reddit_1wz8klo,SOL,reddit,r/solana,Solana Is Global With Alex Scott Podcast - The Missing Financial Instrument for Betting on Beliefs,https://www.reddit.com/r/solana/comments/1wz8klo/solana_is_global_with_alex_scott_podcast_the/,2026-10-06T17:25:49+00:00,2026-10-06T22:39:53+00:00,-0.296,negative
f314142e1cd30951,BTC,news,Cointelegraph,Bitcoin grinds toward $87K as US equities hit new record highs,https://cointelegraph.com/markets/bitcoin-grinds-toward-87k-as-us-equities-hit-new-record-highs?utm_source=rss_feed&utm_medium=rss&utm_campaign=rss_partner_inbound,2026-10-06T17:19:58+00:00,2026-10-06T22:39:53+00:00,-0.4215,negative
reddit_1wz8747,BTC,reddit,r/Bitcoin,"Remember, the bank thinks your money is their money",https://www.reddit.com/r/Bitcoin/comments/1wz8747/remember_the_bank_thinks_your_money_is_their_money/,2026-10-06T17:11:19+00:00,2026-10-06T22:39:53+00:00,0.0,neutral
reddit_1wz7t51,SOL,reddit,r/solana,"Meteora Unveils DLMM Pro, Giving Token Launches On Solana A Fully Configurable Market",https://www.reddit.com/r/solana/comments/1wz7t51/meteora_unveils_dlmm_pro_giving_token_launches_on/,2026-10-06T16:56:46+00:00,2026-10-06T22:39:53+00:00,0.8442,positive
32aaefed5ed747c1,BTC,news,24/7 Wall St.,Santiment Names Privacy Coins a Defining Trend. Zcash Is Up 741% in a Year and Monero 77% While Bitcoin Fell 30%.,https://news.google.com/rss/articles/CBMi-wFBVV95cUxQT3BLWEplcHVvS0dBY0xuUVVncGZYVUQyb3Y4b09hYWJKcjVNTlJIUTk4bG5FQkZzb2xINVg5Wjh1U2VtbDJLeGpMNGdtSl8tUC1RTzRodnlVeGN6Q1J4bmtrUHBkb0hzVmNiZmxrb1BDdE0tMXFLVkRNRnZjUC1VWGx6TTA5ckZaMTR4Ql9ZVFpVaFNWVU0tckNBNjZ2VUJ4amlXN2RwU3E0bnpnM2lPQkIwVV9RX3JqdURxVm5iamdBTE05bVRMWnFKR2pwaDZJNGNadUpxS3JaMWZjZnhMMFpidTVVakUwdndjSk00M0c1V0UtanFXMXhScw?oc=5,2026-10-06T16:54:00+00:00,2026-10-06T22:39:53+00:00,0.0,neutral
reddit_1wz7nm6,SOL,reddit,r/solana,"Maple Market Syrup Is Now Tokenized On Solana, Powered By BAXUS And Superteam Canada",https://www.reddit.com/r/solana/comments/1wz7nm6/maple_market_syrup_is_now_tokenized_on_solana/,2026-10-06T16:51:02+00:00,2026-10-06T22:39:53+00:00,0.3595,positive
b9c5fb5afa404aee,ETH,news,CoinDesk,Crypto is expanding the boundaries of what can be priced,https://news.google.com/rss/articles/CBMiogFBVV95cUxONGNTN3BjZkw1cG5TSGwwbUFOYW1CRHdJQ1NHc2kyaXZzcVZDTHpvNkUxb0NOVHJkaVJpSHdfSWo4bG1nWFpRWEQ5Y2VQeXpldGwxMnp6c0J6N0Z2MktvMlFITHowZDV5UkVuM19LN3c1bXV2bDJlQi1zamgxbFFiTENlLUE2bWJzUldvb19qVldMMmlmQjJ5dHpJdnVVSnpkQ3c?oc=5,2026-10-06T16:50:26+00:00,2026-10-07T13:19:42+00:00,0.0,neutral
reddit_1wz7ece,BTC,reddit,r/Bitcoin,Where to lump sum buy,https://www.reddit.com/r/Bitcoin/comments/1wz7ece/where_to_lump_sum_buy/,2026-10-06T16:41:11+00:00,2026-10-06T22:39:53+00:00,0.2975,positive
reddit_1wz7eb8,BTC,reddit,r/Bitcoin,Fiat money...,https://www.reddit.com/r/Bitcoin/comments/1wz7eb8/fiat_money/,2026-10-06T16:41:09+00:00,2026-10-06T22:39:53+00:00,0.0,neutral
reddit_1wz7dk7,SOL,reddit,r/solana,"$VVV, From AskVenice, Is Live On Solana Via Sunrise, Issued By Backpack Securities",https://www.reddit.com/r/solana/comments/1wz7dk7/vvv_from_askvenice_is_live_on_solana_via_sunrise/,2026-10-06T16:40:20+00:00,2026-10-06T22:39:53+00:00,0.7749,positive
35a1e09774cba0b2,BTC,news,Decrypt,"Bitcoin Falls Asleep, But Privacy Coins Zcash and Monero Are Waking Up",https://decrypt.co/380172/bitcoin-asleep-privacy-coins-zcash-monero-waking-up,2026-10-06T16:38:15+00:00,2026-10-06T22:39:53+00:00,0.0,neutral
35a1e09774cba0b2,ETH,news,Decrypt,"Bitcoin Falls Asleep, But Privacy Coins Zcash and Monero Are Waking Up",https://decrypt.co/380172/bitcoin-asleep-privacy-coins-zcash-monero-waking-up,2026-10-06T16:38:15+00:00,2026-10-06T22:39:53+00:00,0.0,neutral
reddit_1wz72u8,SOL,reddit,r/solana,Gasless swaps when you have no SOL,https://www.reddit.com/r/solana/comments/1wz72u8/gasless_swaps_when_you_have_no_sol/,2026-10-06T16:28:43+00:00,2026-10-06T22:39:53+00:00,0.1764,positive
5936919f75ac1043,ETH,news,CryptoQuant,Ethereum’s Average Open Interest Hits an eight-Month High,https://news.google.com/rss/articles/CBMidkFVX3lxTE93NldlalNoVHRCcnhuZXcxLW5fVDJIRksySGZ2MWYxZjg3X1R6UXdhSDdyUnVYNWkxWnNEZWhHR05kdkQ3SmR2TG5aTlBZcTU3eFM3bEdwY2g4LVV5ZHMzOFRCaldtQUR5Q09DUTBKak1NTHBJTkE?oc=5,2026-10-06T16:23:56+00:00,2026-10-06T22:39:53+00:00,0.4588,positive
2098c5bb4da82e29,ETH,news,CryptoRank,SEC Approves 3x Bitcoin and Ethereum ETFs for Trading,https://news.google.com/rss/articles/CBMilgFBVV95cUxQdjl6bzZaMVBnS1g4UWhDc2NGLU9yVS0xM2FQZW1mMUktUGxGUFBIdWhZSDhNT1ZmaFhfS1lEVWUyemFnZ1ZLMTQ1YWRvcjZEV19CcHpQWHkwclZ0ZXM4RmtYams5VExxWnY5OWhGb25EdlBKa2pOeUpXQkhJbGRvMFNpQkJyYW5NZzNabS1PWklROFdhdEE?oc=5,2026-10-06T16:14:50+00:00,2026-10-06T22:39:53+00:00,0.4019,positive
72de0ad7ede39142,BTC,news,PYMNTS.com,CFTC Moves to Build Federal Rulebook for Crypto Exchanges After Clarity Act Fails,https://news.google.com/rss/articles/CBMisgFBVV95cUxOeFVHRlU0YVhUSmdsSjdoTHBhNFRvSU5Sd0pxcGFZaFpBWVROb1dwX1JLaFRQV1BXUFpFR2VZZTdPbXhrREx2Rkk4TXJGU3k4RHJtdFhtMTZNc010bWxTNzRENW00aTBfbXRfc1h0elV4cEZHNHEtSTRpdG1HODVsZFRORkVNMXpiWTAyWDhSQzZraDdlV1hMdWttR1QyellGZFdGaWhOdkFHeFlYN1JtSi1B?oc=5,2026-10-06T16:09:59+00:00,2026-10-06T22:39:53+00:00,-0.0258,neutral
0e30f8519e925dcd,BTC,news,Bitcoin Magazine,Treasury Drops Crypto Surveillance Proposals,https://news.google.com/rss/articles/CBMidkFVX3lxTE1EaG0yVUNteXZUWE15LXllQjJPRmtUN2RJMTRFWVVjdG8tZTdmQmdoRkYtRVNnZktVMGRXMmRCYzB6TC16SEt4XzNlbHZkQldfN2ZUNDRiVHU3NkkzdUNCOVdmZUZhWjVWTzg2dXQtclUwazdHVEE?oc=5,2026-10-06T15:57:15+00:00,2026-10-06T22:39:53+00:00,0.2023,positive
reddit_1wz65fi,ETH,reddit,r/ethereum,The Glamsterdam upgrade has now been activated on Ethereum’s Sepolia testnet!,https://www.reddit.com/r/ethereum/comments/1wz65fi/the_glamsterdam_upgrade_has_now_been_activated_on/,2026-10-06T15:52:43+00:00,2026-10-06T22:39:53+00:00,0.0,neutral
89bef5bcf84e09de,ETH,news,CryptoTicker,"Ethereum price prediction: Glamsterdam live on Sepolia with 64 million gas instead of 200, and why the gap matters",https://news.google.com/rss/articles/CBMihAFBVV95cUxNR200WC1OTnBiU05PTWozblVQUDJKNFRRb09XVnNNU09XYzB1Q3BIOGtsTDZMdmUzOTVURzJJc3QyaE81M0duUDhTTnlxa2NibS1veEVLNEJ4S3NUUHdTdVZSbF80NlFBZnd0LVJidHM1YV9SSGw5emZLSTF4WFh5MTRmX3Y?oc=5,2026-10-06T15:40:20+00:00,2026-10-06T22:39:53+00:00,0.0258,neutral
3a99b0c8331e4eb3,ETH,news,CryptoTicker,"Ethereum Prediction: Glamsterdam Live, 64 of 200M Gas",https://news.google.com/rss/articles/CBMihAFBVV95cUxNR200WC1OTnBiU05PTWozblVQUDJKNFRRb09XVnNNU09XYzB1Q3BIOGtsTDZMdmUzOTVURzJJc3QyaE81M0duUDhTTnlxa2NibS1veEVLNEJ4S3NUUHdTdVZSbF80NlFBZnd0LVJidHM1YV9SSGw5emZLSTF4WFh5MTRmX3Y?oc=5,2026-10-06T15:40:20+00:00,2026-10-07T13:19:42+00:00,0.0,neutral
ea091a3b82a84f3e,BTC,news,24/7 Wall St.,"Benjamin Cowen Said the Cycle Would Bottom Bitcoin Near $60,000 in October. Did Benjamin Cowen Predict the Bitcoin Bottom Correctly?",https://news.google.com/rss/articles/CBMilgJBVV95cUxQb2RQeVB5ZW5tdTVoWUxwRlgwSHNpV0lwb3lyOEVGQ1MzclRsbTBaNVRhY1FUT3NjS0RUYl9FRm4yaExwYWlZRXRLczVLQnVldkU0LTl1dFRPQ1VOMkNoSS0wd0FzUW5Nel8xanlNV1FqMGZIMGhlSjFDMTI5M0xNR09QR3M4REJDcVFKRy13cmZTbVZaOU40cW0td0thcHliZ2U3SllaTUpQeFlzNG1hM0MxTWNqRERDSmNLMXlqYWhiMUhRcE52eWplcHhWa016aWMtM1M2MGFOdVMwQTFwcGw3QWI1eG5xN0otRlNMVUtTTkU1UEZWTzZybDV2eFR2REtTVHVBS0VvWTZLa3Z2cDQ0SFN6dw?oc=5,2026-10-06T15:37:00+00:00,2026-10-06T22:39:53+00:00,0.0,neutral
reddit_1wz5qkw,SOL,reddit,r/solana,THE BLOCK: Solana Foundation has launched an open source delivery-versus-payment settlement program for financial institutions,https://www.reddit.com/r/solana/comments/1wz5qkw/the_block_solana_foundation_has_launched_an_open/,2026-10-06T15:35:59+00:00,2026-10-06T22:39:53+00:00,-0.1613,negative
eb5adc9b0d42f94d,BTC,news,Yahoo Finance,"Analysts Set Ambitious Bull Market Targets For Bitcoin, Ethereum, and XRP",https://news.google.com/rss/articles/CBMioAFBVV95cUxQZ3Z3THE3LVo0VXA4NXp6ZW5LRVVuNnEweU9hLXY2N2owRUVZU3l5VkdEa2IyYlViSHVhMlkxajdvem13UmFnb0JBMnNqUGkwN2JLWTZZYURZTW51M2RkbUxTU3AyclRCUEprLUp0WXpXSVhpay1XTnBCWURzWk1femdTVlREY1N2OTJrZDdJOWZsbGQ3M1pwdVh5aUFxN3VP?oc=5,2026-10-06T15:26:22+00:00,2026-10-06T22:39:53+00:00,0.4767,positive
eb5adc9b0d42f94d,ETH,news,Yahoo Finance,"Analysts Set Ambitious Bull Market Targets For Bitcoin, Ethereum, and XRP",https://news.google.com/rss/articles/CBMioAFBVV95cUxQZ3Z3THE3LVo0VXA4NXp6ZW5LRVVuNnEweU9hLXY2N2owRUVZU3l5VkdEa2IyYlViSHVhMlkxajdvem13UmFnb0JBMnNqUGkwN2JLWTZZYURZTW51M2RkbUxTU3AyclRCUEprLUp0WXpXSVhpay1XTnBCWURzWk1femdTVlREY1N2OTJrZDdJOWZsbGQ3M1pwdVh5aUFxN3VP?oc=5,2026-10-06T15:26:22+00:00,2026-10-06T22:39:53+00:00,0.4767,positive
16787fb4533ea1fc,SOL,news,CryptoTicker,Solana Price: Will the $117 Level Hold?,https://news.google.com/rss/articles/CBMieEFVX3lxTE9Ld2EtUjlLcXZuUmR0V0ZqYm13VldVbVdIVFBfRTdGdzZycUYwd3pSSHZ4TVhMREp1d1BhQXhCaUx2RU9oaUs4S25rMlhUdGF3WnNQdy1WZkV4dmZaa3R0LVhDbTV2VkhXeTVwSTNEQ3p0Rm1kQnRnbw?oc=5,2026-10-06T15:16:17+00:00,2026-10-06T22:39:53+00:00,0.0,neutral
b0c14f5b498eb660,BTC,news,24/7 Wall St.,"Citi, Standard Chartered and Bernstein All Cut Their Bitcoin Targets in 2026. Citi Sees $113,000, Standard Chartered $100,000 and Bernstein $125,000.",https://news.google.com/rss/articles/CBMipAJBVV95cUxOaGE1RHFtbkRsUlkwTWVyT2V6RW1LWjhoQjZkelhyNjJLeDhZcFh0WExNOVVmSDdOdnNaakdrV0ItOV9DZ0UtVkJCbWRLWlI2WENjNHdPdlJwQjFmdC1NTnk1dVU2Rk1HOEhyVk1ZS2JsckFON0JYa3dHaUh4cF96T2tCdUZJTTBPUjlaY2EzMUhVY050R0pZNkZacHRxaEVOTHNwZTE1UHhHb2VlU0toeGJZSm5FMkJhWXBJdGFTblpfaWdjR254UzN6NElBdThwSmQ4WUI1Y1BibVdQNDNVYW5ldGVUX0paS3NNVEFiZHRrazdiR2lfU0lWLVhBS3lWeVFlbkdrM3Y4dVB3Z3RjOXU1SlU3cDZXZkJFS1JtZ195dlBN?oc=5,2026-10-06T15:02:00+00:00,2026-10-06T22:39:53+00:00,-0.2732,negative
reddit_1wz4pig,BTC,reddit,r/Bitcoin,"OP_RETURN: how Bitcoin's data output went from a 40-byte cap to 80 bytes to uncapped, with the blocks to check it",https://www.reddit.com/r/Bitcoin/comments/1wz4pig/op_return_how_bitcoins_data_output_went_from_a/,2026-10-06T14:55:59+00:00,2026-10-06T22:39:53+00:00,-0.7845,negative
77dca4ae3091531c,SOL,news,bloomingbit,"Raoul Pal Says Weaker Dollar Would Signal More Crypto Gains as AI Money Shifts to Ethereum, Solana",https://news.google.com/rss/articles/CBMiVEFVX3lxTFBiQlhlTVkwaVcxMVNRUURqaVU1Q1lTMEhVS05tWklENGJGQ2VfYTlSODJCSzFDUlJaRnIxT0QzUDZuMHhpbWJXWlZubDRaRE90S3Y4SA?oc=5,2026-10-06T14:51:26+00:00,2026-10-06T22:39:53+00:00,-0.0571,negative
853eb25a586c5909,ETH,news,CryptoSlate,"Ethereum bears keep selling but ETH price stays near $2,700 as US spot ETFs record $206M in outflows",https://news.google.com/rss/articles/CBMingFBVV95cUxOMVk2ZlBzOHFrNS1iR01fcno4NmwwZjY1OVFhTWRMdExoNFd2a1dLTHFrX1hqZjRZV2U1enhPMUJtaHNxQjhCMklobUpEQlVxN0FxZXZIMVNtc3hKZHRrY1IzaGZBZEt1bGlOWGM0UE0ydUhwTmhnSGh2VldyVldrb0FYRU5QOEwwRmNfSDV1SV9lWUd0OHpRaVF3NGxXQQ?oc=5,2026-10-06T14:50:42+00:00,2026-10-07T23:04:10+00:00,-0.3612,negative
reddit_1wz4hdu,BTC,reddit,r/Bitcoin,We're still early,https://www.reddit.com/r/Bitcoin/comments/1wz4hdu/were_still_early/,2026-10-06T14:46:41+00:00,2026-10-06T22:39:53+00:00,0.0,neutral
reddit_1wz4dg9,BTC,reddit,r/Bitcoin,Found this in my English book🤯,https://www.reddit.com/r/Bitcoin/comments/1wz4dg9/found_this_in_my_english_book/,2026-10-06T14:42:11+00:00,2026-10-06T22:39:53+00:00,0.7213,positive
61899457e6bb07be,ETH,news,24/7 Wall St.,"Arthur Hayes Sees Ethereum at $10,000 by December. Ethereum Has Never Gained 270% in a Quarter From This Size.",https://news.google.com/rss/articles/CBMi9wFBVV95cUxQMDYwbTVuWFdmZXc2Y214aXRsS1NxU2NzNk9abGd3cldFc2hNQUNScE1PNkx6R1hyUzFFa2FDaFJjMDlGWEpvSVM2cGNrbVB1U1FkTzJOYktJeHByYjVmU25FUXhTakRTTFhjYVlsX0FVLTljaFF4M3hlNjhjakNmVFo5TXhCMTFGc1ZaQUx0Ujc4MGxrOWJ6d1psQjVYck1mSm04RHVld0FZcTc0b25NeS1TY2E4ajg2THBXUWQ3U3VZbE5lTmVMTnp2VlNlUEJMNEh5dVh4Mkc1TENoMjVSNDRHMHdlOGd0M1B0cUlEdW1YSW4zZXlz?oc=5,2026-10-06T14:30:00+00:00,2026-10-06T22:39:53+00:00,-0.2924,negative
e403ed5f5c182040,SOL,news,Yahoo Finance,Solana’s New Tool Settles Bank Transactions In Seconds,https://news.google.com/rss/articles/CBMipAFBVV95cUxQZ0s2WG85UVNLc19XOHRlc3dIVnFwOTdFTzRhS2J3WVdtaFNiTzNjSlVjNG5DUG1VY3Y1dmpQcXg1emk3YWVrUjVrV2lUa0JqUzdVM3BaY1NlTnRIa245TzRwa2Z6bU9ZdzE1Rnd1SENsR2dMT1dSUl91TVJSQmtaZVAyZU5DY1h2U2ttZFVQZFhrZHZfV0xDbDJ0am5oWGpJcEh1Zw?oc=5,2026-10-06T14:15:00+00:00,2026-10-07T05:56:27+00:00,0.0,neutral
1a3caa3f02271cd0,ETH,news,CCN.com,"CLARITY Act Is Dead, but First 3x Bitcoin and Ethereum ETFs Clear US Regulatory Hurdle",https://news.google.com/rss/articles/CBMifkFVX3lxTE9qRWNwS3ZNbDdsdk5OdWdhdXk3czZuYnJiaWpWanRHVnFWYktqRENYajh0WTlZQlNaQng5ZFp1VWFSQTQtVnNSRHFoVG1WQXBVQkZfRTgxNkJBanAxcGhiTXY3Sk54R1hXejllcTVvT24zU3NlaWw3NEdSZjY2dw?oc=5,2026-10-06T14:06:35+00:00,2026-10-06T22:39:53+00:00,0.4527,positive
1a3caa3f02271cd0,BTC,news,Yahoo Finance,"CLARITY Act Is Dead, but First 3x Bitcoin and Ethereum ETFs Clear US Regulatory Hurdle",https://news.google.com/rss/articles/CBMilAFBVV95cUxPa1Jzd0Zob1B1RDM2eXlyZDNFdVdSbjZOb0dzQkZuVVdLMDVyRWl1T20tSTdGajBBVnhkaGVvb3B1TV9RSlVaemY4cFlVejJoRF9VdVNzQThpT0h0dGwwckRJUzEyaXpacE1TT2psZ3lwUG1PNjAzY1hVOUtfQUlncVhkc1RzUkx2ekQ1dVBBWi1TYUp4?oc=5,2026-10-06T14:02:16+00:00,2026-10-07T23:04:10+00:00,0.4527,positive
90eac28332b45e5f,BTC,news,Yahoo Finance,"Only Five Coins Have Gained Over the Past Year: What Do They Have in Common While Bitcoin, Ethereum, and XRP Have Plummeted?",https://news.google.com/rss/articles/CBMilwFBVV95cUxQQ0FkbGRmUWxNS3lYa2ZwVUgwamw1ZHVmZS1iNTBEWkZheV9hWTJ3clMzdWFTZUNxaDItQXg5S3dkM01qa1NXUnVXaGJiVTllR1RpaU92MDhtRWttV2UtcXRjSnNvVXJlQ1Fkd1dZaXVDV2JxaHhQVnRMRzVnWTQ0RTRiR094dmFab1pxTlk1MktkcUNBY0Nr?oc=5,2026-10-06T14:00:26+00:00,2026-10-06T22:39:53+00:00,0.3818,positive
90eac28332b45e5f,ETH,news,Yahoo Finance,"Only Five Coins Have Gained Over the Past Year: What Do They Have in Common While Bitcoin, Ethereum, and XRP Have Plummeted?",https://news.google.com/rss/articles/CBMilwFBVV95cUxQQ0FkbGRmUWxNS3lYa2ZwVUgwamw1ZHVmZS1iNTBEWkZheV9hWTJ3clMzdWFTZUNxaDItQXg5S3dkM01qa1NXUnVXaGJiVTllR1RpaU92MDhtRWttV2UtcXRjSnNvVXJlQ1Fkd1dZaXVDV2JxaHhQVnRMRzVnWTQ0RTRiR094dmFab1pxTlk1MktkcUNBY0Nr?oc=5,2026-10-06T14:00:26+00:00,2026-10-06T22:39:53+00:00,0.3818,positive
48912fee542e7bb1,ETH,news,Cointelegraph,Ethereum’s Glamsterdam upgrade launches on Sepolia testnet,https://cointelegraph.com/news/ethereums-glamsterdam-upgrade-launches-on-sepolia-testnet?utm_source=rss_feed&utm_medium=rss&utm_campaign=rss_partner_inbound,2026-10-06T14:00:00+00:00,2026-10-06T22:39:53+00:00,0.4201,positive
90eac28332b45e5f,SOL,news,24/7 Wall St.,"Only Five Coins Have Gained Over the Past Year: What Do They Have in Common While Bitcoin, Ethereum, and XRP Have Plummeted?",https://news.google.com/rss/articles/CBMiiwJBVV95cUxOLTJZYVEtWEZoNWFFOUo4MlNpbzZxR2toUjBGalV1VF80ZVlIcktnZUNJaTdYV05XMDQ4dlVsOVNTdmZFU1VGcG1pTjV5QVc0SkwzdjYxcnJGeFExMDlvN3pfWVF4Y1VQRm5zSk5SMVZ5TlJYWU9yTUhxZlFGZ1dDWWo4Q005WWVOTW5Ec3NYaW0wbk1tOV9hZGZEU01PeFM2aVRBSmhuVWVwOS1TRlpweVZpc3ZHc2VmWnFwNGZPVUJxUmZLUXJGMGdBUjh4YkY2c29nb2pIb1hCX0w5UWFNek1SZXRKekdBNVYyZFRuN3MzQktYLUR6eGx2UHpMZTQ1YjNXQ3N1Y0tTcFU?oc=5,2026-10-06T14:00:00+00:00,2026-10-06T22:39:53+00:00,0.3818,positive
reddit_1wz37cj,BTC,reddit,r/Bitcoin,Which cold wallet,https://www.reddit.com/r/Bitcoin/comments/1wz37cj/which_cold_wallet/,2026-10-06T13:53:52+00:00,2026-10-06T22:39:53+00:00,0.9719,positive
05387b867f9dafdb,SOL,news,CCN.com,Solana’s New Challenge to Ripple Puts Viral $240 XRP Prediction in Focus,https://news.google.com/rss/articles/CBMihAFBVV95cUxNNlBVT2o3cWR5aFpzaTlsYzlsVkZOUHI2S0pwbEZmTGpZdGViSWpXSGg3SDZZNVlYc1A0bWZwcng5ODRUV1VpdXZQMVF5eTNRZ3ZyQXNXaFFwR3luM2NONzRBMGwxT2d2S2pGdjg1R1hJVzVKN2M0SlZMZkpwVEVtaHlaRks?oc=5,2026-10-06T13:41:35+00:00,2026-10-06T22:39:53+00:00,0.0772,positive
60ef1c312cc5a9a9,BTC,news,CryptoRank,"Crypto Price Analysis, BTC, XRP, NEAR, SOL and QNT, October 6: Bitcoin and XRP Slip as NEAR and Quant Advance",https://news.google.com/rss/articles/CBMi2AFBVV95cUxQMDV1SVBEQWZHdGZNRzZKX2U4a1U4cER6aEpvVVNrSGc4YmtjZkoybG95Rl9lRTZXNGhwRkZOMDNsOThSeWtLUDFPN2o4MHFCMk1NOXkzQ29kQ3FNSTJMb0FHelFQcDB5UlIzRlJJTnRDdzQ0eUJwSnRUeWp6UWRzbkJvZS0tUlVMckFMa2wzMFprVzV1M1NPeTNOSFNNMjRDVGtxcEZyQ3NvYkItamlCTFVkb3FBNE1sWlJ6Y0twUW1RMC1jYUNIRXBCRl9kVUtDc2Nlczdrdkw?oc=5,2026-10-06T13:40:12+00:00,2026-10-06T22:39:53+00:00,0.0,neutral
reddit_1wz2qo8,BTC,reddit,r/Bitcoin,“Cycles.”,https://www.reddit.com/r/Bitcoin/comments/1wz2qo8/cycles/,2026-10-06T13:33:58+00:00,2026-10-06T22:39:53+00:00,0.0,neutral
bea076989833bbdf,SOL,news,BeInCrypto,"Which Crypto Has the Best Chart? Peter Brandt Compares XRP, Monero and Solana",https://news.google.com/rss/articles/CBMie0FVX3lxTE9fV0RXbVo3VW5XUGEyVExfWDFwYlN3UVU2RFFJZ21zZmEwbTI5SVdDck9QOGFxTVlaWnRFWm1BQTFnX2pTMk5wU1ptbWZTWW4ySW1ySFg3RURRRzZWTDFuMUVhNHUzZWs1YVloN1g2VEs3Y2hTSXRCU1h2OA?oc=5,2026-10-06T13:32:00+00:00,2026-10-07T13:19:42+00:00,0.6369,positive
c8537682bcd4614a,ETH,news,Yahoo Finance,Ethereum Layer 2 Blast Is Shutting Down: What Happens to Your Coins?,https://news.google.com/rss/articles/CBMinAFBVV95cUxOX2FIZV9tSnRWQ085NDd0emUtczRmUEVtQzJRNlExWDdmUWRBbUpubjFhUzZ3ZGxoR3hUZlBUb2VPRnhFd3QtWmpiWmpxN2F1elN0TjVBWVRrRWdtTlg2SFhrcUluZGZuOHBGZU9YUEY3ckxNdXhJZU91QW94NDFia24teUlSWDhiTnotY01rM3lDVVctMGpoRHFjVTQ?oc=5,2026-10-06T13:30:36+00:00,2026-10-06T22:39:53+00:00,0.0,neutral
d2c9ab2a9bff7f1a,ETH,news,Cointelegraph,Capital starting to rotate back to crypto from AI: Raoul Pal,https://cointelegraph.com/magazine/weaker-dollar-crypto-green-light-raoul-pal-trade-secrets?utm_source=rss_feed&utm_medium=rss&utm_campaign=rss_partner_inbound,2026-10-06T13:30:00+00:00,2026-10-06T22:39:53+00:00,0.8979,positive
d2c9ab2a9bff7f1a,SOL,news,Cointelegraph,Capital starting to rotate back to crypto from AI: Raoul Pal,https://cointelegraph.com/magazine/weaker-dollar-crypto-green-light-raoul-pal-trade-secrets?utm_source=rss_feed&utm_medium=rss&utm_campaign=rss_partner_inbound,2026-10-06T13:30:00+00:00,2026-10-06T22:39:53+00:00,0.8979,positive
a1d339d89d7ed4bd,SOL,news,NewsCord,Solana Foundation Launches Open-Source Solana DvP With J.P. Morgan Input For Seconds-Scale Settlement,https://news.google.com/rss/articles/CBMi6gFBVV95cUxNdVdLYjBHWjNrYlhYZjdxYk8walZIVVlRM1pWRDV1dTdpZW41MEVfMlJkbG9iRUVUaHVoZUN0aDBUa0lOVmFnSmdhbkRlT1VEZ0t3dEJWZ1hJbkFpV2ZPbU5Za2pwYnBYbmt4T1Jlb0xvc3kwbzZHOVJUR0xYajlkZTlsTWRiMGpkMWxjcGFxUDJNZENLX29Jdk1hZ3BtX1cyTEhYTWZfUXk2OEdkT2QwWnZjZm5QX2hRRS1JV2xyVVBVR0k2SFNENXZRQ3o4a2ZpY0NJaWpYVzV5bGsyTHdGS0NZTGgwTTFBUmc?oc=5,2026-10-06T13:29:36+00:00,2026-10-06T22:39:53+00:00,0.0,neutral
reddit_1wz2fp3,SOL,reddit,r/solana,Arkham data shows a pretty massive wrapped SOL position,https://www.reddit.com/r/solana/comments/1wz2fp3/arkham_data_shows_a_pretty_massive_wrapped_sol/,2026-10-06T13:20:33+00:00,2026-10-06T22:39:53+00:00,0.4939,positive
e901a59aace4309c,ETH,news,CoinDesk,Arbitrum joins Paxos-led Global Dollar Network as USDG lands on Ethereum L2,https://news.google.com/rss/articles/CBMizgFBVV95cUxNRnFzYTcyaU95UmJZVnBNb3lEajFlcjM5cW9QOEc0TVhXUDJzYldqMy0zQmJoZ01OZXFjbnVrb0w2QmtaVXlBcWtmc09aTTlZYk9qQ2lZWDRNX1BWSXRMOHZBZ3hVUGJJOGczVGdDY1d3QWwxcUl2cmxIek5MVnZaYWpaVUt3ZkxkT2tmUkxscVJLb0lKRHBvaE5DZHMzNHdYZkgxSENfTnhaSl9pak5RZFFuemtfemZiSkFfcmVNaDRjQkR1N09DRzk3Y25XQQ?oc=5,2026-10-06T13:02:33+00:00,2026-10-06T22:39:53+00:00,0.0,neutral
reddit_1wz1r41,BTC,reddit,r/Bitcoin,"I have claimed 0,1 Bitcoin",https://www.reddit.com/r/Bitcoin/comments/1wz1r41/i_have_claimed_01_bitcoin/,2026-10-06T12:50:06+00:00,2026-10-06T22:39:53+00:00,0.0,neutral
reddit_1wz1r3b,BTC,reddit,r/Bitcoin,Bitcoin - Hold It Close (Song),https://www.reddit.com/r/Bitcoin/comments/1wz1r3b/bitcoin_hold_it_close_song/,2026-10-06T12:50:05+00:00,2026-10-06T22:39:53+00:00,0.9545,positive
e3ac37f9249b07f7,SOL,news,Pluang,"USDC minted 250M tokens on Solana again, matchi...",https://news.google.com/rss/articles/CBMimAFBVV95cUxQdk8yaDBoSDN4ZWNzSjJjSWRkYUUyNTB1LUR2OENPUXpJamtncm8xMUdtSnNTdFJXdUhIZHNBUmFJakhQdmFHY3RadS1vRkhacUI0dG15dnpCUWluczlDQkRDc2dNa3JtUE1DcDI5RjFoanF2TnBRMXRxUEdyVmJnOERjcnFINnRiZ21oc1NrNzIxOE85dVNseQ?oc=5,2026-10-06T12:46:51+00:00,2026-10-07T23:04:10+00:00,0.0,neutral
facdc4dba3278a35,ETH,news,CryptoSlate,Ethereum’s proposed 3x ETF could reach CME’s futures threshold with just $362 million,https://news.google.com/rss/articles/CBMiiwFBVV95cUxNcm1NUkNlRHJGcDJ4bmUzSUtCSTNTRGlFa25WMV9HbE9UcWFmcjg5NlNlTzY3Z2JEa2ZvcjZlUGVEUzdFMWh6bG1zMGg3SUt3Um9vVV9aVHV6TGRTM2c5X0h1X3VuRFh0Y213aXc3UnQzczhfemJ3X1hOcVI0OFp1cXp0aGVaYjFyOFNZ?oc=5,2026-10-06T12:38:42+00:00,2026-10-06T22:39:53+00:00,0.0258,neutral
4c5a18b74aae1610,BTC,news,Trending Topics,"Bitcoin at $86,000: C.F.T.C. Plans Crypto Rules Without Congress",https://news.google.com/rss/articles/CBMib0FVX3lxTE9ZbnpsRmF0d2MzV3ZnbVVpR1ByVnlBMVJKX040a1ZwMVhCdDVXaEt6ZXEwRUN3TWFtcmx3U2JkZnFrVmt1WEp1a2pMYzFPVTd2UzhPenRFWlRwV01zVzNyREE2ZkpuN2VHSTFFaTl5Zw?oc=5,2026-10-06T12:31:12+00:00,2026-10-06T22:39:53+00:00,0.0,neutral
f14090b5a6c039ed,SOL,news,investingLive,SOL consolidates near recent highs as Solana launches DvP and Treasury yields ease. What's next?,https://news.google.com/rss/articles/CBMi0gFBVV95cUxPOFBpeUJpcmVwM2lJdE12UWY0Ui1ncXJYc1Q2NzI5T0dqV1NqN204OFFNOF95VV9XVEFrYVpXb2RtNFh4MlhacWZGcllWZDktOFRWaXlDSVJGOUFJU19VUjdKZ01nMUZ2QmhuY3d3Q2VZZHNabmtDcFNXcEREY0lLWGJWMUQ3UUlwV3lFcWk2QXVLMUlQLVFNWlg1cnRtT0I4dDlRTEFHY1VjUGJBVGxQNE9zNUVwcTFiRWRrYzdSRTZSLXVmZ0FleExvd2ZDdUZtYkE?oc=5,2026-10-06T12:14:03+00:00,2026-10-07T05:56:27+00:00,0.5106,positive
ff0d2a5cea0ffc20,SOL,news,Substack,"September Blockchain Technology Update: Hegotá Takes Shape, Solana Speeds Up, Liquid Exploited",https://news.google.com/rss/articles/CBMifkFVX3lxTE1paEx1UnRxZ3l2bXhua3o0WEFrTG1aU2pBaW9jNzkxdzRGWjlwcUx1YmNBUTNpTjZON3JaT2FEdGdOTGo0VDZaMk84VW1haEtnZW5uMWFvaGFBT0JrTGoyVEVvdy1UMWtIUkU4RnBBNVpveEx5cmlpX1E2Qm5VQQ?oc=5,2026-10-06T12:10:21+00:00,2026-10-07T13:19:42+00:00,-0.5423,negative
8e1ea200b9af4f2f,ETH,news,Startup Fortune,"Tom Lee says Ethereum could still hit $22,000 to $62,000 this cycle",https://news.google.com/rss/articles/CBMilgFBVV95cUxNYXVvb09MVUhta3QxLUdEekNtZk81TFNJRG1BMjZhZEdMNHZDTkV3U2FMbnlaOHBzMjQtQjd1VFYtRVdmUTVxRXZydFRGdHV1cm5wZXhIMGJLTmpxaWxzRXdRLUhlX2VNVHJBZ2dKc0xUWlAzU1FLZ0w2eUNlVDQ5b3FMWXJwajV0REE4N3dqZHFuNGhESnc?oc=5,2026-10-06T12:09:40+00:00,2026-10-06T22:39:53+00:00,0.0,neutral
574392f15659578c,SOL,news,AMBCrypto,Solana nears breakout as whales accumulate $23M in SOL – Can $150 follow?,https://news.google.com/rss/articles/CBMilgFBVV95cUxQTEJ6OUZQbnY0dmx1SC1rNEZORS1ZNFFNckJXRmw0ZzY4SG9QX1ZVS3d5dXhDUDNuOEctYnV6T1c4Z1N0RnhtVDZGX1p3MUZsYkJSSmNGX2NfNzFHbWRFTUg0LUozMFA3b2NoX0c1aW1XZHFLSWUxRmdwWFM3NGpnZkEtMFpqbmg1RE45WTc1NHp0dVFnMXc?oc=5,2026-10-06T12:00:16+00:00,2026-10-06T22:39:53+00:00,0.3612,positive
7312ae70556c7c1c,BTC,news,Refresh Miami,Can Bitcoin solve the broken homebuying math? Milo thinks it can,https://news.google.com/rss/articles/CBMimgFBVV95cUxPSWJoZnBFaG9zZGRMczNRZlFlZW9Ha1J3QWlZckFiZnhuZlotSWRjZTBzMWk0OTRxMElac3M4QUU0OFlhV09sWEFRYlRJSnJMcXltcERKbnpFOGQxZTZWeTZQRjF5eGhUS2tWdDFPQlhoRVZhZlRkWk5RQzhPS3RraUl3aDhMZVVRcW04UG9LOENtZGNRMXNoTVdR?oc=5,2026-10-06T12:00:00+00:00,2026-10-06T22:39:53+00:00,-0.3182,negative
f4163daab727543d,SOL,news,CryptoRank,Solana Foundation Launches DvP Settlement Program With J.P. Morgan Input,https://news.google.com/rss/articles/CBMirgFBVV95cUxOekNKUDRkNmMxOE1HSUpNMzJ1SFpqVlhnMkpiMUJHbXIyQTMwMjZBMm16U3dEM3J5SWljazBfY3lnVl9QVWhWc1NYaEdXSnJUVUU0eGtzS2FhbFpUclJvSUwwZk1YQXZlM3BCQmxvV3NDRXVUb00xNGFZeXRxXzBPbUllRmJSODA1alZ2Z3dNWlhmTFpjeGdxUl85RndiN2YybWxYa2JrUks2VllUMlE?oc=5,2026-10-06T11:53:10+00:00,2026-10-06T22:39:53+00:00,0.0,neutral
reddit_1wz0hy5,ETH,reddit,r/ethereum,DF research Ideas: Chaos Theory x Theoretical Physics,https://www.reddit.com/r/ethereum/comments/1wz0hy5/df_research_ideas_chaos_theory_x_theoretical/,2026-10-06T11:47:30+00:00,2026-10-06T22:39:53+00:00,-0.5719,negative
9b02b9d7583f68ef,BTC,news,Fortune,"Current price of Bitcoin for October 6, 2026",https://news.google.com/rss/articles/CBMiZ0FVX3lxTE41anh5d0VSOUhlcExlcFB1UWVsRGNEZzhHMDBEWWlqZmZCbkxVNDlZMllwV2lTcW9rVE1MOTUtaDhjbmYwTTBqNGNJTU8yS0txcWc3akU5RnJvRTJTMkxBUGE4bXhBbG8?oc=5,2026-10-06T11:45:00+00:00,2026-10-06T22:39:53+00:00,0.0,neutral
028287d769328949,BTC,news,Fortune,"Current price of Ethereum for October 6, 2026",https://news.google.com/rss/articles/CBMiaEFVX3lxTE9hMkpTN1NtaXJTX1dabzZoVkJ1aU9GSnNBc3pja0lERjVVT3RxQ0p4OG5HdGVjRlFhMGpXQ044bTBabWdOMkNYV3BKd1BmajlhV3F0YTd6aEk5QzRKZ0FfQW51Z2poaDgt?oc=5,2026-10-06T11:45:00+00:00,2026-10-06T22:39:53+00:00,0.0,neutral
028287d769328949,ETH,news,Fortune,"Current price of Ethereum for October 6, 2026",https://news.google.com/rss/articles/CBMiaEFVX3lxTE9hMkpTN1NtaXJTX1dabzZoVkJ1aU9GSnNBc3pja0lERjVVT3RxQ0p4OG5HdGVjRlFhMGpXQ044bTBabWdOMkNYV3BKd1BmajlhV3F0YTd6aEk5QzRKZ0FfQW51Z2poaDgt?oc=5,2026-10-06T11:45:00+00:00,2026-10-06T22:39:53+00:00,0.0,neutral
75b476d47db011ef,BTC,news,Fortune,"Current price of Bitcoin for Oct. 6, 2026",https://news.google.com/rss/articles/CBMiZ0FVX3lxTE41anh5d0VSOUhlcExlcFB1UWVsRGNEZzhHMDBEWWlqZmZCbkxVNDlZMllwV2lTcW9rVE1MOTUtaDhjbmYwTTBqNGNJTU8yS0txcWc3akU5RnJvRTJTMkxBUGE4bXhBbG8?oc=5,2026-10-06T11:45:00+00:00,2026-10-07T23:04:10+00:00,0.0,neutral
ab494ab5e1f69f46,BTC,news,Yahoo Finance,"Bitcoin and ethereum prices today, Tuesday, October 6, 2026: Crypto prices rise after record day for stocks",https://news.google.com/rss/articles/CBMiiwJBVV95cUxOT3dXakdhZUZDTHpNQ2FicUZNekt2bFV6TE41bzFEOFltWmRzZl84c2p2Z09HaDdVUmJKaWpEbFNWdENTYkxBdEtielNYTS1uQXEwNUlRT0oxNVJqVkQ3ajBVUlYxZENsQWFBV2JpUkhheWZCTFNrbWJxbHRNaVlweG9BNTZwdmFXenV6T2phSUN2UmxHT2JfUWRNZEJlQzRQY0pfd3l4ZVJIbW9IdGJXT0ZCRnZGeFhLY0FZS29rVVFWWFJ3X1F4bDJwOG5BMnZZUzRFaGdTZmVHQm05Q1BoSXhLNk43U0s3VEdMR2Z0UlJwSVVDbkpwSkVpckhHUEZYMG1DbFZpS1J3RHc?oc=5,2026-10-06T11:43:34+00:00,2026-10-06T22:39:53+00:00,0.0,neutral
ab494ab5e1f69f46,ETH,news,Yahoo Finance,"Bitcoin and ethereum prices today, Tuesday, October 6, 2026: Crypto prices rise after record day for stocks",https://news.google.com/rss/articles/CBMiiwJBVV95cUxOT3dXakdhZUZDTHpNQ2FicUZNekt2bFV6TE41bzFEOFltWmRzZl84c2p2Z09HaDdVUmJKaWpEbFNWdENTYkxBdEtielNYTS1uQXEwNUlRT0oxNVJqVkQ3ajBVUlYxZENsQWFBV2JpUkhheWZCTFNrbWJxbHRNaVlweG9BNTZwdmFXenV6T2phSUN2UmxHT2JfUWRNZEJlQzRQY0pfd3l4ZVJIbW9IdGJXT0ZCRnZGeFhLY0FZS29rVVFWWFJ3X1F4bDJwOG5BMnZZUzRFaGdTZmVHQm05Q1BoSXhLNk43U0s3VEdMR2Z0UlJwSVVDbkpwSkVpckhHUEZYMG1DbFZpS1J3RHc?oc=5,2026-10-06T11:43:34+00:00,2026-10-06T22:39:53+00:00,0.0,neutral
c2bbc805458be698,BTC,news,Moomoo,"Bitcoin Above $86,000 as AI Optimism Spreads to Crypto -- Update",https://news.google.com/rss/articles/CBMipgFBVV95cUxOSm1WT1ctNjhZc1hTbWNKb0xBcE4wV01yT29zeHBuRWxHcnkyajVsUUhhTVAzUG9tSl9qa2NBTXRDOUtaNzBvV3RyWGxlekJBc3hOa3AtN3NaOWxUUmxaMENqS0V1RU53SzFDU0NqUXdyRFI4OU5HaXFfQzVKNTJ2OGZCMVMzM3RzOTZNRUlia09yTnd3LTNWSTloWTVMeVVnVmpvZWRB?oc=5,2026-10-06T11:42:16+00:00,2026-10-06T22:39:53+00:00,0.5423,positive
ebbb225b35e7fd79,BTC,news,Yahoo Finance,"Bitcoin Beat The Forecast, But TD Cowen Reportedly Says The Rally May Have Further To Run",https://news.google.com/rss/articles/CBMimwFBVV95cUxQaE9WVmlxc3VUZ0tJckZRR0phLTZUV25GRmkxWEFpMERrVjBoS19KYk1ZaXQtZzJEbUFZOFk4WVVVU3QyanI2b09ZM0ZRQldTN0hBTmpiTjhNVkxSREczclNxYmVvQjU2NVlKWWlrWnpNR0ttQ1U3SWlLaGFFdzVDelJwTVNpcWZvQVZiN2xfdHFvSWVxbjFIeUZMOA?oc=5,2026-10-06T11:40:15+00:00,2026-10-07T05:56:27+00:00,0.6124,positive
cc98112a857bc732,SOL,news,Cryptonews.net,Africa’s Largest IPO and Memestocks Boost Solana’s,https://news.google.com/rss/articles/CBMiXEFVX3lxTE1ab3Z0SEZSZm5IUVRKSjZ6RDlaS0Nyckt1UFpheFdkSE5xald1STMzSE5YMWNPeUdnZHNBS0NxQlNtZU45UzBjY2hhUDhEdVU1RTYxMTJ1MDJtNkNJ?oc=5,2026-10-06T11:33:10+00:00,2026-10-07T23:04:10+00:00,0.4019,positive
fe4219fc24d80137,SOL,news,bloomingbit,US Crypto-Linked Stocks Rise in Premarket; Solana Company HSDT Gains 1.9%,https://news.google.com/rss/articles/CBMiVEFVX3lxTE9jcExHNV9IMUpOTHBJRE43NlB1QmFwZzRfWUdxWFd2QVRrUm11eExTdGFJYTRtbERxSXYyX3BtUVdENzg2Mmo2aTBMQUczcFNiTm8xeg?oc=5,2026-10-06T11:30:41+00:00,2026-10-06T22:39:53+00:00,0.34,positive
fd7f0fb27b1f1480,BTC,news,CoinDesk,The VIX of bonds is rising but bitcoin and stocks aren't hearing it yet,https://www.coindesk.com/daybook-us/2026/10/06/the-vix-of-bonds-is-rising-but-bitcoin-and-stocks-aren-t-hearing-it-yet,2026-10-06T11:30:00+00:00,2026-10-06T22:39:53+00:00,0.0,neutral
6c8b24d52ba6613f,BTC,news,CoinDesk,The VIX of bonds is rising but bitcoin and stocks aren't hearing it yet : Crypto Daily,https://news.google.com/rss/articles/CBMiugFBVV95cUxNSjlUWkRrdmNiT2l6bkxyR3gzTGNEdF90U1RyRTJXZjZCS1E1cnJmYjBOdW54TEowb1Boc3VtenRtWXExN1M3d2dWc3dLZ1FpaDJrWENNWm5QbjdtS2ppNnFkQU9BY2lOdU1Jbk9KbDZxOGJIbVlmTTduSVVOdFFTeUVfMXd1M2xRZ2JtUXItZ1lXTWFFVDhLZklPMmcwSHZKM191M2dTYUwxT25kelVhcDR3UDZWMG9pSkE?oc=5,2026-10-06T11:30:00+00:00,2026-10-06T22:39:53+00:00,0.0,neutral
872d63763e99853c,BTC,news,American Banker,Crypto and bitcoin have problems the CFTC and SEC can't fix,https://news.google.com/rss/articles/CBMimgFBVV95cUxQaXlDdU9COHl0azJPRzFUX2g1VlBycXVIc3VZZTNuQW5PeE0tZWZuNU9rcHFFeTEtX0g1MUl0M0hpMXVaR1VWZER1TEhJeUhrZTdmUWVxeHF6TlBvcWQtN3hCLWcwWEVlX19jVmxGWFNtTjJpMFl4MWt5bkU1VWhyeXZ3VXNmYUdCcGNOZmR2U0pGYXJmYUlKMjJB?oc=5,2026-10-06T11:10:00+00:00,2026-10-06T22:39:53+00:00,-0.4019,negative
93288e8041f71155,SOL,news,FXStreet,"Top Altcoins Price Forecast: Ripple in a limbo near $1.50, Cardano extends rally, and Solana faces headwinds",https://news.google.com/rss/articles/CBMi9gFBVV95cUxNcmQxUXFFZ1E2dFVSQzVPNmdXSkVwbEJZOVhXeE14Z2hqYXBrcWYzQ0tmdUZ6UXU3M001RjlMUE1pTUVKWlQ3UVJfU2hGbENOQ2RSSDJ6QnNkMk1zUm5nZGU0eG10YWtXN0p6Q19EbEFYOXFfZnc1MS1wNmJFblVUcXJJSWdJVy1zQWtNRnFfME9PWV8tUGQyTU5CTWFaUFRzZXE1cEVHTWpJMUE2MXNlSGZfS09JU2VucERmWXFLTkdzSFhHUnZITjVpYmM5ZmIyaG9KcTFkemRhYU9DaHFObnZJU3J5bHdxOWxZZnlFSUVBZlN2Snc?oc=5,2026-10-06T11:00:29+00:00,2026-10-07T05:56:27+00:00,0.6486,positive
9507d6b54a99ba73,SOL,news,Crypto News,Solana launches tool to settle bank trades in seconds,https://news.google.com/rss/articles/CBMif0FVX3lxTE1vbzhYOUxQaGxYdnZ4azBkNEVUelVHNlhySEJJUzRQdk54enRnSUs0d0Zieng5aFNFVjhnX1lyNDZxSnowRWRDV0lWRkRuMnJmUzdNUUY1bEhNcURoYmpNbnhFdFpsR1pZTENVaWhUb3BMR1Jad2QyZ0gtN0dmV3M?oc=5,2026-10-06T10:58:30+00:00,2026-10-07T05:56:27+00:00,0.0,neutral
cacdaa10976e1d1d,BTC,news,CoinDesk,Live updates: Bitcoin remains locked in range as stocks notch another new record high,https://www.coindesk.com/markets/2026/10/06/live-updates-a-drop-below-usd84-000-could-put-usd80-000-in-play-for-bitcoin,2026-10-06T10:35:49+00:00,2026-10-06T22:39:53+00:00,0.0,neutral
ef2e9da851a9581b,ETH,news,FXStreet,"Why are Bitcoin, Ethereum and XRP struggling to extend recovery?",https://news.google.com/rss/articles/CBMi2wFBVV95cUxNa1dzZFFHdnlWMzlTZnF1RS1vVWpqVFRGbXpFcGxsdlJZbUdtLWZidlRmS0lpNXVuTVBGUDdfMFdVOEM5M2lpSzVEd3dUWUlUay1ZWDNDM2loeXpxLWRSZXpUQ3FxRUZwR0FtOVR5UGZsT1BRUEROSjhfd0RldUdaS0g2LVN5T3FTdlgwOEkyak5ERTdJMXhmWXZOb3VfRFhkYnN5VUQ0QjVBX3AtXzNNOWpBdW9sWXhZSnIxTDduM0lDb09JWTBSaDktV25HX3dwQjBhN2dRWDQ2SDA?oc=5,2026-10-06T10:34:09+00:00,2026-10-06T22:39:53+00:00,-0.2732,negative
b3bc4bc903a8a490,BTC,news,CoinDesk,"Smaller altcoins shine as bitcoin stills trades around $85,000",https://www.coindesk.com/markets/2026/10/06/smaller-altcoins-shine-as-bitcoin-stills-trades-around-usd85-000,2026-10-06T10:30:00+00:00,2026-10-06T22:39:53+00:00,0.0,neutral
4b3346e556024e52,BTC,news,CoinDesk,"Smaller altcoins shine as bitcoin stills trades around $85,000: Crypto Markets Today",https://news.google.com/rss/articles/CBMirAFBVV95cUxNNGlFWFVWcW1pMXAyOVJ4SGNuSlRWM0hpdUV2N1hCNzBtakQzdmVIbHplNlNMWkZ0TGxLdHdfekhGYWNmMi11MWhqakdERXJHVWxGOUdrYWkyTlJIZEl6NzF5c2ZtQ2JIUDZDQ2JTQUw4VDBnUUYxWHNRTHVPV0psdk9uc3F4cGJRb3BBUmJCVGxJMGt2c2I5WElnVXZWVlBwc0hQX3dfOVI2V0I4?oc=5,2026-10-06T10:30:00+00:00,2026-10-06T22:39:53+00:00,0.0,neutral
80382255d188b0e6,BTC,news,Cointelegraph,Binance BTC outflows hit highest since mid-2023 as whales deposit stablecoins,https://cointelegraph.com/markets/binance-btc-outflows-hit-highest-since-mid-2023-as-whales-deposit-stablecoins?utm_source=rss_feed&utm_medium=rss&utm_campaign=rss_partner_inbound,2026-10-06T09:59:12+00:00,2026-10-06T22:39:53+00:00,-0.25,negative
85d3e8f11aa3967b,SOL,news,CryptoRank,Solana Foundation Launches Solana DvP Atomic Settlement Program,https://news.google.com/rss/articles/CBMidEFVX3lxTE1iNTlUWXZ1bXh2bE5CLTQ1bGFZc3U5ZWxUdlBfVXZfRk5VUmtqMFp1TnQ1MzhsVGNRREwxR1VjOHVrWHlfUzZwbXN5Z0RCMGdEUEYwYVhDbFZfRTdwTzFYOFphV2lhVjI2V3padVpkWExGdGI1?oc=5,2026-10-06T09:54:48+00:00,2026-10-06T22:39:53+00:00,0.0,neutral
a849e0d87937cf4e,BTC,news,Benzinga,"Bitcoin Adoption Is Shifting From Individuals to Governments, Says Crypto Analyst — Nation-State Holdings",https://news.google.com/rss/articles/CBMipAJBVV95cUxOZmxzUThtSk9SOG5iSmRLQm1RaWF0ckJJRFJhS2JSWjJyeDZDLWJVaXozOGFqSERVa212YXlvOXhUR0RUb3dUX3JJZ1Vob08wMXJvYUI3UnMtNmpJaHJPSVlYY3FnYml1RzNnOEI1MEMwOE5CQWt2X1lrUjl6X1NSUWJwN1BKZ0hPWVhqMHJZNHJjV2JELVg1UlA3LXQwWXpLb19RMUJYRG5ZWWFZQW5vYV9BWDk5dUd0S1dVOGM1dnpsZmFGN1JITzN2TnFLblRrVlIta21oX0dDVmRUMjJIckhXSXlJZDcxM2NWZFRLQ2s1aHM3R0pDbDlib0d4cnVMNnZsZTl0bkUtTVgxWV9EN25XTjVxd3Y5cHdnOFV6eWJXSExE?oc=5,2026-10-06T09:28:52+00:00,2026-10-06T22:39:53+00:00,0.0,neutral
ecc6ecb8707a031b,SOL,news,Cointelegraph,Solana Foundation targets settlement in seconds with DvP launch,https://cointelegraph.com/news/solana-foundation-settlement-seconds-dvp?utm_source=rss_feed&utm_medium=rss&utm_campaign=rss_partner_inbound,2026-10-06T09:11:26+00:00,2026-10-06T22:39:53+00:00,0.3612,positive
reddit_1wyxvvt,BTC,reddit,r/Bitcoin,"0.01 BTC: Small BTC Stack, Big Self-Custody Question",https://www.reddit.com/r/Bitcoin/comments/1wyxvvt/001_btc_small_btc_stack_big_selfcustody_question/,2026-10-06T09:10:13+00:00,2026-10-06T22:39:53+00:00,0.2263,positive
a551d8aef8b35f35,SOL,news,Cryptonews,Solana News: Atomic Settlement for Tokenized Assets,https://news.google.com/rss/articles/CBMib0FVX3lxTE5aTzVaM1BER1A2OF9KT3hwakpQdmxjUEJaekR0YWZ5enNqbFFBZ0xxU2dKRlhVa3d2TlhRMzVzVUFjdjJtY0lUQnh2YXVabFRvSV9MRE9Bb3NCcmJJVmptRGtoaFh6RFAtdThlN1dXaw?oc=5,2026-10-06T08:40:00+00:00,2026-10-06T22:39:53+00:00,0.1779,positive
af9e55cebae6ea77,BTC,news,CoinDesk,"Why bitcoin is down 'just' 32% a year after its record high of $126,000",https://www.coindesk.com/markets/2026/10/06/from-retail-leverage-to-etf-flows-a-year-after-its-record-high-bitcoin-is-down-just-32,2026-10-06T08:27:43+00:00,2026-10-06T22:39:53+00:00,0.0,neutral
8e16bd1a505a982e,BTC,news,Cointelegraph,Bitcoin ETFs shed $90M as BTC sits 32% below year-old ATH,https://cointelegraph.com/markets/bitcoin-etf-90-million-outflow-btc-32-below-record-oct-6?utm_source=rss_feed&utm_medium=rss&utm_campaign=rss_partner_inbound,2026-10-06T08:14:17+00:00,2026-10-06T22:39:53+00:00,0.694,positive
7445409e3ed8e5b9,BTC,news,Yahoo Finance,"Bitcoin Price Could Reverse Following Tech Stocks, Peter Schiff Says",https://news.google.com/rss/articles/CBMipAFBVV95cUxPUEwyRHRtY2h0STc2NTF0dUNjMDVoUHVwS1p1YWpla1pyM1FmS0RBLTctOHFEOG9BOGhGUGQ3OTVhdUs0Y0NOY2tkN1I5cGtRREl5cTNGeDJaLUl6Z1FvNGgwbkJVdVVZVmNIMWJrS1FCQ1ZMVGJDSDJGTHJPY0NObU5pd1hzVWZEYkNpXzhtQ0M3YUpmd3N3VEVZQ01QOVh3MnpZTA?oc=5,2026-10-06T08:01:08+00:00,2026-10-06T22:39:53+00:00,0.0,neutral
reddit_1wywtfp,BTC,reddit,r/Bitcoin,"This is the day of treason, the day 80K of bitcoin got dumped to stop it from going to a mill.",https://www.reddit.com/r/Bitcoin/comments/1wywtfp/this_is_the_day_of_treason_the_day_80k_of_bitcoin/,2026-10-06T07:57:15+00:00,2026-10-06T22:39:53+00:00,-0.463,negative
reddit_1wywqe2,SOL,reddit,r/solana,Superteam Singapore - Live From Solana Summit Singapore,https://www.reddit.com/r/solana/comments/1wywqe2/superteam_singapore_live_from_solana_summit/,2026-10-06T07:51:15+00:00,2026-10-06T22:39:53+00:00,0.0,neutral
86e287ea745384e6,SOL,news,CryptoRank,Solana Foundation Launches Institutional Settlement Tool With Input From JP Morgan,https://news.google.com/rss/articles/CBMiigFBVV95cUxNUXJOUDEwRHVBN2VCYXBldk1vYktuaU9XdnZOQW84TlJzZjMySU9jamxwUmhYLXl3Y1ctbXVTS05lVzVWMGJqMENCTjNobEtwRVBiMmtMOFNpbVN5Ql8yVVFPQmNzMldNc25peHN4TGVYRGY1ZkdVMjRCMUUwdlFkN19jMU9XVUpIVnc?oc=5,2026-10-06T07:36:32+00:00,2026-10-06T22:39:53+00:00,0.368,positive
2ce1b2e7428595ab,ETH,news,Bitcoin Foundation,Ethereum’s 200M Gas Test Goes Live: Glamsterdam Pushes Sepolia to a New Scaling Extreme,https://news.google.com/rss/articles/CBMi0wFBVV95cUxNMUpWSG4tY3BpQ0VNZGthUlpYQjNNOXZEX3dJb3RJZENzV2tqRmluSGIydlhVeVhoVms0WHBEbXlpVVcyOThoQmIzMmZ0MUhacnBaejM5aVFQMVQ0LTllZHUyNTd1M2lGdVV0VWlkNUp5WEc5dFFsWktkN2FvZ2ZYdWRkWEZDOXFLSzhMcDJRbnNnWWNSeFdPdl9EajFyMnU4VmhzZjhUTUM1YVZ1b2laNEJTRzNFZEVMcHV1M2tKT0hGWURfZnhqZk93bU8yRTBHeldv?oc=5,2026-10-06T07:34:21+00:00,2026-10-07T23:04:10+00:00,0.0,neutral
8b25271976f65eef,SOL,news,grafa.com,Solana Foundation launches institutional settlement programme,https://news.google.com/rss/articles/CBMimgFBVV95cUxPQlpZNDYxeWxlVGVCQUtZa19kV2JWcl9pMTFqRzJCUy1vWmVsMmN0WjJTWVJ3T2E0Wm00U1FWb2F6NXNvbGNtOWVkUFY3ZVVsMVg3SUpXRzRSa29xY1Q4UDhUTVROeDMxS2pLRWU5MXN4Z3p0UzJ5UnBEb3hXLWJCb2E3SUtuTmtYUS1oU1FQRG9VY29qNVVLbDhR?oc=5,2026-10-06T07:31:34+00:00,2026-10-06T22:39:53+00:00,0.0,neutral
reddit_1wyw515,BTC,reddit,r/CryptoCurrency,Metaplanet Sells and Rebuys Its Bitcoin in a Bid for a Credit Rating,https://www.reddit.com/r/CryptoCurrency/comments/1wyw515/metaplanet_sells_and_rebuys_its_bitcoin_in_a_bid/,2026-10-06T07:11:22+00:00,2026-10-06T22:39:53+00:00,0.3818,positive
2c619d42d8ca4521,ETH,news,Cointelegraph,EEZ tests atomic L1-to-L2 transaction in push to unify Ethereum,https://cointelegraph.com/news/ethereum-eez-atomic-l1-l2-transaction-mainnet?utm_source=rss_feed&utm_medium=rss&utm_campaign=rss_partner_inbound,2026-10-06T07:09:33+00:00,2026-10-06T22:39:53+00:00,0.34,positive
430c9a9ae13d2954,SOL,news,Coinpedia Fintech News,Solana Launches DvP With JPMorgan Input to Cut Settlement From Days to Seconds,https://news.google.com/rss/articles/CBMiqgFBVV95cUxOOEhBVHczbjNiQTEwa2l5Sk9PWURxTFdubHRhVjMza09TUmJJcU1wVkxxU2pzYTVnQjk5NjM2X0hvWTI3V05vdUM1ZUdfdzF4MDNVUk5ncUprWUhmRF84U3RnUExqZGFwZTZKZFR1aHFPZmtHYU16NmFCS1RTSmtpWGZCMTliSlZQbGsxMmp5M2xILUNyT0ZYNldDbWJnYjlOM0d3cGxPa2Y0Z9IBrwFBVV95cUxPNFRSWjR2b1VPYTVLbVVab1JWNGc5Zk9nUldMNG1GYUQ1cnFIU2UtVjZ1Q2FhajA5OERBTkM4cnZUWGNCcmhiZzAxb3M0T0daWDB2QjZZVlRNajJ6Z2M2dEJtandoRkJCa01VbFhKTHBqcVl5S2dpR3ZUWjNlSmpabEZ2VXFJM0RaTVBmQmNzaHhlRDdGTW5uM1hHQXBHTXFLTWdqcERaMWtGeGNRNEdZ?oc=5,2026-10-06T07:09:07+00:00,2026-10-06T22:39:53+00:00,-0.2732,negative
reddit_1wyvyn7,BTC,reddit,r/Bitcoin,"Daily Discussion, October 06, 2026",https://www.reddit.com/r/Bitcoin/comments/1wyvyn7/daily_discussion_october_06_2026/,2026-10-06T07:00:18+00:00,2026-10-06T22:39:53+00:00,0.9272,positive
reddit_1wyvy4p,BTC,reddit,r/Bitcoin,Bitcoin ETFs Bring In $241M To Kick Start Uptober,https://www.reddit.com/r/Bitcoin/comments/1wyvy4p/bitcoin_etfs_bring_in_241m_to_kick_start_uptober/,2026-10-06T06:59:31+00:00,2026-10-06T22:39:53+00:00,0.5859,positive
824f147d5b8d5955,SOL,news,Binance,"Crypto Price Predictions for Today, October 6: Ethereum (ETH), Solana (SOL), Cardano (ADA)",https://news.google.com/rss/articles/CBMiZEFVX3lxTE1QNUVtZEVqYzhRSEFKdDlRZVhWM0lVZkpyWU1QZUd2WVdpcEc1S25SU1QzeHNnYnU2a3JYa2RLVjl6OS12OVFDWDFVX051R2NxUDdGUzNSeHhNbXZrY2RvLXdJNjA?oc=5,2026-10-06T06:43:03+00:00,2026-10-07T05:56:27+00:00,0.0,neutral
reddit_1wyv9hb,BTC,reddit,r/Bitcoin,Who Really Runs the World? | Simon Dixon,https://www.reddit.com/r/Bitcoin/comments/1wyv9hb/who_really_runs_the_world_simon_dixon/,2026-10-06T06:15:03+00:00,2026-10-06T22:39:53+00:00,-0.9482,negative
139f5d177a139157,ETH,news,Yahoo Finance,"BitMine Shares Outperformed Ethereum in 2026, and Tom Lee Highlights One Move",https://news.google.com/rss/articles/CBMiqgFBVV95cUxNRTRPendkRjU0Q2V4UmRJbHcwRUJ0bXRPcGFkQWkySWs5VWY0d2FkYk16MHM1aktCaHV6Z09SMnNuWUZwUjV5MUNUOU04S2F1djZ6SENTcVhkSmhEeW53X21sUmIycGExZzVySFpwVnoycXUxYi1Kd0dya1ctX3hveTVUcmlYcnhLaFQ3VUxxUHVsQk1fRkI5eThUQUZQQU9UOVRkcy1ydlZjQQ?oc=5,2026-10-06T05:45:00+00:00,2026-10-06T22:39:53+00:00,0.296,positive
4cf7e6d04cef776f,SOL,news,TradingView,Bitcoin and Solana spot ETFs see net outflows as Ethereum records inflows,https://news.google.com/rss/articles/CBMi1AFBVV95cUxPQTluYUxMVUpQME1QbVV5cUpDQXFfd3RoWkNhcUJHdTdZSDczVGlFS1BWT1NWMVdXdnI4cVdpYmZWVmxoX3htMVVCTlU3S2pRdE5fOUdZSE1iVF9JNFEwcVpXZGxENkZxa0tGQ3pCV2pnVlRlVkMxdDVJTEZ4Nk5vVjNmT0JyNzB4d2VXMFhtN2NBWDA3N0ItSkFyaU8yYWRPVWRrQkFuY0FyRmVtWkZwdm9WX1phd0VHaVZ3SkhHYmZiOWJ4aFBkb3FwTjFzY18ydjFBRg?oc=5,2026-10-06T05:40:19+00:00,2026-10-06T22:39:53+00:00,0.0,neutral
e71ea2363844d951,ETH,news,Crypto News,Ethereum is testing how much cheaper block space it can safely create,https://news.google.com/rss/articles/CBMilAFBVV95cUxQWHh2Qm93Z0ZkV3N5ZUJNdS1FenpQRmtJVFBmM093MlRNdTFjWDhoQVNVMmZPYUt1Y3hZUEI3Y2ViS2tMVmdMZERybnFlQm5TN1cyMGFfUGpBVHZTUHdfdWxSamVVRnJya0FxbmFhb3pjcHhnQ3U2VTNsQjBTYTRWRmQyMFVoVUEtZDczbTdGdDEwdUtC?oc=5,2026-10-06T05:36:00+00:00,2026-10-06T22:39:53+00:00,0.34,positive
3e12515abe2046eb,SOL,news,CNBC,China reopening crypto access could trigger supercycle: Solana Company CEO,https://news.google.com/rss/articles/CBMisgFBVV95cUxPbXdmM3NaT1dUVlRHRjhCeWZ5OHp2MGpYQnNnMHRJd1V1SER0LWwzOWU5NmRHWDNvYmhlZmJWNXV2MGY0amN5Y2xTbWxDLWg2enVTRWhJXzk0LWdsWEpYeVVrZHBCcHIxakVOajZoMEVIa2RSdVVITXV4Nzg3WW11czJrTHpDdkdzSTE3eDg0YzZhc0lJMm5BNV9IdXNUMGQ4dDJIc25JNkZzUFFJU3VyclR3?oc=5,2026-10-06T05:12:37+00:00,2026-10-06T06:25:21+00:00,0.0,neutral
c4374a222e244eb8,SOL,news,Startup Fortune,Solana Releases Open-Source DvP Settlement Standard Shaped by J.P. Morgan,https://news.google.com/rss/articles/CBMioAFBVV95cUxORVFDbnd0aUpJVVhCYnp3eHhLZDJuSlJGQjlqbjczcTdkRjlGRlhfX0V5UkRtWE1JZXU3MllLWGxwQlJ6U0M2NzBaSHlDTW4zNVlUUEJ1VHZoQWFYYTNvMGNULTQ5QkhDSUZKemV5WWpCY3NtMjNtZjJ3M0V1aHl0WGp3dWpNTnhUT29wYWJEM3FxbHZNdnRoOXJ0V2ZoMy1N?oc=5,2026-10-06T05:05:15+00:00,2026-10-06T22:39:53+00:00,0.0,neutral
reddit_1wyu1ms,ETH,reddit,r/ethereum,"Daily General Discussion October 06, 2026",https://www.reddit.com/r/ethereum/comments/1wyu1ms/daily_general_discussion_october_06_2026/,2026-10-06T05:01:13+00:00,2026-10-06T06:25:21+00:00,0.7393,positive
reddit_1wytyqg,BTC,reddit,r/CryptoCurrency,"Bitcoin’s $87,000 Wall: Your Breakout Is Someone Else’s Exit. ETF buyers are back. So are sellers. Behind the stalled rally is a struggle between fresh conviction, old regret, and demand that has quietly slowed.",https://www.reddit.com/r/CryptoCurrency/comments/1wytyqg/bitcoins_87000_wall_your_breakout_is_someone/,2026-10-06T04:56:48+00:00,2026-10-06T06:25:21+00:00,0.1027,positive
0287a15fda79bf3a,ETH,news,CoinDesk,Ethereum’s Glamsterdam test gets last-minute fix before major capacity jump,https://www.coindesk.com/tech/2026/10/06/ethereum-s-glamsterdam-test-gets-last-minute-fix-before-major-capacity-jump,2026-10-06T04:49:05+00:00,2026-10-06T06:25:21+00:00,0.0,neutral
7af0d8f5bbe296ce,ETH,news,CoinDesk,ETH news: Ethereum’s Glamsterdam test gets last-minute fix before major capacity jump,https://news.google.com/rss/articles/CBMitwFBVV95cUxQUnNaX1RILW5feEZyejhrNUgxSE9UTnNDWUdYN1YxblRyQ05YRDRlMmVlX2dWVDRGSjUxS19YYS1xMUo1NVloYU1jQ1BkTVFqa05HbHdDRlMtNXkzLUY0ajIzTy1COEFnSDdzWTJqZnVDejdYZDJFTXRCZExaVjNWbEFVa0JGQS0tbld3YnMwdjNtNXJRNlVfaGY2R3NTTGFHU0g0Rnlwczh5VDhlczVsWEZxSEp6MFk?oc=5,2026-10-06T04:49:05+00:00,2026-10-06T06:25:21+00:00,0.0,neutral
d97b47f06fd004e6,BTC,news,CoinDesk,"Bitcoin keeps getting rejected at $87,000 as stocks hover near records",https://www.coindesk.com/markets/2026/10/06/bitcoin-keeps-getting-rejected-at-usd87-000-as-stocks-hover-near-records,2026-10-06T04:41:10+00:00,2026-10-06T06:25:21+00:00,-0.5106,negative
228f3560d1332b15,BTC,news,CoinDesk,"BTC, ETH, SOL price news: Bitcoin hits $87,000 wall for third time as stocks near records",https://news.google.com/rss/articles/CBMitwFBVV95cUxOTzVwLW1mVm5YVDhXQ1VRMGE2TUFZcVZhRmdaeDFRRnRrRlEzZjRnUkpIM2hNaTRkelZiZEN0WENIdFlMckp0YkFya2hFaE1tT1BUanUtWWJhV185eVZMdzR0cC0xYUNZZk1rblhvQWpHdkxTQ2xoWklleURuMk1tWEpRYmVwQ3EwMTBhZnFxdUZBdFZrcWxfRkVqeU1TQkd4YUNuXzhyR3QwMlhMOHNsYzBFSHAxRFk?oc=5,2026-10-06T04:41:10+00:00,2026-10-06T06:25:21+00:00,0.0,neutral
f4ccecf0d43af764,SOL,news,CoinDesk,Solana Foundation unveils a program to settle institutional trades in seconds. JPMorgan gave input,https://www.coindesk.com/markets/2026/10/06/solana-foundation-unveils-a-program-to-settle-institutional-trades-in-seconds-with-jpmorgan-s-inputs,2026-10-06T04:23:45+00:00,2026-10-06T06:25:21+00:00,0.0,neutral
5cb504f3d42cc71a,SOL,news,investingLive,"Solana launches open settlement standard for institutions, with JPMorgan input",https://news.google.com/rss/articles/CBMiuwFBVV95cUxONmRzN3lrSlFXTEFXUl90VTEwWWd0LWhDUlFwbWctUVBxZE1kYWJ6TXh1eXpWQXRPd1NweDI0UW1mNE43QzE1RnBMekpieHR6bmlOLV9PQ2VXay1Ra2tNQnZhR2s2Q2ZBVnZuVm5xUmZEZWRmS2ZWeEFnVzU1bnBFazF5RndHc09lY0lLNEJDRTRVVUs3UWxKVVQtRHZrNjAwWXpBUm5ibGNPZkRNWktwaUdUZXRKUWJwaTcw?oc=5,2026-10-06T04:05:40+00:00,2026-10-06T22:39:53+00:00,0.0,neutral
b9d0923a1157c641,SOL,news,TechBullion,XRP Price Prediction and Solana Price Prediction: Could XRP or SOL Deliver More Upside Than Remittix?,https://news.google.com/rss/articles/CBMiwgFBVV95cUxNYTN3Y21jYVQ3YXpVNW1Wb2JZSUQtRDdISTZWUHI5S2RvdjhRMi0xVE5fSzl3dVJCM2gzRVNfeDFxQ3ljdnhud3ZqVWQyS2w1Tk5SYl9hVHhjdXFZVjdrOVdlaVRsaU9KT1dRam5ScER4Sy1JYjJfTXd3N1dLc0FsZVZEMmFLVmFwYjF2ZGVKdmJZbFo3YzFteE1rTXVNQlF1dnZWQkZvMHIxdlRVRnRjX3ZKZmZkTkpMdzhyNnA3d3JnZw?oc=5,2026-10-06T03:09:46+00:00,2026-10-06T22:39:53+00:00,0.0,neutral
35a2658bed37100e,SOL,news,CoinDesk,Changer+ Launches Stablecoin-First Self-Custodial Wallet to Make Stablecoins Easier to Use,https://news.google.com/rss/articles/CBMi1gFBVV95cUxQcTlvMDNxM3UxR1JWMWJwVTZTay14cXpxSHJrN19BTzNybEJKNURiTmlBX3FGWnJYTUxYbTF5VWk4VmlMR1ZpUjRRMW11emNOZDBmbTBTSmI1TzFsYkdNSDdNYlhGRzZmR3p2dUIxSlFXQW1CXy1ZWWN0UmNpOS1YOGRTZ1dGMV8zNWl2U1BVNFByRnpwS1JXNlRSQVg1dkRuaU13N1gwMll6NHhEYXhJSS1TU3ZNRDAtNUNuajNKQkJjeTBrWXF5UV8wZk9ZSXB3dnVtb0hR?oc=5,2026-10-06T03:05:38+00:00,2026-10-07T13:19:42+00:00,0.4215,positive
reddit_1wyrrhy,SOL,reddit,r/solana,I have Solana I want to send to Kraken Wallet,https://www.reddit.com/r/solana/comments/1wyrrhy/i_have_solana_i_want_to_send_to_kraken_wallet/,2026-10-06T02:54:46+00:00,2026-10-06T06:25:21+00:00,-0.8501,negative
reddit_1wyrf4r,BTC,reddit,r/Bitcoin,Bitcoin is time,https://www.reddit.com/r/Bitcoin/comments/1wyrf4r/bitcoin_is_time/,2026-10-06T02:36:51+00:00,2026-10-06T06:25:21+00:00,0.8074,positive
87b72997b9efe2c3,ETH,news,Benzinga,"Bitcoin, Ethereum, XRP, Dogecoin Slide After Fresh Macro Data: Analyst Says This BTC 'Trigger' Could Pote",https://news.google.com/rss/articles/CBMixAFBVV95cUxQX0ZQS3dhSFJhWlZiTF82UTkzRlZUNE00MjFZZU1vd2VHNGZYTGlsSmVFZXBwODJpS2dERzhjaUtBQl82SWdiWG1odTd0MVZRcmV1ZDM2ZWV6Y1pOWjdJYkhsWUhBSlVZaEJObVB1YTEwSWM1QjJsTWxaclhtZmFQN3hRTW10ZlIyMy1zQmdEWnNoN1VwV0lPdm1qWk16T2tfTWZCajNENGhab3pHTjVSaktUQUVwX1VlaFFQalJ3ZzgyWEwx?oc=5,2026-10-06T02:01:31+00:00,2026-10-06T06:25:21+00:00,0.3182,positive
21aa9e7ef9d70147,SOL,news,Decrypt,Solana Debuts Institutional Settlement Standard With J.P. Morgan Input,https://decrypt.co/380126/solana-institutional-settlement-standard-jp-morgan,2026-10-06T02:01:03+00:00,2026-10-06T06:25:21+00:00,0.0,neutral
e9a3f74857c05a96,SOL,news,thestreet.com,Solana launches institutional settlement standard built with JPMorgan's input,https://news.google.com/rss/articles/CBMiuAFBVV95cUxNQzFjTzJsSlh6c1JuQmRoYmVEa2tiUjEyWEw0ZzVMQUpPYXB3R0RuXzVqZmZRLW1LcXlEbUM2cWJheklDc0RKSGlOQm55TTNfQU9NcTlaN1BUOGtiUW9SR2hBc1RGZVFWTmZfN2NfRjVQSXk1ejBnaDY5VHJiMFFiSXA5bi1mMW5RUy1kRUQwdzQ5V3N3N2d2VVZNLWg5V0oteUlDZ3BFeFRfcjlfeTNzTG9XLVplaGdt?oc=5,2026-10-06T02:00:00+00:00,2026-10-06T06:25:21+00:00,0.0,neutral
reddit_1wyq925,BTC,reddit,r/Bitcoin,Did I make a smart choice,https://www.reddit.com/r/Bitcoin/comments/1wyq925/did_i_make_a_smart_choice/,2026-10-06T01:37:13+00:00,2026-10-06T06:25:21+00:00,0.8126,positive
acc98dc6f37d196f,SOL,news,Yahoo Finance,Standard Chartered Says Solana Could More Than Double to $250 by December. It is $121.,https://news.google.com/rss/articles/CBMiowFBVV95cUxOWW9rci1pQThXZzFuYXlTUE5iUUEzbzVQcVVBcGF6MmFldzBzU2E1YTVwN25GWlhNZW5CMWlKQ3A1bkFaNUpOM0FYWW9nOE1NMFlfV0p1dnJDN0Zqc0lCN05Ib1J1ckZwNkl6dE1iV3VqMjF4d010NDlLXy1CX2J3bUUzaFJKOTNpNGl1ZlZCbm9GWkxydUtIZWY2VWg2MkJiLWE0?oc=5,2026-10-06T01:21:00+00:00,2026-10-06T06:25:21+00:00,0.0,neutral
reddit_1wyofi3,SOL,reddit,r/solana,Has anyone compared the cost of trading across Solana apps?,https://www.reddit.com/r/solana/comments/1wyofi3/has_anyone_compared_the_cost_of_trading_across/,2026-10-06T00:08:20+00:00,2026-10-06T06:25:21+00:00,0.6322,positive
bbe310acb922431e,BTC,news,Yahoo Finance,Peter Schiff Warns Bitcoin Vulnerable to Tech Stock Pullback,https://news.google.com/rss/articles/CBMipAFBVV95cUxQZXZ2SHNnNTZRMWF4RmFXMXZfam1IdVRLejN4RE5xSmcxT1hvd3hJckV1X1lWTlFmVXdmRktLcjkwTFhxandFY0N2aVk3MzVRQVZ4RlRPdDBtMUhCYVhJUUt5cTI3NV9xelNITUJWbERJbjR5bEtQaTRrYXF6T0p3YWhCczZFbExEcC01c0F5R21zUmU4VEhvb3p0bDI0WnQ2Q2U2Ng?oc=5,2026-10-05T23:38:00+00:00,2026-10-06T06:25:21+00:00,-0.3182,negative
ff67d2813a8ec8f3,BTC,news,Yahoo Finance,Metaplanet Unveils Net Income Plan to Fund Bitcoin Buys,https://news.google.com/rss/articles/CBMioAFBVV95cUxNV0NKWXZxZUxqeUdCR1E1bHFRbHJnRDBSQ1JLT2VXWUswb05kd0tqbmZqM2FMeGl3cnE4dXdVRy1OZzRmOHc3bUU1d2FscHp6WWpaV1B6THhWRFFLNXVoVXFNZzRDT29teWxnQ1daX09wSDhjMF8zTF9nNllqcGJ0THdxVEpEOHV3aUJEU2xRVF93TE51ek1oYjhDRG51OXUz?oc=5,2026-10-05T23:32:00+00:00,2026-10-06T06:25:21+00:00,0.0,neutral
reddit_1wynkmw,BTC,reddit,r/Bitcoin,Bitcoin ATMs have become harder to defend,https://www.reddit.com/r/Bitcoin/comments/1wynkmw/bitcoin_atms_have_become_harder_to_defend/,2026-10-05T23:28:25+00:00,2026-10-06T00:05:48+00:00,-0.7579,negative
69c98bcbfc8d7f8a,BTC,news,24/7 Wall St.,"Bernstein Says $125,000 by December and Michaël van de Poppe Says a New High by January. Can Bitcoin Reach $125,000 by the End of 2026?",https://news.google.com/rss/articles/CBMilwJBVV95cUxObEdhR0xwX3k3VzZyVkxobEc0NThtdE5SUHJQM3VCUFJGNXplb0xNd1AxTGxGSGFCWXFtUjBBMzRwV0k4bXl0ejhuaERwZ0lpWnIxM1hCZURaVUd2emlKY1NOUXZPd3E4dTVUYkdBUk5oMTNrdFZQYXlWdHJYdm9nWEVDMDhId0U2bUhLam9ldWZIeVZQTVRvLUZac01WTWtlN1JMeFRIQ2hGdkpvMHBNWFpUTUJpcUk5em8yOE1zbmZtcmhUY0dRcUhTczd3Q3p0QVJXVHNTRGIyWU9OLTVUZTJYREVoei1wcGZFZFZISHNfbEpyNW9LelVOWk5WWU1LY2M5dkE0eGJSQ2dOdGNsdUo3S1Ytdzg?oc=5,2026-10-05T23:21:00+00:00,2026-10-06T06:25:21+00:00,0.0258,neutral
reddit_1wyn7dq,BTC,reddit,r/Bitcoin,Its uptober..do something,https://www.reddit.com/r/Bitcoin/comments/1wyn7dq/its_uptoberdo_something/,2026-10-05T23:11:02+00:00,2026-10-06T00:05:48+00:00,0.0,neutral
reddit_1wyn66k,BTC,reddit,r/Bitcoin,I turned €2 of forgotten Bitcoin into Dead by Daylight somehow,https://www.reddit.com/r/Bitcoin/comments/1wyn66k/i_turned_2_of_forgotten_bitcoin_into_dead_by/,2026-10-05T23:09:35+00:00,2026-10-06T00:05:48+00:00,0.8674,positive
498f94dd533ae310,SOL,news,TechBullion,Best Crypto To Buy: Solana Already Had Its Breakout as AlphaPepe Offers Entry Before Its First Exchange Listing,https://news.google.com/rss/articles/CBMi0AFBVV95cUxQMXFraWM5ZWluZTJBQjh2eDdyelNWYm1YZkZDbkh4VlRaX0VGSFpSbHN0cDFJMHNtclZ5eDFvVmhzcXl4YkdmZThpRWpWc1h6VkJ6eFJnTkVJWm9vbzlmODRmbzNkQ05jVVZodzhpM3FlRmpYN3hiUTZRZkhaM2lLZ0VKS05ObjhBWmN4NlFaV1dPNFdiZVJtOVk5OVVIVVBJTW8wUmtJVU1XYlN1ZGMyd1Rmang5eG9NbDlCYTlMeG4zeVVzVnJTT1A4SUVLVTJk?oc=5,2026-10-05T23:04:40+00:00,2026-10-06T00:05:48+00:00,0.7717,positive
73794b641361563e,BTC,news,bloomberg.com,Crypto Elite Gather in Singapore as Bitcoin’s Rally Buoys Bulls,https://news.google.com/rss/articles/CBMitAFBVV95cUxPWFNScVlncTZjMV9OeTdmNUFGSVpKLVhndmt5MXp5SHE3MzhUYmNCR0JwcGtwUjIxSVRuNFBYOUNuWHhZZVF3YWoyZ0pXbUotQ0NVUmNWbEtYNnpnV1BNb2NhUDY4X21ScmJRek9iTkV0VjdmMnZ2ZVMzVU9VQzhiaWlXUUZSNUVlSUt2M2dFTDBMNmlJVjVGYktoOGdYWWNwN2d0WXdlZDFsTzd4bG0wUmphTWo?oc=5,2026-10-05T23:00:00+00:00,2026-10-06T00:05:48+00:00,0.4588,positive
f1603d6bf97c74cd,SOL,news,StreetInsider,Solana Price Prediction: Can SOL Target $250 Before Remittix Makes Its November Exchange Debut?,https://news.google.com/rss/articles/CBMi7wFBVV95cUxPZllod2NzTm1VYkw5YWlsRzBJdkwyUElDZU1mbmtsaEtlUGZuQ3VUZlBtdXNWZm1fVjViOGVaNTdtYjZkazZTVEdLS3FSVkRqa2tUaENTQ1VxTDFmNEN1VlQyM0RGbkFqQW5lN3BabERORTZWaFZuMDBEaUprMnRtdk5wd0ZFS29BTWRfb2VSS1JLc0owYWJDb2JPSHFjdWduc21pcFYxY2ZuQUM2d1RrNll1NmItSVRvbVhMSWFaak5fMmlSaXFhbnlhMGx6TnY2LWRJcFFNWUJTVjlMbW1UbW43ZEVSLWJDS3loUEVXTQ?oc=5,2026-10-05T22:57:04+00:00,2026-10-07T23:04:10+00:00,0.0,neutral
reddit_1wymiqr,BTC,reddit,r/Bitcoin,me checking my $50 portfolio after reading one macro headline,https://www.reddit.com/r/Bitcoin/comments/1wymiqr/me_checking_my_50_portfolio_after_reading_one/,2026-10-05T22:39:48+00:00,2026-10-06T00:05:48+00:00,0.0,neutral
50ca3780d193edc6,BTC,news,Decrypt,Strive Adds $169M Bitcoin in Its Biggest Buy in Four Months,https://decrypt.co/380129/strive-adds-169m-bitcoin-biggest-buy-four-months,2026-10-05T22:30:20+00:00,2026-10-06T00:05:48+00:00,0.2023,positive
bbc5b89531655091,ETH,news,FXStreet,Ethereum Price Forecast: BitMine scoops extra ETH tokens following Q3 outperformance,https://news.google.com/rss/articles/CBMi2wFBVV95cUxQWnRZd0czS0drbjBBb2doVXVBSXpaVlNhWnk5UU9MV056THRORmZEbEFtYU1xVXBmMlRPR3lHcEFManZzelJNaEFpYy16Z1I5VXY2dlFFMHZrSXlTbm1jVW05YzZ5TDdMYUxEMjRTdnhTUFpFWVJGdzYyemZfSjBFeGpNbHYzZTVaUFlTSjAzdlh2Q1kyb3dyT1NqYktaQm5qaENtM1dSYlJCa3RWX1hfNXVfemJ2VXU0dllHRjQ4Z2ppbVlpWFZwTC02dG04djlub2xtbl9RRGVFWm8?oc=5,2026-10-05T22:29:21+00:00,2026-10-06T06:25:21+00:00,0.0,neutral
fddfeaa206e3e7b2,SOL,news,Cryptonews.net,Solana lost ground to Ethereum in Q3 DEX volume – An early sign of SOL/ETH’s Q4 breakout?,https://news.google.com/rss/articles/CBMiW0FVX3lxTE5FNEhlRWN3MEt6MmZRZzNKaEhpdFRGMGw4TS1TR1drLW51UGFLcksxSHNkMk1pOTdpSVdtU1habHdTaXN1UGJ4S3VZZTlCUWh1eEE4bVhqTW00LVk?oc=5,2026-10-05T22:03:08+00:00,2026-10-06T00:05:48+00:00,0.0516,positive
66f2f4d8b75c3d69,SOL,news,OneSafe,"Crypto Banking: Why 1,000 SOL Holders Are Testing Bank Payments",https://news.google.com/rss/articles/CBMidkFVX3lxTE9sV0ZrY3F5Y2laREk0d1otcHlLc3o1dWxyU2JJNkxqSlBaM1JUZlZkME9RVXY4RFhOSEFzODhiYWpYOUFMT0NQV1dFUmE0OFBsejRNS2VmMUhCbU1KQklHNS1tQnJXTks3Ny1DQ1Mwd3ZLdHYtYlE?oc=5,2026-10-05T21:57:06+00:00,2026-10-06T00:05:48+00:00,0.0,neutral
e3e58674312d26f4,ETH,news,TradingView,THORChain cofounder argues protocol is more decentralized than Bitcoin and Ethereum,https://news.google.com/rss/articles/CBMi4gFBVV95cUxPN09ZN2F2TU1yRHZ4andoZkUtdUpCdFNCY2szandwaHRZWG1TMi1MWmhVQVNkdGptdUYzSVVqYlVaUmlwNEJ0U2lyS0gyTmlGVjVRTFZLX0RBdERuNUdHeUM1bENvQVFmOGZFVVlVWXF6WEY4MWk5OUlLcjczSUlvQk1HeXV3ZE5iRVI4MjIyWjg1ZkhsT3FPVjZRVFVXLTlNcFp2b093RmprZGswd1B4cGFsclpPREVrZmZoSkh2b2ZvczNaUFkxaUpWajRuMmlxcG1VNFF1eWZvU2FUM2w2VWtn?oc=5,2026-10-05T21:48:53+00:00,2026-10-06T00:05:48+00:00,-0.3818,negative
616e997f55d78d6f,SOL,news,Decrypt,DeFi Development Corp Adds $3 Million in Solana as SOL Buys Slow,https://decrypt.co/380125/defi-development-corp-adds-3m-solana,2026-10-05T21:48:03+00:00,2026-10-06T00:05:48+00:00,0.6705,positive
f210ca1583c7bfc0,BTC,news,Currently.com,Why Is Bitcoin Worth $1.7 Trillion Right Now?,https://news.google.com/rss/articles/CBMifEFVX3lxTE5xU0o5R3JGYkd4cWFfd0Exb0ZkNlV1a3NHWVNZbXZYeHR6a1hTdG4yaTM1RkNSUTRvYmpIZldCZ0NCN3laZWhscnNVUU5FWVdBdG5jdG5WLTFRSnhPSkhvUENielIwVl9lRzVmcDJ1TG9MaXRzd3pRZk5aVzM?oc=5,2026-10-05T21:33:04+00:00,2026-10-06T00:05:48+00:00,0.2263,positive
reddit_1wykrtv,SOL,reddit,r/solana,Capital Markets - Capital and Chain #17: Fiserv and Open USD go live on Solana,https://www.reddit.com/r/solana/comments/1wykrtv/capital_markets_capital_and_chain_17_fiserv_and/,2026-10-05T21:25:10+00:00,2026-10-06T00:05:48+00:00,0.5719,positive
7bb4cf9f29801889,SOL,news,CryptoTicker,Shiba Inu price prediction: burn balance and Solana route,https://news.google.com/rss/articles/CBMimAFBVV95cUxNR0ZMQnR0OG1YRlRWQ3Z4dGpHbVd4MVROanRlRS1yZnJ0enhZZGRwZDVfRHRBWHhwYUJNSFVYV0xvdDZ5ODNsaUM2RHNmTlk3OGVlUlpwNk84emZPUEthdHFEVjVSbHhYaHJlZjhRaE9vRWJvSHBxMXJObklaN3lJbThCRTQzLUJtWk5ZbkFLb2thZ1FUc3Z5Ng?oc=5,2026-10-05T21:17:56+00:00,2026-10-06T00:05:48+00:00,0.0,neutral
reddit_1wykaiw,BTC,reddit,r/Bitcoin,Be careful gents!,https://www.reddit.com/r/Bitcoin/comments/1wykaiw/be_careful_gents/,2026-10-05T21:05:25+00:00,2026-10-06T00:05:48+00:00,-0.5067,negative
reddit_1wyk5d9,SOL,reddit,r/solana,SolanaMobile's Seeker 50% Off ($250 Only!) Until Breakpoint London 2026,https://www.reddit.com/r/solana/comments/1wyk5d9/solanamobiles_seeker_50_off_250_only_until/,2026-10-05T20:59:50+00:00,2026-10-06T00:05:48+00:00,0.0,neutral
reddit_1wyjvjf,BTC,reddit,r/Bitcoin,What if institutional owners buy almost all Bitcoin (let's 99%) from individuals one day?,https://www.reddit.com/r/Bitcoin/comments/1wyjvjf/what_if_institutional_owners_buy_almost_all/,2026-10-05T20:49:08+00:00,2026-10-06T00:05:48+00:00,0.0,neutral
reddit_1wyjve0,SOL,reddit,r/solana,"$CBRS, From Cerebras Systems Inc, Is Now Listed On Solana Via Sunrise, Issued By Backpack Securities",https://www.reddit.com/r/solana/comments/1wyjve0/cbrs_from_cerebras_systems_inc_is_now_listed_on/,2026-10-05T20:48:59+00:00,2026-10-06T00:05:48+00:00,0.5267,positive
c18423dc4133199d,BTC,news,MultiState,State Cryptocurrency Campaign Finance Laws: Complete Guide 2026,https://news.google.com/rss/articles/CBMingFBVV95cUxPdVUtT2lUbW9kY054Wlo5R3lFUmQ4YWNYNXZLamN6am9EcFhHS3lQWm9ZNnIwT1FrY2xpekQ4U2dGV3p4RUxBQmNrazNQSkZkdjdENzJLalpuQjdOdG9WeE5pNXQtdmZCSHBnMmQ0V2hRcWhmRG5hcDVGS0JIbEtGU2R4X29JM2M4dGZZanpaZWRSWWRZZUtROGhOLXNXUQ?oc=5,2026-10-05T20:48:06+00:00,2026-10-06T00:05:48+00:00,0.0,neutral
67720293ed09affd,BTC,news,Decrypt,Why a 4chan Bitcoin Prophecy Says Today Is the End of Crypto Winter,https://decrypt.co/380113/4chan-bitcoin-prophecy-end-crypto-winter,2026-10-05T20:46:03+00:00,2026-10-06T00:05:48+00:00,0.0,neutral
reddit_1wyiz35,BTC,reddit,r/Bitcoin,I was told there would be an elevator.,https://www.reddit.com/r/Bitcoin/comments/1wyiz35/i_was_told_there_would_be_an_elevator/,2026-10-05T20:13:23+00:00,2026-10-06T00:05:48+00:00,0.0,neutral
13a2264d8aa96bb3,SOL,news,Crypto.com,Quick comparison: Solana vs. Avalanche,https://news.google.com/rss/articles/CBMiZEFVX3lxTE53Q3NnV0w0MmJsS2VYWlYyS1ZMZDlXZ0E0ZFRvZlJ3ZzBkSV9CdDQxMHNhRmtiYk96dDZteHZXZ3FjdmZjdFZTZklZM09RQlBMRDRzai1qQ2g4QUVyNEQ4WENwWXI?oc=5,2026-10-05T20:06:09+00:00,2026-10-06T00:05:48+00:00,0.0,neutral
29e1d8ed6d391f65,BTC,news,Yahoo Finance,"Top Cryptocurrencies Mixed; Bitcoin Tops $85,000 Level",https://news.google.com/rss/articles/CBMipwFBVV95cUxNNW02aW1CbnJjZWxfZUpSZ2RBSFFTMzFyNHlJd01NTEdrNnAtTUE5bE8zQkRvbmMtdEk2VHNHVmdTWnZvczhlTmVTWE1PZVQ0dnotZGlCazk2UnU1cFhkMERPb19uWnlnVWlrUVFuR2o4UFJTSGRnYmVFSWpHLXU0Smw0OXNTdHJoejJ2N1BrbGxMdFZhNHdIeFBoQ185WDA5cGpPSEdKWQ?oc=5,2026-10-05T19:53:14+00:00,2026-10-07T05:56:27+00:00,0.6249,positive
a8d4705d6955abc1,BTC,news,Bitcoin Foundation,Trump Adviser Calls for Powell Exit as Bitcoin Watches Fed’s Next Move,https://news.google.com/rss/articles/CBMitwFBVV95cUxQQWM0VHdOVWtBemowc0tqZl9UM3JsLXNmaXUzY2RJcEFYQ21NR0ZQODJiOV9OdGZ5WVk0bnpYb001QXBBTHQxbDFCQ0NsY3pRRUpYWldYZkFYYzlUd0NEMjlDTlZJLU9OSVd0VjRsSThoQlBMa1pDU2RBQVFoblNrR25UazNFMld5Q19aSGFPSWtMYW1aQXowRHgwQW80a3A4T2dQdHhWb2xFd2VHd3NTMXhFZThVYUk?oc=5,2026-10-05T19:36:58+00:00,2026-10-06T22:39:53+00:00,0.0,neutral
433f08e0d53c0243,ETH,news,CU Today,"DaLand’s Coin2Core Certified As Core-Native Bridge Connecting Banks & CUs To Bitcoin, Ethereum, USDC & New Networks Of Money / Fresh Today / CUToday.info",https://news.google.com/rss/articles/CBMi6wFBVV95cUxNYkJpTnNMQS05empkMnNFRnN1MGJSVlVGV29rZHNGeWdyQWZGNU8tcjVrVnpRRUNWakJCbjdETFFvM3hNcnRrZ1VRZ3F2aEpxTGRGT1pGXzNUZ193REZaV24ybFdCMWpmNTRNd3hCbUhmWThkczJnT1dkNmNwVzNsZ3hIOF93NlgyTHktUnNDNWxjMkpfUW12QXZ6Y2MteG1DLTVGMVExYUxJa2dWbWU3eVZhNzBBRkR2NERvX2ttbWd3SmxrUXZFN3NWYVhxNDV3cURjNGJGNl91d3AwVVhMdDVsMjJfeHhrMlpv?oc=5,2026-10-05T19:30:32+00:00,2026-10-06T00:05:48+00:00,0.3182,positive
428cae612655f26a,SOL,news,TechBullion,Solana News Today: Fast-Chain Competition Grows as Remittix Brings EUR and USD Transfers to Testers,https://news.google.com/rss/articles/CBMiwAFBVV95cUxQQzFRTEJQUXpYNVp0NFRaVmRmSXpkd3hEeHFoVGdtdzBxZ3laZndWYXo3TjlQaFgzcEJueFZCWFBsb1hxSXg0QU9Ed1lIdzQ5MGxvdHZhWmd6YUdSQ0tkc093V3NBWTNfQVV6RlB3YVdPSzlBQ0QzNnZzbXY0MnE4SlpvcmtnWEg5VTlGR1VERC11a0todUgzWmZqWjZHN2s0dEpSSHdBRE5YV2pBNW9rTkR0NXlvQTREbTh1WUhXV1c?oc=5,2026-10-05T19:26:56+00:00,2026-10-06T00:05:48+00:00,0.0,neutral
77fef60967b5a363,ETH,news,TradingView,"Bitcoin, Ethereum, XRP, Dogecoin Trade Flat as Dollar Hits 18-Month High",https://news.google.com/rss/articles/CBMixwFBVV95cUxNTHdaNGs0QmNrRU5kb3Vxd2o1UHZld3BUY0dHUXk2S1BKT2FmZTRxNzJHMUdsd1I1ZUgwV09ydkFPWHZITXJFOWVnOGNhZVBYUk5COXE5dlJRcmtRNnJJSGUzZ3lyRzdXajduNEdhS2laSXN6ZVBUMnhpcGprNU93Tk9xS2plc19BdkJkTWhLUk15ZjVtLVFGb3NZSXp6Mll5VXMzbDVEU2VxRzBtV1JpaWI5eUU4UHM4dm8yRlQwWmx0NWtMdG4w?oc=5,2026-10-05T18:51:17+00:00,2026-10-06T00:05:48+00:00,0.0,neutral
a428e717ea64ff2e,BTC,news,finance.yahoo.com,"Bitcoin Is Back at Its September High and Short Sellers Are Stacked Right Above It. What Happens If $88,000 Breaks?",https://news.google.com/rss/articles/CBMinwFBVV95cUxNOHRoX0xVdm1LVnBsN3lBd0J2aFBRNGlxeVRaRUtCZUhDcHhOWTNnUWVyMFF4SzI0Z2tTaFQwSXA2bXFTTEhNVGsxYTVDbGVKU0RjVFY0UVdfcTNoTksycmotbHhXdzB4dkR2UmVuVF8wYmJQQTNGSmFIMWdtYWtZaTk4RVROZF8tenJKcjhOTEJ6OTNtMTVjXy1yVkdWbFk?oc=5,2026-10-05T18:37:50+00:00,2026-10-06T00:05:48+00:00,0.0,neutral
9031b9da97c0054f,SOL,news,KuCoin,"Solana Surpasses Ethereum in Q4 DEX Volume, Signals Potential SOL/ETH Breakout",https://news.google.com/rss/articles/CBMisAFBVV95cUxQa1ZkT3ZPTnFYcE1WWjBZemhDb2s2VThjM0s2S3d1WU1TOGxfSHRvd3BkTmg0eXFDeTZCZDBqQXQ1dExRTklXaHE4VTFqdnd1VjBEQm50TkkzRzdsYm1BelB5OTlJVVBLZnNURWpjR0F3ejZJdU5HU1dSdXJuN2pGNk1zbV8tdmZvRGxRZzJBUU1uS0xTX0s2YUlqRk5FaVVoQXB4eldWSmduQk9jWDFSTg?oc=5,2026-10-05T18:13:20+00:00,2026-10-06T22:39:53+00:00,0.3612,positive
86016e3d651e9104,BTC,news,Decrypt,SEC Clears 3x Leveraged Bitcoin and Ethereum Funds for Trading,https://decrypt.co/380108/sec-clears-3x-leveraged-bitcoin-ethereum-funds,2026-10-05T18:12:28+00:00,2026-10-06T00:05:48+00:00,0.7783,positive
86016e3d651e9104,ETH,news,Decrypt,SEC Clears 3x Leveraged Bitcoin and Ethereum Funds for Trading,https://decrypt.co/380108/sec-clears-3x-leveraged-bitcoin-ethereum-funds,2026-10-05T18:12:28+00:00,2026-10-06T00:05:48+00:00,0.7783,positive
660488070127ec80,SOL,news,KuCoin,"XRP, BNB, and Solana in Focus as Altseason Hinges on ETH/BTC Breakout",https://news.google.com/rss/articles/CBMiowFBVV95cUxOUm50VkxsaFRQR2tDVkpDWUNVQUtEZXFSeVJkaFMxOExwWWxMdXRnR2JOaTlmUkVheVRDaW55V0NncWFQQVY1cjZmR3hsdkhDQUdWZG9jVl9aQm5ITDk2dWFiMHpjTmpMWFFEODhya2pRTVhVMVZ3eHVaZXJvZjV3OWljcDJaR2oydXVqUUpYNFpPbEhJOWVWWDBrdDBpUFhMODZJ?oc=5,2026-10-05T18:03:48+00:00,2026-10-07T13:19:42+00:00,0.3612,positive
d6ba64cd0ff22e16,BTC,news,24/7 Wall St.,Hyperliquid Is 5% From Its Record While Bitcoin Is 32% Below Its Own. Can HYPE Break $98?,https://news.google.com/rss/articles/CBMi2wFBVV95cUxPVXBDVnU4RHd2YmhUbmZJQXdWZ3h5ckhvNWllb2dJNlBxVnhiRVlPS0lFMWgwMVp6QUxWTW8taGRSZTJ1VTdsNEp1dVpvNnZjMERFemZxRm1pUldyLUlNcGJOdGNPQnpjTndrSHQwT1c5ZVJjTFpmd1otZkhKbm9KcDZ0TFNxaFhRQm9RZVlsYXJkOEFOOXJGQmt0TDdoN0dKTUNWWmFnZzNWNWZQRGh2VVRUTms2WFc3c2V2WUxzVGNGTWs3cExmVGtwQWVTM0FJS002cEZ2VWpka1U?oc=5,2026-10-05T18:03:00+00:00,2026-10-06T00:05:48+00:00,0.0,neutral
d6ba64cd0ff22e16,ETH,news,24/7 Wall St.,Hyperliquid Is 5% From Its Record While Bitcoin Is 32% Below Its Own. Can HYPE Break $98?,https://news.google.com/rss/articles/CBMi2wFBVV95cUxPVXBDVnU4RHd2YmhUbmZJQXdWZ3h5ckhvNWllb2dJNlBxVnhiRVlPS0lFMWgwMVp6QUxWTW8taGRSZTJ1VTdsNEp1dVpvNnZjMERFemZxRm1pUldyLUlNcGJOdGNPQnpjTndrSHQwT1c5ZVJjTFpmd1otZkhKbm9KcDZ0TFNxaFhRQm9RZVlsYXJkOEFOOXJGQmt0TDdoN0dKTUNWWmFnZzNWNWZQRGh2VVRUTms2WFc3c2V2WUxzVGNGTWs3cExmVGtwQWVTM0FJS002cEZ2VWpka1U?oc=5,2026-10-05T18:03:00+00:00,2026-10-06T00:05:48+00:00,0.0,neutral
d6ba64cd0ff22e16,SOL,news,24/7 Wall St.,Hyperliquid Is 5% From Its Record While Bitcoin Is 32% Below Its Own. Can HYPE Break $98?,https://news.google.com/rss/articles/CBMi2wFBVV95cUxPVXBDVnU4RHd2YmhUbmZJQXdWZ3h5ckhvNWllb2dJNlBxVnhiRVlPS0lFMWgwMVp6QUxWTW8taGRSZTJ1VTdsNEp1dVpvNnZjMERFemZxRm1pUldyLUlNcGJOdGNPQnpjTndrSHQwT1c5ZVJjTFpmd1otZkhKbm9KcDZ0TFNxaFhRQm9RZVlsYXJkOEFOOXJGQmt0TDdoN0dKTUNWWmFnZzNWNWZQRGh2VVRUTms2WFc3c2V2WUxzVGNGTWs3cExmVGtwQWVTM0FJS002cEZ2VWpka1U?oc=5,2026-10-05T18:03:00+00:00,2026-10-06T00:05:48+00:00,0.0,neutral
2401e02b18f43403,SOL,news,AMBCrypto,Solana lost ground to Ethereum in Q3 DEX volume – An early sign of SOL/ETH's Q4 breakout?,https://news.google.com/rss/articles/CBMirAFBVV95cUxOb0hCVy0xdGJFQnRZWHN1QVhHT241SE0zUTJrLWt1U01VVUFmQnAxY09ER21HcDRXVzZMenRDZDYwWDBnQUZCUk1vUXRqbFczU05DMkRuS1I0RXdad2NLVXk2anRqaEJFM3dpSmpTYWxVRW9kM1hxcHZsWWVEalNkTWxDQ085Q1JLd3Q3cXNfeU1KeHNBOS1QUUpod0M3ai1ncjRQSW5HQy1aTVFj?oc=5,2026-10-05T18:00:15+00:00,2026-10-06T06:25:21+00:00,0.0516,positive
4d20c58a72c5a69a,BTC,news,finance.yahoo.com,The SEC Approves the First 3x Bitcoin and Ether Funds: Understanding the Risks Involved,https://news.google.com/rss/articles/CBMimgFBVV95cUxOTXFhZTRFcFpIb09vVnFQN2o2VW93X1lldF91emFhN3BMQ0F1VXltMkhpNWZHblRVUWlFc1gzb04wb3g4aXNZeXg1V3dKWlYzdlJ4MEFtd0JiSUgySC1IYnV3TWJBMU8ycjRtWFJJeWJmLXZsdHJFZGp4YmdYUG9yYW1sbDN6Z3pOLTZwUzQ0MXZjeFItQ1ZmUjln?oc=5,2026-10-05T17:51:03+00:00,2026-10-06T00:05:48+00:00,0.1531,positive
4d20c58a72c5a69a,ETH,news,24/7 Wall St.,The SEC Approves the First 3x Bitcoin and Ether Funds: Understanding the Risks Involved,https://news.google.com/rss/articles/CBMi3gFBVV95cUxQQ2FfbXpmbnJaUGdGWGFXOERJWHFOa3lucnU1UkNyZmdHeWxrTDNXWVVlcW9zZk1CcFZrc3QzSzVCMjBZeE1uMTU2bXdZOU42bnZSUUFfZXRxekxBOGcydGthckdpUUp0WlB6TUdLdlB5NUtxVDZuRmliWmlXMkRsaHFDWUZPSVJjd3ZNXzEzYWszXzQ3OHVUS0FpVWo1a09nZ0Y4REdaZGNiT21rQTZhWVgybVlOMHloMFVGTFJXay1iLUFEVjBPeXZLR0NWM05UNENxWkZSX1V6YlpEdGc?oc=5,2026-10-05T17:51:00+00:00,2026-10-06T00:05:48+00:00,0.1531,positive
991edd57b1f22691,SOL,news,TradingView,"SEC and CFTC jointly classify Bitcoin, Ether, Solana, Stellar, Tezos, and XRP as digital commodities",https://news.google.com/rss/articles/CBMi8gFBVV95cUxQaGIzNjdBX3NpcHpmd2RBa1pLeFFqVTdfMFhaNjFjT1JfN3I3WkI0X1hVYk1wSlhVMTk1M09EUnZqSU4wRGg0bkVkdGdUcW5UaHZHbi1KRmRodE43N2NjZ0VRanQzWFBjXzJ6Z094SU01WmdhaUMzNzRBUFRBQVQ2cGxpTUthZDUxa2c2NWswbjQ3cGNJd24wUklFbHdTTVBHb2t5ckNYT1FHRmtHWHprNWJibFJCMEdkQXFBVHdJRm95NkdpZ1pEUXE1Q0lMbGlSdjJtZmFpV2VrQmpqTG04M0l6R2o3TlVzeG5aaFVkR0V5QQ?oc=5,2026-10-05T17:49:07+00:00,2026-10-06T00:05:48+00:00,0.0,neutral
reddit_1wyer0l,BTC,reddit,r/Bitcoin,Bitcoin Physicians Network and Verify Wealth Free Webinar this Wednesday,https://www.reddit.com/r/Bitcoin/comments/1wyer0l/bitcoin_physicians_network_and_verify_wealth_free/,2026-10-05T17:32:41+00:00,2026-10-06T00:05:48+00:00,0.9695,positive
6a45ff6404e97991,BTC,news,TradingView,"Bitcoin Holds Above $85,000 As Treasury Drops Wallet Reporting Plan, CFTC Proposes Crypto Rules",https://news.google.com/rss/articles/CBMi6AFBVV95cUxQaEI2cWcwaEszU0xaU2RDdklfeXlTY2drRnNOWnhtM0dzVUJHQjRmeG5sZERTWkstSmpGTTdiSUthNWdaczBPbjVfcDdGb1FhcVp0QjM4YmtnWHZ3UXBBYWhfZUo0cWR3TmNuRkdrRjZvX0E5U1JCWm9BREkyV2JVV0FCWTNxVGlEaU90UTdRY3ZLMmx0Umc1NVA4d2hBbjhkY2ZwbkNudXdvelhrQUpWY2dTeDB3N1BoaUMyd2hObnpsZG9TaVVYeDdEa2laUGJuYXlIcHp0ODVlR0RkMU02MjQ5YnBKT3pz?oc=5,2026-10-05T17:31:59+00:00,2026-10-06T22:39:53+00:00,0.2023,positive
b5bcefba92e24e38,SOL,news,Seeking Alpha,Grayscale Solana Staking ETF: This Is Now Becoming A Cash-Flow Product (NYSEARCA:GSOL),https://news.google.com/rss/articles/CBMipAFBVV95cUxQU3V6V2tjU1NDS2Y2dW5FVWhJemxBdTZ0WWIzQ190SXNTQmN0VkxaN25jQ0JhR0RNYlg0ckthRkstRVc2YTNLYjhRNFhiMHFmM1ZoS3dseHc2V2lOSHVraTY4N2xpVW9STXY1ME9tUV9PMWNaVXhuREpfWllXdV96d3h4RHlXaGpWdTRJNXNZbEc5S1NlY2RoZnNQbmZZSG9KcERJMA?oc=5,2026-10-05T17:30:00+00:00,2026-10-06T00:05:48+00:00,0.0,neutral
234b1ed0d7ab7c01,SOL,news,The Globe and Mail,Total Crypto Market Cap Just Crossed $3 Trillion. Here Are 3 Cryptocurrencies to Buy for the Next Bull Market Rally.,https://news.google.com/rss/articles/CBMinAJBVV95cUxOMnZrMU4xSHFBUWZwVUlSWm95dVJCcy1PeWhWRXhLQnVKNmRJTnVhQWZfMTl0Q20xcHFDeTNmck9qVEtkWVJBd3VyMFJWeUF2RlJfY0FKUEVFSlYyeTlzNHBFZ1NMZDl4YS10eXZsaDVWLWZkYkFPR0lUUkVfS1EwaG1Icl9FSTdRYXYydTFvM0pDNk82SGRocDNlWE9QQkxuWHZTVVl1ZnQ0anRScGxOYkdKb0VXVy02YWxkNDhzYUg1UERYMUF6TGtPa2N1STIwMWpVUHFLMnBuV2xBYTN5Ml9yemZ5WWlCczcxcm4tU1NnUS1zWTN0RzU2dlVCcWdMS1VDQ2hnNEJfbDBCcmxWM2p6aFk2c0tfYXk3WA?oc=5,2026-10-05T17:22:11+00:00,2026-10-06T00:05:48+00:00,0.4588,positive
reddit_1wye9kl,SOL,reddit,r/solana,Titan Exchange Unveils Slice Orders to Cut Price Impact on Solana,https://www.reddit.com/r/solana/comments/1wye9kl/titan_exchange_unveils_slice_orders_to_cut_price/,2026-10-05T17:14:19+00:00,2026-10-06T00:05:48+00:00,0.4588,positive
116c57a2163883d7,SOL,news,CryptoSlate,What price will Solana hit in October Odds & Prediction Market Analysis,https://news.google.com/rss/articles/CBMijwFBVV95cUxPb3o1dmdFaGY2MUEtdVBGZk1IV3hTUXZvQ3dtb2NJTTVoOHk4ak8ySXh2RjJEcXBGLWUtQkRzRjdCYUJlRlBkaTdfTWY2MWlSVUVkVWFZWUNYUFRyMUtZd3BYN1p2T1dOaEtuVm9fSWV6MmJyd0RXYVZBejhhQllXYUh0am9CZlhxV1VFVGtiWQ?oc=5,2026-10-05T17:08:01+00:00,2026-10-06T22:39:53+00:00,0.0,neutral
be9519f1803486bd,BTC,news,Cointelegraph,Treasury yields at 5% threaten extending Bitcoin’s best quarter since 2017,https://cointelegraph.com/markets/bitcoin-q3-rally-treasury-yields-fed-rate-outlook?utm_source=rss_feed&utm_medium=rss&utm_campaign=rss_partner_inbound,2026-10-05T16:53:08+00:00,2026-10-06T00:05:48+00:00,0.7096,positive
12f90a39f88088b6,SOL,news,Benzinga,"How Raoul Pal Built His Crypto Portfolio: BTC, ETH, SOL and 1 Surprise Coin",https://news.google.com/rss/articles/CBMizwFBVV95cUxOZTljdnBKaG5Ob04wekdRZVBpQmRYbXJsM1ZPX1RxaGROOC0wT2ppdS0yR2Jrc2N3NkFublhlZU51eHhxeEFiMUpYN1JXeFBaLUVJM1E3T3dFdUUweWhOSDlFTXdGSEY2dFdTM0g5aFEwcFE0blY0MktxM1czRG5odU1kSGh3NjVUZDl0UVJQV2VyVU0zRF9kOC1YWUltLXI4LVlRNW9ZQWxRR3VzWmxkN0tobU5EcGhsbjlRMGZNTlpibHdaRHp2ZURyajRmeVk?oc=5,2026-10-05T16:39:26+00:00,2026-10-06T00:05:48+00:00,0.2732,positive
12f90a39f88088b6,ETH,news,Benzinga,"How Raoul Pal Built His Crypto Portfolio: BTC, ETH, SOL and 1 Surprise Coin",https://news.google.com/rss/articles/CBMizwFBVV95cUxOZTljdnBKaG5Ob04wekdRZVBpQmRYbXJsM1ZPX1RxaGROOC0wT2ppdS0yR2Jrc2N3NkFublhlZU51eHhxeEFiMUpYN1JXeFBaLUVJM1E3T3dFdUUweWhOSDlFTXdGSEY2dFdTM0g5aFEwcFE0blY0MktxM1czRG5odU1kSGh3NjVUZDl0UVJQV2VyVU0zRF9kOC1YWUltLXI4LVlRNW9ZQWxRR3VzWmxkN0tobU5EcGhsbjlRMGZNTlpibHdaRHp2ZURyajRmeVk?oc=5,2026-10-05T16:39:26+00:00,2026-10-06T06:25:21+00:00,0.2732,positive
9d6ee0dc5a20e796,ETH,news,CryptoQuant,Ethereum’s Estimated Leverage Ratio Hits a Seven-Month Low,https://news.google.com/rss/articles/CBMidkFVX3lxTE1ySVVWZnlYa1NlU0Rha2IzcEVmcWVLRE1RWkhwRldrQjRvRVBSZWdORjFfU0ZUMTUwcDVhbDJrNldzb19mM2tNSjM0LXdfd05mSV9xMkNjZVNFWXdrNDZqbnFYdkVfMkFJVVlwaVlOZ1lGVXJSNWc?oc=5,2026-10-05T16:23:09+00:00,2026-10-06T00:05:48+00:00,-0.2732,negative
d584d12f14e39f47,ETH,news,Moomoo,Ethereum(ETH) Stock Price Today | Quotes & News,https://news.google.com/rss/articles/CBMimwJBVV95cUxOM2x4NUtWYWs2VXFLNkhjSnQ3RGpQZEJ5MGs4SUVSZHBoOFJ3WGFQM3pibGtfdVNocHhFb0FYYTZqQ2VQa0YyM2k5aXRPcUxQNVV4RlhZQUw2NFdtTTRMUHBNLXBFOEg4OFBkeWxUVEtkTHBWRFZ3azlFVFRhb3luWWo2MGNQaWpzSXlpZ2sxODYzaXRidm5hZmJveTdPZTJ4cGtleDdTYW83Q2Q0bU5IR0hyTU9ZMEpwZmNmVDZ5c2pScmFWX1UwWFprdGJxa21DdUgwY0VRNjhydW1kQm9obzhZUGpmb0V5X3hJQVQ2Y3ZqeEZtWVFhdjJtekdFaWxSMTRjUXRKdFNvMVBLbUZWcXBGVFhmWDNWOHpZ?oc=5,2026-10-05T16:22:00+00:00,2026-10-06T00:05:48+00:00,0.0,neutral
7f834e7410c64fb3,SOL,news,Bitget,"Solana tokenized equities overtake Robinhood, ending its six-week lead",https://news.google.com/rss/articles/CBMiY0FVX3lxTE9VSTQzbzc3LTNWeGJYUHZRT2lrWjNYN2dGdURRZUN4bzQtd1E5Tk14SXBnRWRwY0laNC1fMlFqSzZfZUlWdUtyMGFuZTRuWTVwLWFBTDl5ZGJJV3ZwNWRwMThwd9IBY0FVX3lxTE9VSTQzbzc3LTNWeGJYUHZRT2lrWjNYN2dGdURRZUN4bzQtd1E5Tk14SXBnRWRwY0laNC1fMlFqSzZfZUlWdUtyMGFuZTRuWTVwLWFBTDl5ZGJJV3ZwNWRwMThwdw?oc=5,2026-10-05T16:16:57+00:00,2026-10-06T00:05:48+00:00,0.0,neutral
b49da6db304713a2,ETH,news,finance.yahoo.com,BMNR Stock Gains Alongside Ethereum After Tom Lee's BitMine Makes One Of Its Smallest Ethereum Purchases Ever,https://news.google.com/rss/articles/CBMiogFBVV95cUxPdWE3SWYxcTZGTkJkTEhwYTBjM2otVy1YRjI0SE5iN0YxRVRRNGU3Rmt3clRucldDRXp0a1c3TG1qSm5iYjFBbHVReFZJWXdpNGJhaXhKR1dmUnY3b0NVVllpR0dQS1dXZGF2aUFPZmFyZ2hWU1k1T0hVMEJ6STB4T3lmdXFhMTFfYjJrWFlyRjB6UGJJZUY1eWd0b1lCOEIwTEE?oc=5,2026-10-05T16:14:10+00:00,2026-10-06T00:05:48+00:00,0.34,positive
6f3d910c78c827c1,BTC,news,Decrypt,"Bitcoin Just Flashed a Second, Stronger Golden Cross: Here's What That Means",https://decrypt.co/380067/bitcoin-price-golden-cross-fed-rate,2026-10-05T16:10:00+00:00,2026-10-05T16:15:01+00:00,0.8201,positive
reddit_1wycc3s,SOL,reddit,r/solana,"DGLD, The Swiss Gold Token Launches Natively On Solana Through SwissBorg",https://www.reddit.com/r/solana/comments/1wycc3s/dgld_the_swiss_gold_token_launches_natively_on/,2026-10-05T16:00:53+00:00,2026-10-05T16:17:07+00:00,0.0,neutral
532e6645169102ba,SOL,news,Coinpedia Fintech News,"Altseason Could Put XRP, BNB and Solana in Focus",https://news.google.com/rss/articles/CBMijgFBVV95cUxPSnlrZWdvMkwxbHQzdWJ5S1c1d21uRTNfREJpdnNIeHYzOXprUXI2MkpsMTFoQjA2Nmd5c1dxUF9aU3BCME0wbGlFdTlvWGVIM1lLRXhXUUZ4d0lvcHNzblRsMFlJbzdNYmFQRGVBVlB2bk5PLVNDRGt2VFhlQ29ZN2NHRUt5aXlmajZTdTNB0gGTAUFVX3lxTE0tMlQzOXktdXB6R3EtNWh2cUtDazRwcUZRLV9WMFlUMHhwOVg5b0NLTnF1ZW5pdDFMeHdvNVo2SUlVaE92YkswckdRMXNhNlhFWFZEWEc0a0RxblVtemx1Mng1ZG1SYWs2emd6WWFxdFNpUDg4bUZPZ2M0LU9rS3pJLXBaWkkxSkR5a2REREZXdVd0bw?oc=5,2026-10-05T16:00:31+00:00,2026-10-06T00:05:48+00:00,0.0,neutral
b60fd112d318e225,SOL,news,24/7 Wall St.,"Which Crypto Reaches a $1 Trillion Market Cap After Bitcoin? Ethereum Is at $333 Billion, XRP at $96 Billion, Solana at $71 Billion",https://news.google.com/rss/articles/CBMikAJBVV95cUxPUjRtT3NzdHBfN05YVUZNdkxqSFh6SVRsLVFLU1dsYkh4RGE1a05LZjhyb0s0aVQyNVdEblNLOWtMb0xtSy1ucHRPSGxhWW5sbFNpdmRRSmhCWVNaY1g3bFdCOGV4NExxNjEwakltVDJCWGREamdGQTcybnpRa1lJSUhYSnZ2X3pHMG9yMzI1RVo5S0F2TldOWXA1RUcwZVplSDNMOFdpTlVYZGtFbFdUekl4UDZTRXdtb1RIMjdNSnhpRy1rRmJiOEFNaTZOTWRuZ2FGMzN6MnY0dDQtWFF2WnVNZXN1eVVXYTRERXNuWEppaTIxamM5bzNIZGxKQ1VPeFFJOHZkV1plWTFFQk4wUQ?oc=5,2026-10-05T16:00:00+00:00,2026-10-05T16:15:01+00:00,0.0516,positive
b60fd112d318e225,ETH,news,24/7 Wall St.,"Which Crypto Reaches a $1 Trillion Market Cap After Bitcoin? Ethereum Is at $333 Billion, XRP at $96 Billion, Solana at $71 Billion",https://news.google.com/rss/articles/CBMikAJBVV95cUxPUjRtT3NzdHBfN05YVUZNdkxqSFh6SVRsLVFLU1dsYkh4RGE1a05LZjhyb0s0aVQyNVdEblNLOWtMb0xtSy1ucHRPSGxhWW5sbFNpdmRRSmhCWVNaY1g3bFdCOGV4NExxNjEwakltVDJCWGREamdGQTcybnpRa1lJSUhYSnZ2X3pHMG9yMzI1RVo5S0F2TldOWXA1RUcwZVplSDNMOFdpTlVYZGtFbFdUekl4UDZTRXdtb1RIMjdNSnhpRy1rRmJiOEFNaTZOTWRuZ2FGMzN6MnY0dDQtWFF2WnVNZXN1eVVXYTRERXNuWEppaTIxamM5bzNIZGxKQ1VPeFFJOHZkV1plWTFFQk4wUQ?oc=5,2026-10-05T16:00:00+00:00,2026-10-05T16:15:01+00:00,0.0516,positive
b60fd112d318e225,BTC,news,24/7 Wall St.,"Which Crypto Reaches a $1 Trillion Market Cap After Bitcoin? Ethereum Is at $333 Billion, XRP at $96 Billion, Solana at $71 Billion",https://news.google.com/rss/articles/CBMikAJBVV95cUxPUjRtT3NzdHBfN05YVUZNdkxqSFh6SVRsLVFLU1dsYkh4RGE1a05LZjhyb0s0aVQyNVdEblNLOWtMb0xtSy1ucHRPSGxhWW5sbFNpdmRRSmhCWVNaY1g3bFdCOGV4NExxNjEwakltVDJCWGREamdGQTcybnpRa1lJSUhYSnZ2X3pHMG9yMzI1RVo5S0F2TldOWXA1RUcwZVplSDNMOFdpTlVYZGtFbFdUekl4UDZTRXdtb1RIMjdNSnhpRy1rRmJiOEFNaTZOTWRuZ2FGMzN6MnY0dDQtWFF2WnVNZXN1eVVXYTRERXNuWEppaTIxamM5bzNIZGxKQ1VPeFFJOHZkV1plWTFFQk4wUQ?oc=5,2026-10-05T16:00:00+00:00,2026-10-05T16:15:01+00:00,0.0516,positive
reddit_1wycawq,SOL,reddit,r/solana,"For Solana trading systems, is transaction landing becoming more important than RPC latency?",https://www.reddit.com/r/solana/comments/1wycawq/for_solana_trading_systems_is_transaction_landing/,2026-10-05T15:59:53+00:00,2026-10-05T16:17:07+00:00,-0.5489,negative
reddit_1wyc722,SOL,reddit,r/solana,"$EWZ, From Ishares Msci Brazil ETF, Is Now Listed On Solana Via Sunrise, Issued By Backpack Securities",https://www.reddit.com/r/solana/comments/1wyc722/ewz_from_ishares_msci_brazil_etf_is_now_listed_on/,2026-10-05T15:55:45+00:00,2026-10-05T16:17:07+00:00,0.5267,positive
8d2675ddb525996a,SOL,news,StreetInsider,"Solana News: SOL Traders Turn to Remittix as 1,000 Holders Test Crypto-to-Bank Payments",https://news.google.com/rss/articles/CBMi5gFBVV95cUxOM0poNTNYUFU3cEZLS29hNzU0ZW5mYjdDQW42UDctTXpUcDNqVXlLNTdwbWlpVFRSYjQwRnh4dHdicllFTFZ6MW5rdGZmZ3ZPR2VpbkhDWnNtd2NheFNGZEJFOV9sMjBSbjJLZ25UbTJIVjNKekNmcUxRVFJ3Y1hmbVlQOHZnN2tGTmZVT3hibWs5VWgzR3gyNVJ0c011VlI3VmViZXVJQXQwcTBLTnN1a3B3VWNCZGNhVWpwX3A0dUVCeUNNdGlZRURyQzB0anZ1dURQRTkyRHRlQ1FFUUZQaENhZ1pSZw?oc=5,2026-10-05T15:51:49+00:00,2026-10-05T16:15:01+00:00,0.0,neutral
reddit_1wybmtt,BTC,reddit,r/Bitcoin,Are we at the yellow mark or the red mark?,https://www.reddit.com/r/Bitcoin/comments/1wybmtt/are_we_at_the_yellow_mark_or_the_red_mark/,2026-10-05T15:34:00+00:00,2026-10-06T00:05:48+00:00,0.0,neutral
reddit_1wybk8s,BTC,reddit,r/Bitcoin,The same old story,https://www.reddit.com/r/Bitcoin/comments/1wybk8s/the_same_old_story/,2026-10-05T15:31:07+00:00,2026-10-05T16:16:01+00:00,0.6049,positive
2bce3a4ba6f0a093,BTC,news,Fortune,How Hyperliquid defied crypto’s DAT death spiral—and built the industry’s only flourishing digital asset treasury,https://news.google.com/rss/articles/CBMiowFBVV95cUxQd3JQcVBfRmdkblplZkdTQkhYQ0hDMl9OWFkzZ2d3ay1GRDlRTWdlZjFwZGcyYVcwYkhpWjRYekFkcG9xa013amlpQVRKREIyc0ZzdzUydFUwcDQ1aXNpU0l5QXk2V3NuVEJaZ2hwVWxlVUhzZXdxVjdPal84cTlDRXNOZFNfOWdxcHRJejZmd0VSLW8xTDlET3l6aHdZZWYwUFVZ?oc=5,2026-10-05T15:29:00+00:00,2026-10-06T00:05:48+00:00,-0.1531,negative
reddit_1wyba4z,BTC,reddit,r/Bitcoin,Bitcoin Scarcity ₿,https://www.reddit.com/r/Bitcoin/comments/1wyba4z/bitcoin_scarcity/,2026-10-05T15:20:05+00:00,2026-10-05T16:16:01+00:00,-0.2263,negative
53a21bfd8598fcef,SOL,news,Cryptonews.net,Solana Overtakes Robinhood in Tokenized Equity Trading Volume,https://news.google.com/rss/articles/CBMiV0FVX3lxTFBhZHZCVVJVY1hHd3J3RVR2QmtWUHNOX1Y0RnFmTUxiM0NnMnJ2SzhCVWNWVWdySzVJM0YwdmNBRlZDb0xNdnhLdGhQUVBfTlRFdlpfVm00TQ?oc=5,2026-10-05T15:17:49+00:00,2026-10-05T16:15:01+00:00,0.0,neutral
reddit_1wyb2f1,BTC,reddit,r/Bitcoin,Mark Cuban is the worst investor of all time,https://www.reddit.com/r/Bitcoin/comments/1wyb2f1/mark_cuban_is_the_worst_investor_of_all_time/,2026-10-05T15:11:53+00:00,2026-10-05T16:16:01+00:00,-0.2023,negative
173759c634179789,BTC,news,Cointelegraph,Bitcoin price fails to break higher after best weekly close in eight months,https://cointelegraph.com/markets/bitcoin-price-fails-to-break-higher-after-best-weekly-close-in-eight-months?utm_source=rss_feed&utm_medium=rss&utm_campaign=rss_partner_inbound,2026-10-05T15:09:57+00:00,2026-10-05T16:15:01+00:00,0.34,positive
e95c5033389b9347,BTC,news,24/7 Wall St.,Bitcoin Fell in Every Past Midterm Year and Rallied the Year After. Which Pattern Wins This Time?,https://news.google.com/rss/articles/CBMi6gFBVV95cUxNVFFuelUxSVVGeDE4aC1HNm1ERXJPV215bWhDNHpTRl8yWWxqdzhHREJWd1dNbTQtUGxwcEF2NmJWQUhEU29OczJLSVNZLUhkMGlBQVVLeDlXTk1ITDJ2aVA4Tm11U01oczNyU2ltNGx1dkI2NzJOTnAwZVJ6Z3NRNUxCVnRrc05iTFRnN2xYank5Slh1OGlOa0JSTmZsbGM4WWJFaUM1dnpSMnptVUp3NUdVT25zRE81eEoxbVVBeDVMdXBxaHphendTVm4xV1NlbjlKMVVERFdZOVNHSW1RTGd2TzFqemdOSlE?oc=5,2026-10-05T15:00:00+00:00,2026-10-06T22:39:53+00:00,0.7717,positive
31a85ffe79098677,ETH,news,Decrypt,"Bitmine Buys $41M More Ethereum, Reaching 99% of Its 'Alchemy of 5%' Target",https://decrypt.co/380059/bitmine-41m-more-ethereum-alchemy-of-5-target,2026-10-05T14:54:17+00:00,2026-10-05T16:15:01+00:00,0.4173,positive
c538577f273acf14,ETH,news,shattered.io,MEV Bot Yoink Front-Runs $7.8M Ethereum Hack [2026],https://news.google.com/rss/articles/CBMigwFBVV95cUxPRjVSNGRNNEJ0WjdDX2Rnc3ZDYXM2MWFkYlpueW9uMnlPWjZOYmQ3YXVwZEoyRGVvcjdhZDhDV04zUlRCVEttdXUtMHpMalpaYXJneGhYMldSYXZWR2tlTU5HU0x1WFlHY2RjbVozd2xZLWUxM0JwOVpZWXpwdWFZZjBwSQ?oc=5,2026-10-05T14:53:47+00:00,2026-10-05T16:15:01+00:00,-0.5423,negative
513903984848c499,BTC,news,Bitcoin Foundation,What Is Midnight Crypto? Why the NIGHT Token Is Gaining Attention,https://news.google.com/rss/articles/CBMirgFBVV95cUxQWDBJQkR2OGJKZnhIaVdNcVpkbEd4QTZ0dUhmVFBvUXBEQXZMVXZ0TzE3a1NpWGJnY3FvNzMxSW14aVBGMVFEMldWZEliUUtDdlN5TmVHX2Q2eUFtcEgtTWNxNmY0Y29FU2pQbjI4Rks0Zlp2dDJIQjVmdVFxcFFjR2FoTlZEWVVva29ZTlJ2LXJTSmlXa3JkZFZfbk9qRmJSQWlpR19YMmFsMll6b3c?oc=5,2026-10-05T14:09:16+00:00,2026-10-05T16:15:01+00:00,0.4215,positive
cda7fb00aeb59e15,SOL,news,Bitcoin Foundation,Is UDR Crypto a Scam? What to Know About United Dividend Reserve Token,https://news.google.com/rss/articles/CBMitAFBVV95cUxQbTRORkN4eXktM2N2WGpKVWRaUlNDOUUyUHlGcnJTTnBCeU95Z3VQX3BsZTdtRlBtWXFIZktGcS1oNU5ramg4VzZobWsyVmRoeDIzRktmbWJxVFhjQ3RGNGJlM0MxTVljLTUzMmZQVmlSalh2THd3cE1nU2toVzdOMERLYl9vNG02LUxOMFV3MnN4V0lRMFRDd2czeHNHV2lWSmtnZlkyRUlsTXBGY0ZKQ1dzZEY?oc=5,2026-10-05T14:08:38+00:00,2026-10-07T05:56:27+00:00,-0.296,negative
b8406b9888453adb,SOL,news,Cryptonews.net,Shiba Inu lands on Solana after $190B DEX quarter – Q4 memecoin cycle next?,https://news.google.com/rss/articles/CBMiW0FVX3lxTE9keFV2RUJMMzU1X1RpQjZaMUZPUTN6eE1lMFl6RE55c1BZdVlSTGVEdFBpc3FoZHFpaFhaY2w1MGxtS3RaOGozNXNsU052OGtYaU1qekhBWUlncUU?oc=5,2026-10-05T14:08:36+00:00,2026-10-05T16:17:07+00:00,0.0,neutral
e4626c7c20ea00aa,BTC,news,Yahoo Finance,Coinbase Stock vs. Bitcoin: Which Investment Performs Better?,https://news.google.com/rss/articles/CBMiowFBVV95cUxNVlB3MnZzNk54ZHN4bTlhRzFhU0NieDVzZ0pydndyNXdVUGJKekJnNmZ5Y1VjNV9GRE5pZVl4THZ5OGVqSmZodnEyVGJzaWdyM2ZHYldzcmxESXM1MWZ3ZXdYbVJrVlJ3aVZTdWpfVk0ya3FJVXpFS0RtOXczZHNnVUpHZGN4MjNEdk53aXBBejJUc04wOE9iOHhJRzBoT2x3TTlZ?oc=5,2026-10-05T14:00:45+00:00,2026-10-05T16:15:01+00:00,0.4404,positive
6591a34d452d61b9,BTC,news,FF News,"Block Launches ""Bitcoin Does"" Campaign to Bridge the Gap Between Crypto Curiosity and Daily Use",https://news.google.com/rss/articles/CBMiswFBVV95cUxOaUNNTEl5R0VSdVRqU3B0Sl9zOGkwWUh5U1dQRGMxYTRnenV4UlJRNkNSdFVQcmZjSGNOYWJkaHZNYjVBdzBfR1duUDZtWkhqUzhtX0FnMTcwVThWTUVMdk12QzZDQVBNXzA5bTZXZWlOVDFyQURtczFRX08tVjNaQk01MDVtT0xGbmx1RXZUM3JNUUtYbkZFaU0xTXFZN0NfY2x0dWRhejVnVUFEVVRUX0pxNA?oc=5,2026-10-05T13:55:49+00:00,2026-10-06T00:05:48+00:00,-0.4404,negative
ca7dc2094a85ba53,BTC,news,Yahoo Finance,"Strive Expands Bitcoin Holdings With 2,000 BTC Purchase",https://news.google.com/rss/articles/CBMinwFBVV95cUxPWGFWVThKZzdyT3k4bTJrUUZFcTVVM2NsWjE2c1dpTG5PTHpRV21VYjRqanUydlFNQm9TdHprVk9GZ1NJNlpkaHQyeWQ2VHdaVktHYUtoOVZzVDFueGNNaDY3LTNtQ1VENThaZDhmb3pua2UySUg1V2lZYTRhRDBrbTZVUGUxOGxremlNMnJZajRwaWc3Z2c2d29NbHZ2cDg?oc=5,2026-10-05T13:50:00+00:00,2026-10-05T16:15:01+00:00,0.1027,positive
a3cb9e60a65f39ec,BTC,news,Cointelegraph,Metaplanet reveals net income strategy to fuel Bitcoin accumulation,https://cointelegraph.com/news/metaplanet-net-income-strategy-bitcoin-accumulation?utm_source=rss_feed&utm_medium=rss&utm_campaign=rss_partner_inbound,2026-10-05T13:47:17+00:00,2026-10-05T16:15:01+00:00,0.2484,positive
adf5925a5dd8c940,ETH,news,Yahoo Finance,"Bitmine Purchases 15,112 Ethereum As Price Strengthens",https://news.google.com/rss/articles/CBMinwFBVV95cUxQY21LdHdRSGpCc2lUUUVPNzF6c1BMaXBvd2Y1Nk9PX0dOdm1qamc5VUQ4blREWjAtTFRnX3RrbXhWdlVMaXpVS0dqRGFLdW1CMTJRcDZubUlDeEtvaTVUcWphRGdQQTFiSFBWMHdOdnE2T1RxbGV6a09yTDJDRktUQXBVWnI3OXZCRlVhR2tuZEl3YVVqZS1nUTFCSl8zRG8?oc=5,2026-10-05T13:42:00+00:00,2026-10-05T16:15:01+00:00,0.4588,positive
reddit_1wy8q8z,BTC,reddit,r/Bitcoin,Been DCAing into Bitcoin daily since the December dip how’s everyone else doing?,https://www.reddit.com/r/Bitcoin/comments/1wy8q8z/been_dcaing_into_bitcoin_daily_since_the_december/,2026-10-05T13:35:13+00:00,2026-10-05T16:16:01+00:00,-0.4137,negative
c32e2bd938988b22,BTC,news,Yahoo Finance,Strategy Adds 334 Bitcoin As Pace Of Buying Slows,https://news.google.com/rss/articles/CBMimwFBVV95cUxPeVFVUXowcVd4LUc1dElZZEVLQWdST0xkOWFRX3Z5dHNPYnIzWm5JdElVZi13RzlfM3Rtc2hKUjUwU1dXNkhqeUNQS1NqSjNXd2tPLWtRQXBHeUNfbE9wUTdPYndQVWNOYmlnRWZmTnJkdDV0UUxmRTJnRHM3a045RG0xbnlKc2hreEtOWTRiUmVtcmxZM0h5MTZuZw?oc=5,2026-10-05T13:33:00+00:00,2026-10-05T16:15:01+00:00,0.0,neutral
e133e748682c5606,BTC,news,ETF Database,Bitcoin Could Become Collateral for Generational Wealth,https://news.google.com/rss/articles/CBMirgFBVV95cUxQdVJSOXdqSFNuNFFmcGRxY0d6anlrczRuRG1EZ0ZXTlQ1dWlUYnZKVFNIYXZtMUpPak1JWFVGTWh0M2xxQVFjM3FDb01ybnNlZW05LVRDSm9RZ3VDejVHR2pYQmRjX3BvMThqOFpYcnBNTmo0QUh3RE5IY0pDVkpGX3NrMWEzdG9XaHgwdmx5Y2JIbDdRWnpFYk1nQWxpUHd2U2FNcWtxYlg2ZTVhNHc?oc=5,2026-10-05T13:31:34+00:00,2026-10-05T16:15:01+00:00,0.4939,positive
reddit_1wy8hyk,BTC,reddit,r/Bitcoin,"Metaplanet bought another 1,000 BTC and become 2nd largest corporate Bitcoin holder with 44,000 BTC in total holdings",https://www.reddit.com/r/Bitcoin/comments/1wy8hyk/metaplanet_bought_another_1000_btc_and_become_2nd/,2026-10-05T13:25:13+00:00,2026-10-05T16:16:01+00:00,0.624,positive
reddit_1wy8g70,BTC,reddit,r/Bitcoin,10-Year Treasury Yield vs. Bitcoin Market Cap,https://www.reddit.com/r/Bitcoin/comments/1wy8g70/10year_treasury_yield_vs_bitcoin_market_cap/,2026-10-05T13:22:54+00:00,2026-10-05T16:16:01+00:00,-0.0739,negative
7af6d237d22023a1,BTC,news,Cointelegraph,Strategy opts for bigger spending on STRC buybacks over BTC purchases,https://cointelegraph.com/news/strategy-848k-bitcoin-strc-buybacks-outpace-btc-buys?utm_source=rss_feed&utm_medium=rss&utm_campaign=rss_partner_inbound,2026-10-05T13:22:16+00:00,2026-10-05T16:15:01+00:00,0.296,positive
c8aacbdc40386dcd,BTC,news,Forbes,Trump Confirms Shocking $40 Trillion Plan That Could Be About To Explode The Bitcoin Price,https://news.google.com/rss/articles/CBMi0wFBVV95cUxPeWE4WWZoQ3NTV0ZJekhCSzRkUXVuR1prRzR3Zi16blBhbTZKTHpoT2ZKYldVNjY4VEJqVVJQQW5zLUFaS1diY05JMGpHMXBHZUQyQkExb05BMVdVQVdVRFBSUHpVb1FXOUQtYTQ5V0NwMjVnek9JQUlGNnBVQlBWQ0xqRXV6bF92T3p6eVhfOHE1OTN5aFhHRjZUalZndWw3RV95NnZmTmE4M2FXZ1gtd1YwS0NRVzlpX01Hd096NGdNMkxOazhwd3Z1UXdVZ2tkcV9B?oc=5,2026-10-05T13:18:21+00:00,2026-10-05T16:15:01+00:00,-0.4019,negative
8a925e62939488a6,SOL,news,CryptoTicker,Top 5 Altcoins to Buy in October 2026: These Coins Could Rally Next,https://news.google.com/rss/articles/CBMib0FVX3lxTFBjQlhiZjkyNURkQ1hyVl83WXpsNEt5NUhULUF6X0p6YTNpU1otNFNLQ3g1Y0R4RDFrVWNrRjN6YmhNeUliTkFhTjhFNVF3MDlhMVhFM1BZckUyVno2dFFEUVJuYk5KZVlmc0FpdVVmYw?oc=5,2026-10-05T13:14:38+00:00,2026-10-07T23:04:10+00:00,0.5859,positive
reddit_1wy88a3,BTC,reddit,r/Bitcoin,Time Scale of US Fiat Debt,https://www.reddit.com/r/Bitcoin/comments/1wy88a3/time_scale_of_us_fiat_debt/,2026-10-05T13:13:05+00:00,2026-10-05T16:16:01+00:00,-0.3612,negative
fc7d4cdc2815af5a,BTC,news,Yahoo Finance,"Ethereum Just Outran Bitcoin in Q3, and Q4 Could Be Where It Gets Interesting",https://news.google.com/rss/articles/CBMinAFBVV95cUxQMUc2UndhSWtMNlhEZllxdDNrbk1ZOVVObU5sTllLcHlaejgyaXhoaXJuNWNfZjZSQ0g3V0ZCUjUzWHhyNFBiWVRQU3VLaktxM2pFaTJrVnlwekJTQXNsYktLYzZ4Ml9SZ3NNVThRdlNIR1UwemZtS0ZuUlBfT3paNnFnVFlNY0I2RXc2bTVwU2Fnd2lRSVVrY0RhMHM?oc=5,2026-10-05T13:12:15+00:00,2026-10-05T16:15:01+00:00,0.4019,positive
fc7d4cdc2815af5a,ETH,news,Yahoo Finance,"Ethereum Just Outran Bitcoin in Q3, and Q4 Could Be Where It Gets Interesting",https://news.google.com/rss/articles/CBMinAFBVV95cUxQMUc2UndhSWtMNlhEZllxdDNrbk1ZOVVObU5sTllLcHlaejgyaXhoaXJuNWNfZjZSQ0g3V0ZCUjUzWHhyNFBiWVRQU3VLaktxM2pFaTJrVnlwekJTQXNsYktLYzZ4Ml9SZ3NNVThRdlNIR1UwemZtS0ZuUlBfT3paNnFnVFlNY0I2RXc2bTVwU2Fnd2lRSVVrY0RhMHM?oc=5,2026-10-05T13:12:15+00:00,2026-10-05T16:15:01+00:00,0.4019,positive
6160ba5eea075449,ETH,news,CoinDCX,"Ethereum (ETH) Price Prediction October 2026, 2030 & 2040",https://news.google.com/rss/articles/CBMid0FVX3lxTFAwSGllSGt4a2dNRjhraUZ0cnVmZEQ0ZXBwbU84dndlMUFlLTR6YVFBZVlZVEx5d1lSaElPUVBWQTVhU3h0RVItX3JEaTVxSExhV0Y3MWFxd09kUUpYdXpDU3FUdjRKOFFHUF9ySlBjU0tqOGxEc3ZJ?oc=5,2026-10-05T13:11:45+00:00,2026-10-07T13:19:42+00:00,0.0,neutral
0e72068e30d33255,BTC,news,Cointelegraph,Here’s what happened in crypto today,https://cointelegraph.com/news/what-happened-in-crypto-today?utm_source=rss_feed&utm_medium=rss&utm_campaign=rss_partner_inbound,2026-10-05T13:04:57+00:00,2026-10-05T16:15:01+00:00,0.0,neutral
aa03552f4030e051,ETH,news,Yahoo Finance,Ethereum Logs Smallest Year-To-Date Loss Since January As Rally Runs On Thin Leverage,https://news.google.com/rss/articles/CBMingFBVV95cUxPMUh1TkxmMjhwUjhMZ21LWUo3Q1JkeWdNd2l3RmdRZFVUUTJsX3JkVndMYy0zZFFvY2x4QVJxSWJyeHhNOWNWeEpGZ2NFaVNpTl91VERWV1Vhc0VWTWFCRF9yejFIREo4OGt5VEZCUVB5b1VfMTl3WGlqUmlodVptTDNkM0wxcmhTOGx5VmJlYVpncF9DM1QxVFotTGxSQQ?oc=5,2026-10-05T12:54:31+00:00,2026-10-05T16:15:01+00:00,0.1779,positive
d96b1bf9964e58fc,BTC,news,Decrypt,"Strategy Posts $21B Q3 Gain, Buys $29M in BTC, Repurchases $176M in STRC",https://decrypt.co/380056/strategy-posts-21b-q3-gain-buys-29m-in-btc-repurchases-176m-in-strc,2026-10-05T12:51:42+00:00,2026-10-05T16:15:01+00:00,0.7783,positive
595b2974cf2c0470,ETH,news,TradingView,"Cardano Surges 11% While Bitcoin, Ethereum, XRP Barely Move",https://news.google.com/rss/articles/CBMitgFBVV95cUxPZmlSa1AtenZCNHlFMzBaRGVlVXVQS0FGTTBTaERCRWt2U0lNUHpuZk5Fc1VwaGVyT1JkVVpUSjVPVXBWUV9XeTJqMjhsRDhMZFZQTkN2X3JabFN0RVV2QkUyR1FZckpZaG1vaVA5UFZYcnJVek5XODBLLUYtRG9RcFpBTTJ6bHFyeFFQbWhPN2ZQU0ktZXdxdnljLXVYQzVPQXhpdXdteGFham80SFc2MGZiRUJQZw?oc=5,2026-10-05T12:46:12+00:00,2026-10-05T16:15:01+00:00,0.4588,positive
8c385a1e42f5f41f,SOL,news,Coinpedia Fintech News,Ethereum Glamsterdam vs Solana Alpenglow: October 2026 Protocol Comparison,https://news.google.com/rss/articles/CBMisgFBVV95cUxORmZMc0VqZ191MUtWSlpsU2hDVmhGQUlKNWF3b0hERUFwYlo3QVlUak1fNGd5djJXOTBwV1FkUW53TENMbVhOT3pwTVlUSjczMTBvQ1VTVnRKa3R3cEQyaXphVi0zU09SUVZRMVB1QWRPRDhpV2k3NndCOE9XbFY2YmpFek5oa1phM0FTcGFBY0Z6ZXZ3dWFqTXA2QzlaVzNSREtjZ2RPUnl5T3p1WXFvZmdR0gG3AUFVX3lxTE05WXJkY3NpeUFYYk5zYklaeWJIZnZlUUpvWEtZSkVWNGNnT0ZSVzJ6UUptMXJwbmFMak5VRkxWUExNOEUzMHcwVzI2WWplbG9nZjNFb0FBRm81TUtDUWx0a2NsQUtBb2p5X3NYMnE0MVJJaFlWelowdkloLXFKZ2FLWFd5YWxSYXlzMDVmTW12YU9xMXdTODlJckloaVBrNE9YLUhDbzdPVGdvS2dUSkFHQ1hrdjJvcw?oc=5,2026-10-05T12:44:12+00:00,2026-10-05T16:15:01+00:00,0.0,neutral
5c28e22e64120956,SOL,news,TradingView,"Will Bitcoin, ETH, SOL See a 'Sunday Pump, Monday Dump?' One Analyst's Indicators Say Yes",https://news.google.com/rss/articles/CBMi2gFBVV95cUxNaUVKU2x3WFFwVmtjTC00aWUteVFqbjJocDZvdDNlcE1RMUdzVEVndUlMWXZETFA2U1J6bXlxNmZtRXg4WTBlM1NHUk9Fcm15b3dkRFJseWM1YmxvdjVxY0NHNVJ6a3dSRnBMRXFsV0wza1pRdlhtS2xXQ1FtWFBxRDRHSGh4YmNtTDlLZWcybUlYMFpSZldGOUxWSjZsS2wwSzJTZ0hHREx6b0g2NkNZSmZOLWRwY291M1RmZTBpZ1VZWXpKc1JNVEdubkc4a0J4MjlXV3d0SzFsUQ?oc=5,2026-10-05T12:08:25+00:00,2026-10-05T16:15:01+00:00,0.296,positive
a017ce5b0c7f74cb,SOL,news,Benzinga,"Will Bitcoin, ETH, SOL See a 'Sunday Pump, Monday Dump?'",https://news.google.com/rss/articles/CBMi3AFBVV95cUxPcUdYZTNBdHRUVVI1VkZOR2MybmZId0I3MlNJRWRxSzhGd3JpUldiT29jZzNkNTUzV1J4VVJpcXZTVmJmLTFPQTVUcnIxdjJOVGdJY0psSlZzWXdNaXd6X0lXWFFKZUg2VU1uRGhWQlFlUnM3SElpcXhlSlJiazhVZGZZYVg0YUlEZVU1ZkJkeWxCd1JmVkI0NzVpUkdmaUFhRW9TWC1aaWdEcS11RmtSaGI5Ml9tT011dFZ3S1plcGQzUGQ0bWdTcXRFcG9VZ2ZJWlBKNUl0RmNxU2tN?oc=5,2026-10-05T12:08:25+00:00,2026-10-07T05:56:27+00:00,-0.128,negative
bfbda7e2728a7e36,BTC,news,Decrypt,"Metaplanet Sold 10,000 Bitcoin and Bought Back 11,000 to Prove a Point",https://decrypt.co/380053/metaplanet-sold-10000-bitcoin-and-bought-back-11000-to-prove-a-point,2026-10-05T12:04:01+00:00,2026-10-05T16:15:01+00:00,0.0,neutral
reddit_1wy6gw1,BTC,reddit,r/Bitcoin,stay humble stack sats,https://www.reddit.com/r/Bitcoin/comments/1wy6gw1/stay_humble_stack_sats/,2026-10-05T11:48:11+00:00,2026-10-05T16:16:01+00:00,0.0,neutral
359c8c925cd17c10,ETH,news,Yahoo Finance,"Bitcoin and ethereum prices today, Monday, October 5, 2026: Bitcoin back above $86,000 after higher rate expectations fade",https://news.google.com/rss/articles/CBMinAJBVV95cUxOZlgzaDMwa25UUk5sNmxWNnQ2clRTd0syekFwRWJ2QnZUeTZJcEx1RmhxeGxELUFrR2RkdDA2NWtORlFUdkthdGRQOWtjX1dxVFJidDhvR2NhY290ZnR4RlBPU08yUnA3dlRESFVIc2VpQ2g0UW9rM3VfWm5TWFV3OWw0S24zN2VNTTdZc1VxRVoxZHRyYkJ6Yk5KZGJ0QnRyYzFrMnRveGJuaXZhN2UtOW9xeFVGYkllaFZnZXVYUU9nSl9OTlhrX0ZJZFk5SzVMaURwZmlyaXdRandubXFRa0Q1T3dESEVaR2EtNWFFT0R3Qy1FZ0V4cEJPLU1RTXNCN0VyMjBCMWM5M244bTRuVHlfb0YyZEpsbldmeA?oc=5,2026-10-05T11:44:59+00:00,2026-10-05T16:15:01+00:00,0.0,neutral
359c8c925cd17c10,BTC,news,Yahoo Finance,"Bitcoin and ethereum prices today, Monday, October 5, 2026: Bitcoin back above $86,000 after higher rate expectations fade",https://news.google.com/rss/articles/CBMinAJBVV95cUxOZlgzaDMwa25UUk5sNmxWNnQ2clRTd0syekFwRWJ2QnZUeTZJcEx1RmhxeGxELUFrR2RkdDA2NWtORlFUdkthdGRQOWtjX1dxVFJidDhvR2NhY290ZnR4RlBPU08yUnA3dlRESFVIc2VpQ2g0UW9rM3VfWm5TWFV3OWw0S24zN2VNTTdZc1VxRVoxZHRyYkJ6Yk5KZGJ0QnRyYzFrMnRveGJuaXZhN2UtOW9xeFVGYkllaFZnZXVYUU9nSl9OTlhrX0ZJZFk5SzVMaURwZmlyaXdRandubXFRa0Q1T3dESEVaR2EtNWFFT0R3Qy1FZ0V4cEJPLU1RTXNCN0VyMjBCMWM5M244bTRuVHlfb0YyZEpsbldmeA?oc=5,2026-10-05T11:44:59+00:00,2026-10-05T16:15:01+00:00,0.0,neutral
24569ad89e83e0ae,BTC,news,Yahoo Finance,Cardano Is Outpacing Bitcoin And XRP – Here’s What’s Driving ADA Higher,https://news.google.com/rss/articles/CBMipAFBVV95cUxPX1F4WnFCUkxZLXlodVljUEV2T1NoT1pJbXZwSFhkc0R5ZmNJSnhvUnk2cXhnS2p5ZUU4eVJUZGQ0RU9lOXhkdnZJNlRicjNmNHVpVmE0TTI1a09OSWxteG5DYi1EMGk0M1ZNV3VBSnpCSjRSNGN6NnFRWTBHQlJBUU8yMHZETV9kc0Z3WGNEOG5HMTlzaXlVZzNxaUtXYWk1ODVncg?oc=5,2026-10-05T11:37:41+00:00,2026-10-05T16:15:01+00:00,0.0,neutral
24569ad89e83e0ae,SOL,news,TradingView,Cardano Is Outpacing Bitcoin And XRP – Here’s What’s Driving ADA Higher,https://news.google.com/rss/articles/CBMiygFBVV95cUxPbUl3SUhoSW1Da2Y1b2xQMUEyQ2U3MGFtcXZNYW5ISjh4aElPdG00bER6Zm8ta2lubV9DNnE2YWV0NEJSczBtbjdKXzlSNXZ4Z3lHMExGVlFsREpkTmlDa0RieGRRYUtEYVkzMmNpTTJRTzI4X093M1I4NmhZVXhNZ1JXT2p5YVAtc3I2S0NPRFV6VUt2Z0FadXFoRTRQYUVTQ3drYzR2RW8yeTM0YXRTdTVOeGNYNlpKeWxva2JYOWRyMVJic0xjSDhn?oc=5,2026-10-05T11:37:41+00:00,2026-10-06T00:05:48+00:00,0.0,neutral
47462183aea74b07,BTC,news,CoinDesk,"Bitcoin holds $86,000 as dollar strengthens and European risks mount",https://news.google.com/rss/articles/CBMiuAFBVV95cUxQbzdZVFNBczJSUmgyYXltODRac21HRE1rN2RJMDlyb3Rka1hhVzA0Ul95X1BINlBxZlVfR0hoZ3RUQ2l5aHNDQTViS29penU4UUF2Ukg2S2NPLUI4OEU3STA5VDR0dWczYTh3SnlEZVZPV3pJUXJvdVJqMEtuaF9zQzN6UmV0WXJIUnEzVnoyNGdxN3MzSWtZRm1RZ1F5X2w0dkMxU3ZFdFJLNzBfc3lpNjkxUGxsUEly?oc=5,2026-10-05T11:32:01+00:00,2026-10-05T16:15:01+00:00,0.2263,positive
reddit_1wy64q8,BTC,reddit,r/Bitcoin,I am srs out of excuses for nocoiners.,https://www.reddit.com/r/Bitcoin/comments/1wy64q8/i_am_srs_out_of_excuses_for_nocoiners/,2026-10-05T11:29:30+00:00,2026-10-05T16:16:01+00:00,0.842,positive
6713c1a0705af800,BTC,news,Fortune,"Current price of Ethereum for October 5, 2026",https://news.google.com/rss/articles/CBMiaEFVX3lxTE1odnF0MVhZWlhVUUxwYkJnZTdLZWdxN2lHWEF4MEIwUUlQR0s4ME52b2k4c1JEMHNGWnhqLUhBcXhGcHZER2ZxUWU5SlVZWXBwM19NRzVfaWZJQXdaeWRhRjFHMnZBZkpY?oc=5,2026-10-05T11:15:00+00:00,2026-10-05T16:15:01+00:00,0.0,neutral
b9b3306e418e0102,BTC,news,Fortune,"Current price of Bitcoin for October 5, 2026",https://news.google.com/rss/articles/CBMiZ0FVX3lxTE5pRVZJWWVIZXRWWktlNmpSNThiN0hGZmtYVkJRNDg1TTYwd2F3V1BTaEdhekV0OXBCcWVQRFJnWTVpT1d2cF9uUF9SZHB5eXVnVnBXTVlISDZRMmNoZlNkcUF0UDlNQlU?oc=5,2026-10-05T11:15:00+00:00,2026-10-05T16:15:01+00:00,0.0,neutral
6713c1a0705af800,ETH,news,Fortune,"Current price of Ethereum for October 5, 2026",https://news.google.com/rss/articles/CBMiaEFVX3lxTE1odnF0MVhZWlhVUUxwYkJnZTdLZWdxN2lHWEF4MEIwUUlQR0s4ME52b2k4c1JEMHNGWnhqLUhBcXhGcHZER2ZxUWU5SlVZWXBwM19NRzVfaWZJQXdaeWRhRjFHMnZBZkpY?oc=5,2026-10-05T11:15:00+00:00,2026-10-05T16:15:01+00:00,0.0,neutral
e9e457f8c38bb131,BTC,news,CoinDesk,SEC approves first 3x bitcoin and ether ETFs in the U.S.,https://news.google.com/rss/articles/CBMiwAFBVV95cUxPNDRVaEZGNWJ3VFVESE1IcDFuREItbVFXRkNlRG1hc003QUxnWE9zU3RNWGdzVGxzRFk0WnpnLVJiWjZIa0NHa2h2RE10ajZVeEl5cVJuX2UxUWJLRlowbzBacmp2YWRrQ1VrdTluYjAxQlE1Z090U0NWTUZZY2RrZFk5clVJellnVzhGRVVsQmUtLTA1NmdHSFJQYXFBdXAtRGxQaWJDbHdtVXNfb3VqTXVjNm4wUVY1SzdsbmxiTE8?oc=5,2026-10-05T11:14:35+00:00,2026-10-05T16:15:01+00:00,0.4019,positive
3df1469bde70fe68,ETH,news,CoinDesk,SEC approves a 3x fix for bitcoin and ether traders who miss the wild swings,https://www.coindesk.com/daybook-us/2026/10/05/sec-approves-a-3x-fix-for-bitcoin-and-ether-traders-who-miss-the-wild-swings,2026-10-05T11:14:35+00:00,2026-10-05T16:15:01+00:00,0.2732,positive
3df1469bde70fe68,BTC,news,CoinDesk,SEC approves a 3x fix for bitcoin and ether traders who miss the wild swings,https://www.coindesk.com/daybook-us/2026/10/05/sec-approves-a-3x-fix-for-bitcoin-and-ether-traders-who-miss-the-wild-swings,2026-10-05T11:14:35+00:00,2026-10-05T16:15:01+00:00,0.2732,positive
c348da7cb60f5495,BTC,news,Yahoo Finance,"Banks Sue Over Crypto Charters as Tom Lee Backs $10K ETH, Citi Eyes $150K Bitcoin",https://news.google.com/rss/articles/CBMimwFBVV95cUxONGpHNFU1OXY3TnFnUW9WeHRaNERfQTgxY1M0VE9KamVIZGdBZmplUGUxV2dGOVFOVUF2YWlsbUdXNGU0dHlCbWU4VDUxM0pCYmZEd3p1R2hPZ3RVellsNGRwZ0VRSG9TamVMaWFsY2JRcFBOaXRob3N3OFN6YXNRMTU2ckplOURnTXpIU1JoMC1aYi01enk5bWo0dw?oc=5,2026-10-05T11:12:15+00:00,2026-10-05T16:15:01+00:00,-0.0516,negative
f0bfedd30c9bed3e,ETH,news,Yahoo Finance,"Is It Too Late to Buy Ethereum at $2,724 With ETH Still 45% Below Its High?",https://news.google.com/rss/articles/CBMikAFBVV95cUxQeEZBWEhIY0N0Q3VNVW9BRlNMQzBwU2MzTUZnR3Z5eVR3akdDMzJkZU1aSXF0WXFMazFsZXlFdXJ3WXFTaXdkc2dOcXM0ZWZaRXRNRFZPd3E4bVlERU9lT1NQc1pNMEM5cjJiQmxQblkwMXZMeUQ1a1NNOGd1ckRYbGwtNlZJSTIzSGVRQi1pRHk?oc=5,2026-10-05T11:00:10+00:00,2026-10-05T16:15:01+00:00,0.0,neutral
reddit_1wy5ljh,BTC,reddit,r/Bitcoin,Why does Bitcoin have a 4-year halving instead of a smooth issuance curve?,https://www.reddit.com/r/Bitcoin/comments/1wy5ljh/why_does_bitcoin_have_a_4year_halving_instead_of/,2026-10-05T11:00:07+00:00,2026-10-05T16:16:01+00:00,-0.7303,negative
638b9f1b83d79fe3,BTC,news,CoinDesk,"Metaplanet added 1,000 bitcoin net in the third quarter bringing holdings to 44,000 BTC",https://www.coindesk.com/business/2026/10/05/metaplanet-adds-1-000-bitcoin-after-sale-and-repurchase-launches-income-strategy,2026-10-05T10:58:03+00:00,2026-10-05T16:15:01+00:00,0.0,neutral
reddit_1wy5k1p,BTC,reddit,r/Bitcoin,Bitget Hack Investigation: How the Stolen Funds Moved Across Eight Blockchains,https://www.reddit.com/r/Bitcoin/comments/1wy5k1p/bitget_hack_investigation_how_the_stolen_funds/,2026-10-05T10:57:42+00:00,2026-10-05T16:16:01+00:00,-0.8405,negative
8cd0f68318f4bfd0,BTC,news,CoinDesk,Bitcoin resilience tested as U.S. dollar climbs to 18-month high,https://www.coindesk.com/markets/2026/10/05/u-s-dollar-climbs-to-18-month-high-as-bitcoin-holds-firm-around-usd86-000,2026-10-05T10:44:55+00:00,2026-10-05T16:15:01+00:00,0.0,neutral
00dbce0d292c3be5,BTC,news,CoinDesk,Live updates: Bitcoin under pressure as rates continue to rise,https://www.coindesk.com/business/2026/10/05/live-updates-bitcoin-above-usd86-000-as-traders-price-out-an-october-fed-hike,2026-10-05T10:39:57+00:00,2026-10-05T16:15:01+00:00,-0.296,negative
bf5d2a0595cdf2f6,ETH,news,FXStreet,Crypto Today: Bitcoin rally slows while Ethereum and XRP extend recovery amid slowing ETF inflows,https://news.google.com/rss/articles/CBMi7AFBVV95cUxQZHFWbkYwZ0l3Y0dwNTZMeWdlSU10ZEE3X3l4c1NBd0NsX1d1ZG9RZXc2c1JPVU5wbXhMRVhuMjYyOGExclpTeFE4Y3IyMVlVNERkQmNyazY4dTg3TXdvdU9Na3hEOXRxbXdXU1dlSW5pRldjZW5XMkZneTFWRjItcnZ0MEdPV0pHRi1kSjJkVDR3ZWQxU09FT0trSEpHRS1DdktnY1RTSjN5dGMybGVOdElTN2pUaTUxUk5NbDNjb0NobUJuRVVEM18xVnA2NlVBbFZSbVktQk1vbk9uQ3BzOHVFQXFXdVROVXVXOQ?oc=5,2026-10-05T10:32:59+00:00,2026-10-05T16:15:01+00:00,0.6908,positive
reddit_1wy5520,BTC,reddit,r/Bitcoin,Thoughts ?,https://www.reddit.com/r/Bitcoin/comments/1wy5520/thoughts/,2026-10-05T10:32:22+00:00,2026-10-05T16:16:01+00:00,0.0,neutral
reddit_1wy53an,ETH,reddit,r/CryptoCurrency,"Ethereum is far and away the most decentralized ledger. Its real node count is 10,000 to 20,000",https://www.reddit.com/r/CryptoCurrency/comments/1wy53an/ethereum_is_far_and_away_the_most_decentralized/,2026-10-05T10:29:28+00:00,2026-10-05T16:17:07+00:00,-0.5927,negative
d8746e5cfa20c447,ETH,news,Cryptonews,Ethereum Price Prediction: ETH Liquidity Drops 45% Below BTC,https://news.google.com/rss/articles/CBMifkFVX3lxTFBvWWZzQ01MRjlPRmhhUUJROXN3Zzhtd19GT3RpaWpRaVJBeHN2YUZIdEpaeHd5ZHRqeHc0LUFZc2pnU1FsckY2clI5OEt3cE9PN0Z4enlCRng3QVRhT1Rua2tOLVFzTXpRaEJ6WHAxMkhTendKbVhiYnE5eS1mUQ?oc=5,2026-10-05T10:20:00+00:00,2026-10-06T22:39:53+00:00,0.0,neutral
46991e8c5f99e6b4,SOL,news,Yahoo Finance,"Shiba Inu Steps Beyond Shibarium, Opens a Second Front on Solana",https://news.google.com/rss/articles/CBMingFBVV95cUxOY2tGdTdvSXpoTDd2V3dZZTFjWmwzTF9qeEJyM0hhVlQxY3RZQTJteW16Vm9RZ1NrTUlCT0I1TEw4MHFNX1ZnLW01N1ZSTEwtekUwdFd5NE5ab0V2NzEyUXI0RjdTTGF3NzhxUmtPZ1VIdThneEpwMDB4SllyNVRIQ1ZJNHhrYU4yeEJVd05NV2lQakFTTURpZFBTWGhIQQ?oc=5,2026-10-05T10:17:54+00:00,2026-10-05T16:15:01+00:00,0.0,neutral
055d6df39dce6884,BTC,news,Cape Cod Times,Dennis may become first Cape Cod town to ban crypto ATMs,https://news.google.com/rss/articles/CBMirwFBVV95cUxPcURkTVJ0OUNtV3Jtd2lQY1ROZDhRUGRzLTBZYi1EM3J4R2JrbmZURW9fSlBwSnB1MDRFTWF1QTNwNjFrOTN2STA3S2NCUG1rSzNGN01YRFdQalFKajgtZDA1a2JEMnA5cjNWaVpRcklqdVVpN3l1Q1g5NUYxbVlLSG5SSExPOS1HbFBiLWIxZmJ5MUx0N2F0U3lTaXhsZ25Wclo4eV9fNXFVQTFfdjhF?oc=5,2026-10-05T10:03:00+00:00,2026-10-05T16:15:01+00:00,-0.5574,negative
adb2991bfea1a354,BTC,news,Yahoo Finance,Bitcoin Is Back Near September Highs – And Shorts Are Stacked Just Above Market,https://news.google.com/rss/articles/CBMinwFBVV95cUxPLXhXSWJsMTEwWDhzdVA2eTFTbjRvM0hfeTVCc2Y4UC1mSExoS1VMQXZpMnF0MkdLM3VNTmNPZkRreF9zSURTa2Y2MHRXUS11QTJkT0hOd0xTbXpEeWVuX2JHS2lSdllnUHBYbTd1UzlDdDd0amJxSWpXVkYwOHd0bkhCWTlUUEZsQ1hXUU1MQ3hMY1ltNFNMY1lzeTEweFU?oc=5,2026-10-05T10:00:12+00:00,2026-10-06T22:39:53+00:00,0.0,neutral
3324544201e0e6f6,ETH,news,24/7 Wall St.,"Ethereum’s Supply: Are We Seeing Inflation Again at $2,700?",https://news.google.com/rss/articles/CBMiswFBVV95cUxQRjFKNzlEbktibWwyNmY2WHBMcTVKN0ZfVHJ5WllNZ0hoZC1ZOXotdTRyTGRSdjBjS2IyelF1OHYySi12SUd3dTlkeEsyQk95ZjhZcy1LTGtkM1Z3aEVlNTROcU1OcWVrc2R6OWVRQUtNbk83bVJDcGswbWx5QVlKd19aMGxUZF9ONFVsZjVwNzAxZm10RTg2dnp4alZzRmZ1bFEtS0s5c2VfWTJSQVF2WjVXYw?oc=5,2026-10-05T10:00:00+00:00,2026-10-05T16:15:01+00:00,0.0,neutral
reddit_1wy4lma,BTC,reddit,r/Bitcoin,Buy Bitcoin,https://www.reddit.com/r/Bitcoin/comments/1wy4lma/buy_bitcoin/,2026-10-05T09:59:13+00:00,2026-10-05T16:16:01+00:00,0.0,neutral
eada2fc321ccef5c,BTC,news,Yahoo Finance,SEC Clears Cboe to List Volatility Shares’ 3x Bitcoin and Ether Funds,https://news.google.com/rss/articles/CBMinAFBVV95cUxOai1nUzVzdW1EX19pcjFvbXpfXzhsb3dsc1k5b1hoV1RyZnF0cGZHT19GVGtpUFFJWWw2T0pENU1UUWduSU9ycVJoMU5qam1FYmZrcUhJMDBkYi0tRXIwU0dOeGVKamlDREdHcy1qMnFzZkxwa0ctUV9sSk91Nm92dGdCajdmOG1VMmtlUDlzUG5lWGtGVXdLNHkyejI?oc=5,2026-10-05T09:38:15+00:00,2026-10-05T16:15:01+00:00,0.0772,positive
be9c91f58dabd5fd,ETH,news,CoinDesk,"Technicals signal bitcoin shift, Ethereum gears up for Glamsterdam: Crypto Week Ahead",https://www.coindesk.com/markets/2026/10/05/technicals-signal-bitcoin-shift-ethereum-gears-up-for-glamsterdam-crypto-week-ahead,2026-10-05T09:37:13+00:00,2026-10-05T16:15:01+00:00,0.0,neutral
be9c91f58dabd5fd,BTC,news,CoinDesk,"Technicals signal bitcoin shift, Ethereum gears up for Glamsterdam: Crypto Week Ahead",https://www.coindesk.com/markets/2026/10/05/technicals-signal-bitcoin-shift-ethereum-gears-up-for-glamsterdam-crypto-week-ahead,2026-10-05T09:37:13+00:00,2026-10-05T16:15:01+00:00,0.0,neutral
reddit_1wy451a,ETH,reddit,r/ethereum,Dev Tools Guild September 2026 update | Glamsterdam upgrade on Sepolia testnet October 6. Sourcify passes 50M verified contracts. Frame transactions Hegotá upgrade headliner.,https://www.reddit.com/r/ethereum/comments/1wy451a/dev_tools_guild_september_2026_update_glamsterdam/,2026-10-05T09:28:51+00:00,2026-10-05T16:17:07+00:00,0.0,neutral
87a96c87286b0c45,BTC,news,24/7 Wall St.,"Bitcoin Peaked at $126,080 on October 6 Last Year. How Long Does It Take to Surpass a Peak?",https://news.google.com/rss/articles/CBMi3wFBVV95cUxQOFIxb0NfMGtaTXNid0t5NU1xOUlxN3RCSTlQcjNmd2RGQk9TSGtqeDJ1UlJSLVVSS1dDNGViZEU1WlVHYW00TUFxWU9rejFXQXpScEhyZnVUWHl1LVdhVkJ3blFvQUxKck5WUlRPZlVUTDBvRDVXcHNMcDdqMy16UU0tMnItblJ4QThxbnpVSzc0b1ZCTzB3UUpQWkRUenk3eWhLaXVNU0dyakc1NmQwSGx5TDBPQkRLd3JCV1pIMjBIR2FhVWczUFNROVhYR3RLOExmcEZVTEcxT2FVZzdR?oc=5,2026-10-05T09:16:00+00:00,2026-10-05T16:15:01+00:00,0.0,neutral
2f1fd99da323e29d,SOL,news,CryptoTicker,"Solana Price: Up in Euros, Down in Dollars in 2026",https://news.google.com/rss/articles/CBMieEFVX3lxTE9rZjlFWmpKdnkwR1dwQ0pJWTZpUF9XOUJwU0NmTjFFLThpb2JfN2ZHcF9iX0JueEk0TFg5aEtjdlE1dnl4TF9jYzFBLVRLQUk2YkRFcUVfNW5mZjloWEN2VXZKSE1hUWxzN3k2SXJlYnVfelVxd2F1cA?oc=5,2026-10-05T09:14:29+00:00,2026-10-05T16:15:01+00:00,0.0,neutral
30fd83b3b0b1176f,BTC,news,Cointelegraph,BTC price fights to reclaim 2026 open: Three things to know in Bitcoin this week,https://cointelegraph.com/markets/btc-price-fights-to-reclaim-2026-open-three-things-to-know-in-bitcoin-this-week?utm_source=rss_feed&utm_medium=rss&utm_campaign=rss_partner_inbound,2026-10-05T09:08:09+00:00,2026-10-05T16:15:01+00:00,-0.5994,negative
edb3e5199dacfeee,SOL,news,bloomingbit,US Crypto-Linked Stocks Rise in Premarket Trading; Solana Company Surges 14%,https://news.google.com/rss/articles/CBMiVEFVX3lxTE13cTR5YmFZYjRKUVN6RldkbjAyQlg5U3VXOHZxcHEza3g5anNZLVlCMThsZndNUTdtaXB4ZlRwQnFkZ0JITlZkUDNxbnBNekxPVmI0Tg?oc=5,2026-10-05T08:59:02+00:00,2026-10-05T16:15:01+00:00,0.4588,positive
53019b94f03a8c68,ETH,news,Startup Fortune,"Ethereum holds near $2,700 but still cannot close the week above $2,800",https://news.google.com/rss/articles/CBMimwFBVV95cUxNWlVxcmFPdk55NklCb1MwWmdYZVl0TXJOdkxFdnZRU1RMd1B0UVF4Q2JldUgwaS12bUZvdS01Ti1qSHZ4eE13cS1WWU9EUlkxZ1U1WkNqaGduX21qaHB4U1Z5RmFRcUw0UmU2NGhHV2VsM0d5YlJmMFVNRENSV1lXU3ZyUEE0Sl9QMWF4WWdna1NNbXlfWEpJOFl1TQ?oc=5,2026-10-05T08:12:07+00:00,2026-10-05T16:15:01+00:00,0.0,neutral
reddit_1wy2xo8,BTC,reddit,r/Bitcoin,Research question: What is the biggest unsolved security gap in self-custody under physical coercion?,https://www.reddit.com/r/Bitcoin/comments/1wy2xo8/research_question_what_is_the_biggest_unsolved/,2026-10-05T08:08:07+00:00,2026-10-05T16:16:01+00:00,0.9254,positive
4c1a324beaea6559,ETH,news,Coinpedia Fintech News,"Tom Lee Says Ethereum Could Hit $60,000 as New Investors Enter Crypto",https://news.google.com/rss/articles/CBMimwFBVV95cUxQejdySlY4eXR3UnFVeXVoMmg2aWNTYXJ3bVVnS1FCWXROSk1FQldnM2J4cEd5cUFFU21YQmJxbE9MV3paVmJxbjVmWHpGa1FLY1VVcmlsMm1sNTdDeFg1bWhXSXR5NEwxTnc4bFQ4Ykg2cjFJZHg2ampUZWpDdXdBbjlfVkhhbFFNdU1qU19GajhCc0UzQjhtb0NUY9IBoAFBVV95cUxQSU9Od1F1S0pLSEE1RE9lUDlqM01fQ3JpT1gtYno1azVZbE1GYWJMMk93UDhLR1dpcFhiWFJRS1llc3YxZk95WkdVRVdXa21EZHU2Z1I0VmM0X1M4cnJiYW43Qm9QV29YaExBTU81cy1kNTdibGRvQUF5RWFoWEhiOHRwX29PeWVSakNRZEk1Ym5jMW1iV1p5VVJIOE9MVHdH?oc=5,2026-10-05T08:02:18+00:00,2026-10-05T16:15:01+00:00,0.0,neutral
9ad1cbec8782da81,ETH,news,Cointelegraph,Bitcoin ETFs notch third inflow week as Ether ETFs shed $138M,https://cointelegraph.com/markets/bitcoin-etf-third-inflow-week-ether-funds-red?utm_source=rss_feed&utm_medium=rss&utm_campaign=rss_partner_inbound,2026-10-05T08:00:49+00:00,2026-10-05T16:15:01+00:00,0.3182,positive
9ad1cbec8782da81,BTC,news,Cointelegraph,Bitcoin ETFs notch third inflow week as Ether ETFs shed $138M,https://cointelegraph.com/markets/bitcoin-etf-third-inflow-week-ether-funds-red?utm_source=rss_feed&utm_medium=rss&utm_campaign=rss_partner_inbound,2026-10-05T08:00:49+00:00,2026-10-05T16:15:01+00:00,0.3182,positive
reddit_1wy2tgj,BTC,reddit,r/Bitcoin,"Mentor Monday, October 05, 2026: Ask all your bitcoin questions!",https://www.reddit.com/r/Bitcoin/comments/1wy2tgj/mentor_monday_october_05_2026_ask_all_your/,2026-10-05T08:00:34+00:00,2026-10-05T16:16:01+00:00,0.8762,positive
reddit_1wy2q4z,BTC,reddit,r/Bitcoin,Kian Hoss buy BTC Video,https://www.reddit.com/r/Bitcoin/comments/1wy2q4z/kian_hoss_buy_btc_video/,2026-10-05T07:54:36+00:00,2026-10-05T16:16:01+00:00,0.6249,positive
3a37813a6e2b300b,ETH,news,CoinDesk,Ethereum staking exit queue jumps fivefold as holders face a two-week wait,https://news.google.com/rss/articles/CBMivAFBVV95cUxQVjU0Vk5DdDB0Zm1pMXZkWDNiUHNubThLa2dyeXFnUlJoYjZCT2QwSG1Jd3NjOEJKSVpOUzYzdGwtc1h0QUQ5S3RZVmRKaUc2TTZUQXlBRFJ1TmJSMkNRTnFiaUxlXzQxZS1KNlJnaTdQeXBOLVFFRFpKRXRXZWUtbTdEMXlrZ21zRmE2T09GOEtoS1dnam5XeFpnNkp0RHBrWWpfN05iNHdUdDRzTVNnZm5NMXEyMEFaS19zbw?oc=5,2026-10-05T07:45:01+00:00,2026-10-05T16:15:01+00:00,0.0,neutral
f60a00d42cf31420,BTC,news,Yahoo Finance,Every Dated Event That Could Impact Bitcoin and XRP Before 2027,https://news.google.com/rss/articles/CBMimwFBVV95cUxOamhWZWRqQUtCZFRvRFJkQ3NfcC1HSEl2anoyVEUyTnd2NnhvWmRicU1NcUZidUhUSWxIUm9tSVNkZ2lGZU1rRG90aUpwS3dybkFjVUFCbzJBZmJTYVpfV3c1MWNNMjNVcDFsMXpDV3VydE9WLU5GRVdJb0ZUNTROaXdVWjZZalpPaHN1WXUzQlpYclU0WWZFcVkxUQ?oc=5,2026-10-05T07:05:10+00:00,2026-10-05T16:15:01+00:00,0.0,neutral
f60a00d42cf31420,ETH,news,24/7 Wall St.,Every Dated Event That Could Impact Bitcoin and XRP Before 2027,https://news.google.com/rss/articles/CBMivwFBVV95cUxOZXo5R051YmQzRHJZMTdXd3I1YlQ2amNoWjFFM0ZfeWg0eDZ2ZGVXOFVXLTJzaWpOdWtUWWpVb3Q4VWxPbW9ZY28xR1ZiMHltUTQzeXNaMWEzcE5kWHJPMThwTklJejRUSEZaekRYQ2RCdjQ3YTFCMUhzcjgwYnpEZ1lJd2hUaEltM1hEcTVVaGtNd0F3Y0FVazB5bHJCWnE3dW03TEZFVG1CZ1Fnem9FcnBQMGZvVVlBcUJ1RjFGdw?oc=5,2026-10-05T07:05:00+00:00,2026-10-06T00:05:48+00:00,0.0,neutral
f5f0f80fab91943a,BTC,news,Yahoo Finance,Bitcoin hovers under $86k as traders parse positive CFTC move against bond rout,https://news.google.com/rss/articles/CBMimgFBVV95cUxNSlJkdUQtSVJnNHpKMUdqeXV4Ui1OTERnUHlxQk10OXVOc1lYajhrUzFfTkJDbEVRUUhROEhHUGEzTlJSTFo2VHM5R0RVVnd0bEZzbkQ5RF9Iem1TQXhhcUZrR1BQdUdfalVvRXJtaFRuYmh2QlNKOW9fc3U2MHU4MHNDOGVIMENSdXJzTDNPbXJxZTdVLWtVUHJB?oc=5,2026-10-05T07:02:50+00:00,2026-10-06T06:25:21+00:00,0.5574,positive
reddit_1wy1xc6,BTC,reddit,r/Bitcoin,"Daily Discussion, October 05, 2026",https://www.reddit.com/r/Bitcoin/comments/1wy1xc6/daily_discussion_october_05_2026/,2026-10-05T07:01:00+00:00,2026-10-05T16:16:01+00:00,0.9272,positive
c80dcaf05ca18023,ETH,news,NerdWallet,"29 Ethereum ETFs (Plus Their Fees, Holdings and Promotions)",https://news.google.com/rss/articles/CBMiZ0FVX3lxTFA5eF9FN29MUmNWR2M5TDBBdE5pZ2VqSFhramwxb2p2QVg5c3ZkODliVUhGdERHaDNHeVczRXRZRGh0alc1RVdJbi1yS19XZ0RieTZCaEpBRHUyOTBVWmpyV0dMZFVIUG8?oc=5,2026-10-05T07:00:00+00:00,2026-10-07T13:19:42+00:00,0.0,neutral
8201184cbf061895,BTC,news,NerdWallet,"72 Bitcoin ETFs and Their Fees, Promotions and Holdings",https://news.google.com/rss/articles/CBMia0FVX3lxTE5tQk0wSVBSLXRwYk8xVHZLdGdwY3ZfX2J5dkU2NFpGMk5nSVQ4OUc0TTZ3SGJYWlBWWUxfZFMxV3lMN2hUc1BKcXdjTlJPRjN1YkxZQ0NqWlgxRnlRNmJkb0ZRVURZaHY0YktJ?oc=5,2026-10-05T07:00:00+00:00,2026-10-07T23:04:10+00:00,0.0,neutral
d2b3446c3ecba962,BTC,news,CoinDesk,Bitcoin is about to get a major bullish signal it hasn't had in over a year,https://www.coindesk.com/markets/2026/10/05/bitcoin-is-about-to-get-a-major-bullish-signal-it-hasn-t-had-in-over-a-year,2026-10-05T06:57:40+00:00,2026-10-05T16:15:01+00:00,0.5849,positive
9e9b0e15e4c179e2,ETH,news,TradingView,"Ethereum surges nearly 70% in Q3, but its order books thin out against Bitcoin",https://news.google.com/rss/articles/CBMi2AFBVV95cUxPdUt4UFRlQzc1aFlYSWp3clQ0WWZJNjEzellmUXhWN0dvZFJXQjVXZWh4UGJwN0xDRV9rRXdpeDljYXJNX3JFY2xuU29Mbk9MLXVSWks0bUlTTUZubVlZQ3FBa1B3a3h6Tmw2c0ZzSTY1ZEktaTR3Q2ZES3d6YVB1TEdtSFhRS1BOeF83UVFlcnFyNHllTWlYWE5Jei14SDZIeFA2VGFMeTYxQTVMUkN2Nm9fVzJUSDk3Qnc5UnFodDdOREJlMUtiVXplR0Vzc0ZuSDhKSzJRWjI?oc=5,2026-10-05T06:51:34+00:00,2026-10-05T16:15:01+00:00,0.25,positive
ce716ceb23431f8d,ETH,news,CoinDesk,Ethereum investors are stuck in a two-week staking exit line. Here's why.,https://www.coindesk.com/tech/2026/10/05/ethereum-has-a-25-day-wait-to-start-staking-with-nearly-1-5-million-eth-in-line,2026-10-05T06:40:29+00:00,2026-10-05T16:15:01+00:00,-0.25,negative
2dcb90c8afb58ef2,SOL,news,bloomingbit,"U.S. Spot Crypto ETFs See Weekly Net Inflows to Bitcoin, Solana and XRP, While Ether Logs $138 Million Outflow",https://news.google.com/rss/articles/CBMiVEFVX3lxTFBlczJKSDEzODdCUWpIYUE2ZEU2dV90X2lfcEhnMjJycDB5Wlg2UDRjdURfSVhkTGNnc2dyNTYySTN1OEY4QWdCVkZMMUFiTXVBSmVoZA?oc=5,2026-10-05T06:39:37+00:00,2026-10-05T16:15:01+00:00,0.25,positive
reddit_1wy0tgq,BTC,reddit,r/Bitcoin,The regret is real (2011-2015),https://www.reddit.com/r/Bitcoin/comments/1wy0tgq/the_regret_is_real_20112015/,2026-10-05T05:50:25+00:00,2026-10-05T16:16:01+00:00,-0.7845,negative
0a774395b8bbd254,ETH,news,CryptoPotato,"Ethereum Price Analysis: ETH Holds Bullish Structure, but $2.8K Remains the Key Hurdle",https://news.google.com/rss/articles/CBMirgFBVV95cUxOY0RVYllqMmpDd1V6SnFOZjlDRzc0dWM3S05IeU9UaHZ3aXhkU0ExdWRtQlJROFh3RGUxcUVwZS1yUkN6aUE2LUx6dWpndncxaWpKTEhwbXF0UTM5RzdMbFl6YXRXTndDMFIzekF2cmNlU3czSkxLel84RTJ2aHJQWTVfVDRGOWV6ZDdEWXM0Wm1MZEJzQlk5WUxack81d2Z6M05VTHFmUnRoTmc4LVE?oc=5,2026-10-05T05:33:00+00:00,2026-10-06T00:05:48+00:00,0.3071,positive
reddit_1wy0ig7,BTC,reddit,r/Bitcoin,What helped you understand bitcoin?,https://www.reddit.com/r/Bitcoin/comments/1wy0ig7/what_helped_you_understand_bitcoin/,2026-10-05T05:31:12+00:00,2026-10-05T16:16:01+00:00,0.5106,positive
reddit_1wy0dj1,BTC,reddit,r/Bitcoin,"10 yars ago I got hacked, trojan. Key logger.. blah blah, desert all the PC's, fresh install, changed the core adress twice then 10 years later brute forced..... dont even know besides the hacker... scum that needs to kys",https://www.reddit.com/r/Bitcoin/comments/1wy0dj1/10_yars_ago_i_got_hacked_trojan_key_logger_blah/,2026-10-05T05:22:50+00:00,2026-10-05T16:16:01+00:00,-0.9485,negative
d70c1f3bcd72afee,SOL,news,FXStreet,Could Solana rally regain momentum?,https://news.google.com/rss/articles/CBMixAFBVV95cUxPSm1Oc194M1hDcndYY1kyQmdPTHkwNkUydlNFMk1kNEIzQnFhd1BJY1hwekxOc1B0d054ZDhFNmRxSW5YVVl1NUFaUTBfRzRjLW5Cc3dFWFBJTnczMXlJa1VzTE01TFpwU3hMYWI4UG96U1duVzJCZjhLZ3VxUlVXT1M3bXNTVjRLSzRtU01nUnRkUWtPZWxTc0FNcno1SUpQU3hkdWNaaURmMDhsTmg5VXctMWc3aEhPVHNISmQ4aXdOalY1?oc=5,2026-10-05T05:20:31+00:00,2026-10-07T05:56:27+00:00,0.4588,positive
reddit_1wy0884,BTC,reddit,r/Bitcoin,How do serious Bitcoin holders protect themselves against physical coercion?,https://www.reddit.com/r/Bitcoin/comments/1wy0884/how_do_serious_bitcoin_holders_protect_themselves/,2026-10-05T05:13:56+00:00,2026-10-05T16:16:01+00:00,0.8958,positive
reddit_1wy07j2,BTC,reddit,r/CryptoCurrency,AI Is Coming for Wall Street’s Lazy Money. Bitcoin Could Be the Biggest Winner.,https://www.reddit.com/r/CryptoCurrency/comments/1wy07j2/ai_is_coming_for_wall_streets_lazy_money_bitcoin/,2026-10-05T05:12:49+00:00,2026-10-05T16:17:07+00:00,0.9022,positive
reddit_1wy00hf,ETH,reddit,r/ethereum,"Daily General Discussion October 05, 2026",https://www.reddit.com/r/ethereum/comments/1wy00hf/daily_general_discussion_october_05_2026/,2026-10-05T05:01:27+00:00,2026-10-05T16:17:07+00:00,0.7393,positive
b69ad4bf3caf3cf6,ETH,news,CoinDesk,Zcash’s 25-second blocks go live on public testnet ahead of schedule,https://news.google.com/rss/articles/CBMirgFBVV95cUxOcHBjVUpTQzJLQndzMXJRVWZ5MXVqNG5helByLVpiVnlHODJFU1VvU3RLRk00ZnM5Y0VBYUlEN0c1S28zZ1FwbDdLRG42d0VHX0xORFlzWWNKREUtMkp4Sm5GSXFPdzJiRDRTaks1R09YODNsaFRjY1FjTWpneEE3UUJlNDlaOF9LZmNSWHBiZXJydnlLTF9zdmZZRnJnem9GOE5pTEtLb0lqbmwyblE?oc=5,2026-10-05T04:41:35+00:00,2026-10-06T22:39:53+00:00,-0.2263,negative
d4a556cb9fb16546,BTC,news,CoinDesk,"Bitcoin zooms toward $87,000, nearly setting an eight-month high, then reverses",https://www.coindesk.com/markets/2026/10/05/bitcoin-zooms-toward-usd87-000-nearly-setting-an-eight-month-high-then-reverses,2026-10-05T04:23:25+00:00,2026-10-05T16:15:01+00:00,0.0,neutral
143bd0ad94bef09f,BTC,news,CoinDesk,Ether's bitcoin-beating Q3 rally came with a catch. Liquidity thinned.,https://www.coindesk.com/markets/2026/10/05/ether-s-bitcoin-beating-q3-rally-came-with-a-catch-liquidity-thinned,2026-10-05T03:50:29+00:00,2026-10-05T16:15:01+00:00,0.4588,positive
143bd0ad94bef09f,ETH,news,CoinDesk,Ether's bitcoin-beating Q3 rally came with a catch. Liquidity thinned.,https://www.coindesk.com/markets/2026/10/05/ether-s-bitcoin-beating-q3-rally-came-with-a-catch-liquidity-thinned,2026-10-05T03:50:29+00:00,2026-10-05T16:15:01+00:00,0.4588,positive
d096f7ed7e325fd6,BTC,news,CoinDesk,Ether's liquidity shrank vs bitcoin in Q3. XRP bids piled up,https://news.google.com/rss/articles/CBMisgFBVV95cUxOdC0wNUpzNUQ4eUZXZzR2eFZGbGVMRmtyYUdFcHh4alJTSlZDdXhXem1CYVg2T3lmd04zYzN0eHZiQ1FNdkw5WGZaT0lmLWtCUms2Y2ZVWVRsRGpIYlR5RUItbDI0b1hCYzZNWm5GZ3dYS0dZdHRWMVZraVVHLXdScmRfNnRqaEx3TlAwSEFTMFA1a0VwM2ExY2Z6OERkMWNMZ1VVdjFSSzNFZ3FMMy1SMFR3?oc=5,2026-10-05T03:50:00+00:00,2026-10-05T16:15:01+00:00,0.0,neutral
f15f31e6fe2fa002,ETH,news,CryptoTicker,"Ethereum staking: 2.66 percent gross, 2.2 net",https://news.google.com/rss/articles/CBMia0FVX3lxTE1NUDlmZ0tmMDBJaWJFbGQ3QTV4WHpaQkIwNWdSVGMySTFfRTVBTEh0aHBsVnhKamNvbkdDMVFocXhxWEF4NFFoWEVQM0VHbEl3dk5HYWt3MUNVU0p6bERVSFVDYmNqLVJXaTQw?oc=5,2026-10-05T03:36:50+00:00,2026-10-05T16:15:01+00:00,-0.4767,negative
9dd62916405a2d81,BTC,news,FXStreet,"Top 3 Price Prediction: Bitcoin, Ethereum, Ripple – BTC, ETH and XRP extend multi‑week rally as bulls target higher levels",https://news.google.com/rss/articles/CBMihwJBVV95cUxNNFI2eGpCcG4zeWtxZDhoVnN0RmVYQS1zSVplVURfYXhldll6dXNfRF9aMllmNng2Rm5rcEVpanFoUEdUVkVLdUUza25Pa1lwWTIwVG9zUUdZYU1DaWN0dXZ0eG50N0VBelNQQ3Zvejd3ajBmMTIxNDJseFdBUEp3TjRFR2hiQll1OV9ubWNyb1lYNUxWbnRpVWR1UXdmNmduVTNiVG83Z0VFRkdPSVFaWmRCU1RMZkZDUzB6R1dFNXhQQ1JTTExlQ25KTkdYVVV2TzQ4cGxJbHNyanVjVEFkVTBhRDFFNXhHSjlrSmZDZDJRWmY1R1hMX21wWS0yc19hS1hORDEySQ?oc=5,2026-10-05T03:34:25+00:00,2026-10-05T16:15:01+00:00,0.6705,positive
9dd62916405a2d81,ETH,news,FXStreet,"Top 3 Price Prediction: Bitcoin, Ethereum, Ripple – BTC, ETH and XRP extend multi‑week rally as bulls target higher levels",https://news.google.com/rss/articles/CBMihwJBVV95cUxNNFI2eGpCcG4zeWtxZDhoVnN0RmVYQS1zSVplVURfYXhldll6dXNfRF9aMllmNng2Rm5rcEVpanFoUEdUVkVLdUUza25Pa1lwWTIwVG9zUUdZYU1DaWN0dXZ0eG50N0VBelNQQ3Zvejd3ajBmMTIxNDJseFdBUEp3TjRFR2hiQll1OV9ubWNyb1lYNUxWbnRpVWR1UXdmNmduVTNiVG83Z0VFRkdPSVFaWmRCU1RMZkZDUzB6R1dFNXhQQ1JTTExlQ25KTkdYVVV2TzQ4cGxJbHNyanVjVEFkVTBhRDFFNXhHSjlrSmZDZDJRWmY1R1hMX21wWS0yc19hS1hORDEySQ?oc=5,2026-10-05T03:34:25+00:00,2026-10-05T16:15:01+00:00,0.6705,positive
1b229a015ca31f12,ETH,news,Benzinga,"Bitcoin, Ethereum, XRP, Dogecoin Rise Amid Treasury Yields Pressure: Analyst Flags BTC's Sunday Spikes Th",https://news.google.com/rss/articles/CBMi3wFBVV95cUxQWXBSLVlCMDZGTnJhWlgxZlE4TGdMTWxwa2VqRlJib3g1X0Y4YzdCUml6S3JrT2NSLW5wS29JOW1jb1FEeTJtSmdkSDF1S2hGcEZKYTRrWk5mbC1OVlh6NzFvTVBKenhYREI1M0xxQTBiTFh2R09tazV5SWFNQWFmRDhGSUlTRTdETy1lSGNQWUdJV0x5UTJ6SVJRaThVLUJuSDM3ak93bThFQ0RINW5xRi1IUGlwVUFKdDFPWUtVN3U4QlpZOV9Pdi12OGRtdlBCNnhQVFhWQ2pxbHFxWEdj?oc=5,2026-10-05T01:48:46+00:00,2026-10-05T16:15:01+00:00,-0.1027,negative
553cb23192ac71c7,SOL,news,eGamers.io,"SHIB Goes Live on Solana via Sunrise, but the Price Shrugs It Off",https://news.google.com/rss/articles/CBMijAFBVV95cUxPdGJQWGtVNHR2R05iTFhmV0xNMWc5dnZZVnNZOS1tYURFRzZQRG9lNGlUdkM4S2pvWUVoT2o2cG81bjBQc3kwUi1XR1lJOG5CTmlxUl8tdGlLcHpsc2JyUXlIY0pmOGtlQmNnQmR1X01QNFVLM1gtZlNtaDRrajNHc21STW5WNWc5UEJaaw?oc=5,2026-10-05T00:34:35+00:00,2026-10-05T16:15:01+00:00,0.0,neutral
reddit_1wxuzh4,BTC,reddit,r/Bitcoin,Date the bitcoin bro,https://www.reddit.com/r/Bitcoin/comments/1wxuzh4/date_the_bitcoin_bro/,2026-10-05T00:31:30+00:00,2026-10-05T16:16:01+00:00,0.0,neutral
526b5fce1514fe46,SOL,news,Bitget,"Solana processes 14.2 billion Q3 transactions, but SOL price stalls below $120.80",https://news.google.com/rss/articles/CBMiY0FVX3lxTE1GbDlBS2ZWNTY5dWtfMm5NcWhRV2tIMWN0MmR4RnQ2ZXJOTzhzcGdfelFzM3VFbkNBX1RlNmI0WHRMd2ZZLXl2SXlIT3IwRFczcHBPdTBEa01HdGJGdXRFaThCQdIBY0FVX3lxTE1GbDlBS2ZWNTY5dWtfMm5NcWhRV2tIMWN0MmR4RnQ2ZXJOTzhzcGdfelFzM3VFbkNBX1RlNmI0WHRMd2ZZLXl2SXlIT3IwRFczcHBPdTBEa01HdGJGdXRFaThCQQ?oc=5,2026-10-05T00:15:23+00:00,2026-10-05T16:17:07+00:00,0.0,neutral
reddit_1wxttuw,BTC,reddit,r/Bitcoin,"Trump just said ""he's gonna inflate away the US national debt"". No one owns enough BTC",https://www.reddit.com/r/Bitcoin/comments/1wxttuw/trump_just_said_hes_gonna_inflate_away_the_us/,2026-10-04T23:34:49+00:00,2026-10-05T16:16:01+00:00,-0.5719,negative
reddit_1wxtkmt,BTC,reddit,r/Bitcoin,Beginner’s Guide To Bitcoin,https://www.reddit.com/r/Bitcoin/comments/1wxtkmt/beginners_guide_to_bitcoin/,2026-10-04T23:22:04+00:00,2026-10-05T16:16:01+00:00,0.0258,neutral
697f58e3c0858508,BTC,news,24/7 Wall St.,How Much Crypto Should You Own at Different Ages?,https://news.google.com/rss/articles/CBMiqwFBVV95cUxOWkp1aWZrd1BSQVJEWl9GMHF6SmJCSkVvclh4dWNDVmEzZ2c4NzliNFIwVVZZN1RDYmd0dGRHN2dSZXFNdHpPRjhtd25kaVFCOVlaX01SQXozN2FxcG5UVXNydXRvUi1qUk5pVERXRnRFUUNSVWVuNWVFcnN5Q21LcDkyTUJOMHJsNFdRaV9mcndNWlNnZzR6WEhUVDctZllmaHZLUHZMRlJTTmM?oc=5,2026-10-04T23:00:00+00:00,2026-10-05T16:15:01+00:00,0.0,neutral
6ac88d23f8917a62,BTC,news,Cointelegraph,"Former SEC boss made AI Czar, Bitcoin may hit $600K this cycle: Hodler’s Digest",https://cointelegraph.com/magazine/former-sec-boss-made-ai-czar-bitcoin-may-hit-600k-this-cycle-hodlers-digest?utm_source=rss_feed&utm_medium=rss&utm_campaign=rss_partner_inbound,2026-10-04T22:31:12+00:00,2026-10-05T16:15:01+00:00,0.8074,positive
620ddb9c5e2ee856,ETH,news,CryptoSlate,Ethereum’s past outflow charts can change when more exchange wallets are identified,https://news.google.com/rss/articles/CBMiqwFBVV95cUxOaTg4U2hZZ2ROUU5SWVgzTy12Y1pnNlcyWG55OVQtYVBNbHdZd2ZVVGxyLTVwVVJsTjk1RW9RclFqZjNYTnlIODhmRkcteS1IVWRaZWdvX2tkZ1NJWFdUOVpXbTFhNl9vQmJic0IwUzJuV2FBRzVuTHc1dm9iQWJITFBpdEd0bmNRUmh1Skl2a2JFQVBFdEhva2ZqVDU5NkVYdlFOY0U3UENKaEE?oc=5,2026-10-04T22:05:40+00:00,2026-10-05T16:15:01+00:00,0.0,neutral
reddit_1wxrxj4,BTC,reddit,r/Bitcoin,Bitcoin Meal,https://www.reddit.com/r/Bitcoin/comments/1wxrxj4/bitcoin_meal/,2026-10-04T22:03:50+00:00,2026-10-05T16:16:01+00:00,-0.1779,negative
a5a7e5cce9b919f6,BTC,news,Investing.com,"Bitcoin edges above $85,000 as traders weigh U.S. leveraged-crypto move",https://news.google.com/rss/articles/CBMixwFBVV95cUxOaDlCbmRqaTVkc2daeW9tX3JXYWZpUlJWYzIxQUl0Y3NaOXJEM1J6MjVhMncyZVFJOFdua3pFWnpKT3YxYTNFUFdIRC1NWW1DR3lBQ2hJMU9wZFd5LUc1Vi1CQVdkX0t2R0E1d21sX2pnckh4cEpFM3lIc3lpN09Va0pKWjRYQTh6Rk1FdHNDWDAzS005WXlUck94VVpmalRlbVcxZWVSVG5SY0R0T0RJR0w0SmgwVWVCQzZOcEY5aWg3WlFrOG1V?oc=5,2026-10-04T21:55:11+00:00,2026-10-05T16:15:01+00:00,0.0,neutral
ea5572696c5f31b9,ETH,news,CryptoTicker,"Ethereum price $2,702: next target is $2,775, but 812,887 ETH are queued for the exit",https://news.google.com/rss/articles/CBMimAFBVV95cUxNVnh4T1JBZ3daV1RHUklxWWFRckRmQzRVVHVEXy04SWE3QW83YzI3dE5aN19QemVZS2NrRDhWZFpFQW1HMVlYM1hlMU1TOU9VNWwxbkt1MWxxVHd3akNqSWU5SlF1dTFRalpDXzNfRnIxSU9jcjRBM0ZZR2RVcEtGOFFVd3JONWZDd05kZDFTYW5RUUJwMTNNQQ?oc=5,2026-10-04T21:14:13+00:00,2026-10-05T16:15:01+00:00,0.0,neutral
reddit_1wxqcbl,BTC,reddit,r/Bitcoin,Me checking my $50 Bitcoin investment every 5 minutes like I'm managing a Fortune 500 company.,https://www.reddit.com/r/Bitcoin/comments/1wxqcbl/me_checking_my_50_bitcoin_investment_every_5/,2026-10-04T20:54:56+00:00,2026-10-05T16:16:01+00:00,0.3818,positive
reddit_1wxpsry,BTC,reddit,r/Bitcoin,Buy Bitcoin,https://www.reddit.com/r/Bitcoin/comments/1wxpsry/buy_bitcoin/,2026-10-04T20:31:55+00:00,2026-10-05T16:16:01+00:00,0.0,neutral
reddit_1wxpc4m,BTC,reddit,r/CryptoCurrency,What are your expectations for the next alt season? Are we gonna make up for the lack of one last cycle? Is it gonna be a specific niche? Or is it gonna get even more disappointing?,https://www.reddit.com/r/CryptoCurrency/comments/1wxpc4m/what_are_your_expectations_for_the_next_alt/,2026-10-04T20:12:47+00:00,2026-10-05T16:17:07+00:00,0.9133,positive
reddit_1wxoyaz,BTC,reddit,r/Bitcoin,A hidden tax on your hard earned wealth,https://www.reddit.com/r/Bitcoin/comments/1wxoyaz/a_hidden_tax_on_your_hard_earned_wealth/,2026-10-04T19:56:48+00:00,2026-10-05T16:16:01+00:00,0.5106,positive
reddit_1wxoj29,BTC,reddit,r/Bitcoin,Bitcoin mooning again so much for 40k,https://www.reddit.com/r/Bitcoin/comments/1wxoj29/bitcoin_mooning_again_so_much_for_40k/,2026-10-04T19:39:21+00:00,2026-10-05T16:16:01+00:00,0.6486,positive
0aef2048aa90ede9,BTC,news,Yahoo Finance,"Cathie Wood Predicts This Cryptocurrency Could Surge 1,665% From Here",https://news.google.com/rss/articles/CBMiqgFBVV95cUxOa0NRMTN1QmpVMU9ReGVSWkZ5VTVPcnV0YUVtZU1PYTJYVWVPbEppRDcwVDNtRzlzN2k2U0lJSTBBVUxFUUxHVXllMGpfZXhJUHVRYkdrbG4zcVVMY3d4WWlEOGNoUFRsNm8tMGtHQzdzblZHQklpUF9uSnU5Y0Y2bmk4ZjZsT0dQN3ZmMDRfMFl0TFBmSkZGZ3AxMEQ5VTZpOHJzQko3NmNXdw?oc=5,2026-10-04T18:54:00+00:00,2026-10-05T16:15:01+00:00,0.4588,positive
6886237c59ac8be9,ETH,news,TradingView,"Bitcoin, Ethereum, XRP, Dogecoin Rise Amid Treasury Yields Pressure: Analyst Flags BTC's Sunday Spikes That Turn Into Monday Declines",https://news.google.com/rss/articles/CBMilgJBVV95cUxOQXZ6UkJGb20wNW5GQm8tZkJQelE3WUpZWmZhQldzTmpzY3BxQ3RJM2w2T2huUjhxSk51bG4wTmdncWg3ZVFKYlBjY3FzdGU3UWxLcHBibnlEbWNpdDgzclpYVWwzaWRZdFlwcUhYcllGNU5pRDRfLTRuM0NEN2dTS3RMaW9WaE0ydUhtaURlR3dCQW40WDdqWXpuZ3ZMNkNicG9JaWNFRUhDSVlIR0EzUE9MR3pYa0xHMXJXNTV5WXpqSDBLM01KMEdqdnBqN2Jlek40eTJmTGxNNVVGM1RQYjBjU3RGOFVmcmhXVHJockg3em0yUWN5WnVoUnBUb1JMejBqNTZ5d3BrRGl4ODlNcmxfVml3dw?oc=5,2026-10-04T18:48:00+00:00,2026-10-07T05:56:27+00:00,-0.1027,negative
reddit_1wxn6mz,BTC,reddit,r/Bitcoin,"Almost bought bitcoins at 200 dollar, but didn't 🙂",https://www.reddit.com/r/Bitcoin/comments/1wxn6mz/almost_bought_bitcoins_at_200_dollar_but_didnt/,2026-10-04T18:44:58+00:00,2026-10-05T16:16:01+00:00,0.9627,positive
3f56712b7d7ec5bf,SOL,news,TradingView,Shiba Inu (SHIB) Goes Live on Solana Network,https://news.google.com/rss/articles/CBMioAFBVV95cUxPanVwaUpfb19USm1BTHV1Z0twQWJoZ0QxNE9XR0xrVWhSVTR4QWx6aXJicmFqNjZrY1Z2M1BwT2NIU3pFdUhsdC1seGtzYjVjVWwtVk1FZWlZN3FNMGxHbkFjdHZ4eTBlazlqT1E3b2lQdEZ6bDM4NXVha0NlT21Bc2N1dGgtZ2t4ZktPaWFOeXRER0I0cnJMRDdGUzFERHJq?oc=5,2026-10-04T18:28:07+00:00,2026-10-06T06:25:21+00:00,0.0,neutral
7e5ac492d4eb3bc4,ETH,news,CryptoTicker,Ethereum price prediction: the October record,https://news.google.com/rss/articles/CBMiiwFBVV95cUxOeDFpSzZ4Wk94UExPUi1hRlBHZWRfd09sck12LTFyVFMtWmhISVBDYjB3T1dsck1ZRVV0bHNsWk9RT0g5c1NGVThNRHpIM1MwNG5NdWhlYV8yOHhBU1BSSURFTExjR00yVGdEbk0wcmNNS0VBV0xGUGdqcHp3bVB6Y1pURGVEZFIzMjhN?oc=5,2026-10-04T18:26:12+00:00,2026-10-05T16:15:01+00:00,0.0,neutral
6550dab62b28a491,ETH,news,CryptoPotato,"Bitcoin and Ethereum ETF Weekly Flows: The Good, the Bad, and the Concerning",https://news.google.com/rss/articles/CBMioAFBVV95cUxNMFZ0VEhhY1pnNENzbHhrYm9CVUhpMVBOQmYzSm1iSm50NkZBWUlTMVB5TEpOQ2lxTy1kdkgtS1BkeFJjZkZoRUNfN1ZtYmFYcmdJNFBLSGNsN3dkdGlDS0hfV2xOLWk0RGJDbUF3WmFTcUVlZ3ZlSHZlWHdnaE94RmstOFZKMW9UVGtrT3cyaG5KTThfZi1MWU1xSEw4MF9a?oc=5,2026-10-04T17:52:00+00:00,2026-10-05T16:15:01+00:00,-0.1531,negative
reddit_1wxky2u,SOL,reddit,r/solana,Solaris AI Unveils Onchain Automation Apps on Solana,https://www.reddit.com/r/solana/comments/1wxky2u/solaris_ai_unveils_onchain_automation_apps_on/,2026-10-04T17:13:09+00:00,2026-10-05T16:17:07+00:00,0.0516,positive
reddit_1wxk6jd,SOL,reddit,r/solana,"$SHIB Is Now Listed Solana Via Sunrise, Issued By Backpack Securities",https://www.reddit.com/r/solana/comments/1wxk6jd/shib_is_now_listed_solana_via_sunrise_issued_by/,2026-10-04T16:41:43+00:00,2026-10-05T16:17:07+00:00,0.296,positive
6b917e9a073643d4,SOL,news,Benzinga,"Solana Price Ripe for More Gains as ETF, Staking Inflows Jump Ahead of Alpenglow Upgrade",https://news.google.com/rss/articles/CBMizwFBVV95cUxNUWFsT1M5b2NuMEo4UzFmLUZ3ZzVrUU11SHJmaTY2QzZQSk81UTBNU1FpUmlBbzVUUFBmN3ZEZFNtak50VGlNaWM4WDZ1M3JZQlo5elBlNGZZaFhPd1pjcmM1UlUwcDIzeXI4Mm5JT0ZqZGU4QXRoNlFDUEctZmpqSnpJQnc3STJqR2NjalN3Wnl1SU1lQUlqMzYxeVN2Vm9yZmFJNkx1RWpZV3lLdFlKcmJPYV9vUFV4U2Z3U2s3UVZ2TlI2SXhYZVNHWjJ1TWM?oc=5,2026-10-04T16:15:33+00:00,2026-10-05T16:15:01+00:00,0.5709,positive
reddit_1wxj40v,SOL,reddit,r/solana,X402 On Solana September 2026 Roundup,https://www.reddit.com/r/solana/comments/1wxj40v/x402_on_solana_september_2026_roundup/,2026-10-04T15:57:34+00:00,2026-10-05T16:17:07+00:00,0.6675,positive
89f0802975a066fd,BTC,news,Yahoo Finance,Bitcoin Enters October With 4 Problems That Could Show On Charts,https://news.google.com/rss/articles/CBMinwFBVV95cUxPTWpPbGJvRVBTcjd5ZE9uWnZPSU9MbVRELVoxOGZQSWZwdE5MMzVBbHVSaVVnYlRTQVQ0Q1NLeklTTld0bzJkUHNod1NkeHVCX0JTWkFfLUtCdXVUelg2MG9QTlZGSEZjOG4tTFFlNUd2OXlDUlBxbWFWSGpHZnMwaEExY3pkZG9nRzYxbkdmMUVLMVhjM21vSjVVZDVTVjg?oc=5,2026-10-04T15:18:55+00:00,2026-10-05T16:15:01+00:00,-0.4019,negative
20534109193157df,BTC,news,Decrypt,'Uptober' Starts Green as Bitcoin ETFs Draw $134 Million,https://decrypt.co/380007/uptober-starts-green-bitcoin-etfs-draw-134-million,2026-10-04T15:01:03+00:00,2026-10-05T16:15:01+00:00,-0.4404,negative
reddit_1wxhel1,ETH,reddit,r/CryptoCurrency,"Blast, a crypto Ethereum L2 network that held $2.24 billion in June 2024, is shutting down. In the past day, it earned $110 in chain revenue.",https://www.reddit.com/r/CryptoCurrency/comments/1wxhel1/blast_a_crypto_ethereum_l2_network_that_held_224/,2026-10-04T14:45:01+00:00,2026-10-05T16:17:07+00:00,0.0,neutral
d606bf46bb4ec6fd,BTC,news,24/7 Wall St.,What Happens to Your Bitcoin When You Die?,https://news.google.com/rss/articles/CBMiogFBVV95cUxNTkFUSElRNk80eERXRDJldjMydndHUk4yRTdoVndLZUh4ZjNSb0w3NGExZXdBeW92UWJuT1RqYWMxZjFLYXNaU1FSZFhpc0dFREo2MFBLUlhyX0FOZFotQ3g3QjQxZi1pbUxpTktkTGlCbEJ1LWtuSXFTSW1xZGtWVTdZQmZhLUJVLXVMY2NHU2s3ak0zMmxsbk9nUkh3NGZLakE?oc=5,2026-10-04T14:30:00+00:00,2026-10-05T16:15:01+00:00,-0.5994,negative
reddit_1wxgy29,BTC,reddit,r/Bitcoin,The true and much more important Bitcoin cycle,https://www.reddit.com/r/Bitcoin/comments/1wxgy29/the_true_and_much_more_important_bitcoin_cycle/,2026-10-04T14:24:28+00:00,2026-10-05T16:16:01+00:00,0.5984,positive
bb66cfed3d8e2564,SOL,news,AMBCrypto,"Ondo liquidity spreads across chains – Solana leads, Ethereum’s share drops to 52%",https://news.google.com/rss/articles/CBMiogFBVV95cUxPTGFPTjBrT3dKNjktUzFhdzlBcHE1ajl0QTZnTG4yT3BoaUpPMFExSkRnQTEycFBCNVdBZXhFaF9rZGdPbGJLbTVkRHBoV2N2azNPenphb0FXdEhWRzhuMVRJNkJKOVpyMWRYZTlqNzBaVFB5aFpFcURPRnhERkVHRFFnOUluWFlQREdKalFoTU5sRnRVaEp5bkQ4M3oxeEx0anc?oc=5,2026-10-04T14:00:29+00:00,2026-10-05T16:15:01+00:00,0.296,positive
4d8a8dfc269eb5a2,ETH,news,CoinDesk,Crypto built the products. Now the race is to get people to actually use them,https://news.google.com/rss/articles/CBMiugFBVV95cUxOa3JBd18tc1NqckJnVlQ2ZHJpU0Z5cXhkdEFNbDVVcWRuZHk0UUphU3NhMVBWSjJVWEhCZWZJQ2JFT3N4OG93RHAyYUVJV1lMTTJjajhvSjdhQV9sVnJPMFdCNmxNSjZHOEM4WWF3SGlUY0xqMFUtc1QxeDdzU1JIWmVlTzUwaWo2a3BTaDRXTFVfLTFyWTR2RUt3RGdiUndDUGxIQnRqZHJRTWpnNVNFZk9PNEIwWkpwZ2c?oc=5,2026-10-04T14:00:00+00:00,2026-10-06T22:39:53+00:00,0.0,neutral
reddit_1wxfcjt,BTC,reddit,r/Bitcoin,Saving private ryan meme videos,https://www.reddit.com/r/Bitcoin/comments/1wxfcjt/saving_private_ryan_meme_videos/,2026-10-04T13:10:59+00:00,2026-10-05T16:16:01+00:00,0.5983,positive
reddit_1wxfc96,BTC,reddit,r/Bitcoin,"Headline supply is a warehouse, not the float",https://www.reddit.com/r/Bitcoin/comments/1wxfc96/headline_supply_is_a_warehouse_not_the_float/,2026-10-04T13:10:33+00:00,2026-10-05T16:16:01+00:00,0.7783,positive
0b2346fdc314343c,BTC,news,Yahoo Finance,Tether Brings Its $184 Billion Stablecoin Back to Bitcoin: Will BTC Regain Its Role as a Payments Network?,https://news.google.com/rss/articles/CBMiowFBVV95cUxPV1FUZm1aUnBibFczZ3FJUk5ybE8wSzgwY1pMSHlCZkNzbTJNM3dWSDFXendnNEp3Vm1oU0lMelg1WGRiWjNUWkVrVlhBSmpRS1duMWFlTHlLX0xNaDk0UXp2MWVjcVN0N1g2MjVVTzBOM28zaHdac280WGUyVEpIZWZMaWo3ckdfbDR5eTZlQ05oUTQ3NDBmbTNVajRUSHA2ZUpZ?oc=5,2026-10-04T13:00:29+00:00,2026-10-05T16:15:01+00:00,0.0,neutral
0b2346fdc314343c,ETH,news,24/7 Wall St.,Tether Brings Its $184 Billion Stablecoin Back to Bitcoin: Will BTC Regain Its Role as a Payments Network?,https://news.google.com/rss/articles/CBMi9AFBVV95cUxNYzZ0TWxMWTB6TUh6Z3hMVl9COTAwSldXbmlmZU5mUVg5aFYwZEx5VmE0eV9KcWt1YWNJN1lmc0w4NlkyVWRNUGtJLUxWbmF0dkhROC1jTGJ2eHVyY08yY1VoU29EZ25YRHpfeHk1RW9XVU4zYlo1aE16QXA3c1YtSTR0NDFrTWw5V1dDeERJUXhia3NQSE5OMFJKbDRnUDN5akYyTXhLRDJhUnlyTm1oVWdoN2Nfb3hwMjJLXzVTSXlXWHE0RXBSS3pxMERnZVk5dUJWRnVDclBrR3ZFalRFVWV2OEpRd3VTRG1VZkRXa0o2ZVM3?oc=5,2026-10-04T13:00:00+00:00,2026-10-05T16:15:01+00:00,0.0,neutral
reddit_1wxf2i8,BTC,reddit,r/Bitcoin,₿ears Anonymous,https://www.reddit.com/r/Bitcoin/comments/1wxf2i8/ears_anonymous/,2026-10-04T12:57:15+00:00,2026-10-05T16:16:01+00:00,0.0,neutral
reddit_1wxeze3,SOL,reddit,r/CryptoCurrency,Solana Ecosystem News - October 4-2026,https://www.reddit.com/r/CryptoCurrency/comments/1wxeze3/solana_ecosystem_news_october_42026/,2026-10-04T12:52:42+00:00,2026-10-05T16:17:07+00:00,0.0,neutral
baac11e723933d82,SOL,news,CryptoRank,Solana Price: What the Charts aren’t Telling You,https://news.google.com/rss/articles/CBMijAFBVV95cUxOOVlTQnIzZUpyUVdKSEVFWHc1Vm5WbHg0VklhLTdTVDBFZFh6aWNKTy1wY0FhOGZBSk1jejNlajFaZU11bHdzLUlzY29uNG1pQllYZjVHN25qdWdFNG9kemRNNUdDb2lac3g2MDAyWjEyUVJya1dvVXlHMkhmdzFxczM4cUIxWFVVSGFkYw?oc=5,2026-10-04T12:52:34+00:00,2026-10-05T16:15:01+00:00,0.0,neutral
reddit_1wxeyvt,SOL,reddit,r/solana,Solana Ecosystem News - October 4-2026,https://www.reddit.com/r/solana/comments/1wxeyvt/solana_ecosystem_news_october_42026/,2026-10-04T12:51:59+00:00,2026-10-05T16:17:07+00:00,0.8625,positive
bc6832ceb71219e8,SOL,news,Pluang,Over 90 North Dakota banks use Solana for insta...,https://news.google.com/rss/articles/CBMimgFBVV95cUxOTFhKRkZrSkhPZGp1cU1McEcyaWVVakdYdExCSDhkWlVpU2NqeTE3a2w2aFVvMWYxeDBPUFFQQkc4clM1RjBBUkR1X3FDYXN2aEx5NnNoSlFOSWN2YnBPR2dsaGI0VF9OeXhKb2xaREY0cmRLeFBTSFVxa3lIVk5iUS1lOTVXS2thZFlURHg5NGsyNHpDY095ZlJR?oc=5,2026-10-04T12:48:33+00:00,2026-10-05T16:15:01+00:00,0.0,neutral
713e4da01afb24e1,SOL,news,24/7 Wall St.,Solana Co.'s Joseph Chee Tells the Wall Street Journal: China Will Find a Way to Manage Crypto. What Happens If China Reopens?,https://news.google.com/rss/articles/CBMijgJBVV95cUxQbWVETi1YU1pYLVdpcHZjczYzbm9YZEwxSW1rNGxCSW1QTjdqU3UyS3RzcnBwSzFlTVE1T19yWGRYV09oa2hxLUl3NlpBT2ZuSEE4VzNObVNSY2dWZTY2dTZfejl0X0tkWHRSR1puT0RpYTFPVDZreWNIak1CUEdWMG5laURETmFLVndXd21WanVDU2V4VVVSdUduSnlWLTBWc3BaOUFiQnMxbDRYeHFLT05RUE1TdktHdmpvMU0wNzFaQUVYdzk2dWZncEhZVFNXakJsdkI2NE1VeU0waWIxT2dlM1gzRDN0d3cwN25mLWFiUHJFcURkYlZwaVc1WjdpTmhzWk1EREJ0eG0yNWc?oc=5,2026-10-04T12:35:00+00:00,2026-10-05T16:15:01+00:00,0.0,neutral
5e32a233f5e3ec0e,SOL,news,CryptoTicker,90 US banks now settle over Solana in 400 milliseconds: what it means for the SOL price,https://news.google.com/rss/articles/CBMihwFBVV95cUxPemU5SV9VMDJ5MGNDczVmTk4wVlRWcl9FcDVXSDk5ak1pajNFbXpsLXQyb21aRU10Q2JJRkZsX0RQd0VleHVIWGFVN0ZKTG42eGZCcmZOekVSVlJSeVVyVlpEWV9mVzhmT2kwalFPRmJieGZNbV9DeUlCUkRibTliTXp0RHExZE0?oc=5,2026-10-04T12:31:07+00:00,2026-10-05T16:15:01+00:00,0.0,neutral
480f7d4e846dda9a,BTC,news,Benzinga,"Trump, Bitcoin, The SEC and $8 Million In Crypto Lobbying: This Week In Crypto",https://news.google.com/rss/articles/CBMivgFBVV95cUxNME5GR0h6NVlFMUpyRkZHTC1BNzdJRmpoSUVxeXY2eUxnSC0wdUdSd3g2Vk9zb2RLY2V0Rnc0ZF9MbHkwR1NQVS1uOHYzc1dkQlJvRm1oNnZKd0VsVXZaVW1vdU5RYTQzcHc1TUxFaGpIQTEtTFZkem5nOFBiaXJHVlZCem9majgyTWtneXI4ZGVHUGRsZnJKc1h1R3J2dGRtR0d6eU5CTkludFIyMXB2ajFSRFJaVjhzSF9iREFB?oc=5,2026-10-04T12:00:06+00:00,2026-10-06T00:05:48+00:00,-0.0772,negative
d8b7ed0c10a6f156,SOL,news,Crypto News,Solana price prediction 2026: Will Alpenglow spark a bullish SOL breakout in October?,https://news.google.com/rss/articles/CBMifEFVX3lxTE4yczJDRXBidk4wN3l0ZGRnVXJ6MEZjUmNwQWQxZERRaWt0SWh1cGROMXNZb0xFaFltcGJhaTZzbzFKZWtMQ3dKaFJyZFRaeERmRXlod2FXdEoyVGVjdzZtX2FFUEpER1JMSVVySjVPaWZ1OVJSNmZqdXY3Wjg?oc=5,2026-10-04T11:47:12+00:00,2026-10-05T16:15:01+00:00,0.7845,positive
f2ba3ade4ed4ad34,SOL,news,24/7 Wall St.,"Dogecoin, Litecoin and HBAR ETFs Took In Less Than $10 Million Combined This Week. Do Altcoin Actually Move Prices?",https://news.google.com/rss/articles/CBMi_wFBVV95cUxPZXhFN3gxYnpyRDFVUGYxazdIR1RRT1NWZ3RCS0NPYktpLUtyMHlWNUItZ195ZVZmRWh3YUpIUGNoX0VrYl9sSk9iUG1GV19OX3pGZFBCT0p4Rm5Nd25uT0t2RzY1OWkxRW9odHZCUUd3bDZIUHJtbVBSTzNlNk5yQmVRcWFhc1lOaERNdmdsY2tQVHpuQ2NienYyckhIWDVvSkJHR29yV3pyTkZGNmJUUG5jQTVmem9TcEdrYWxaR18waVNET05UUjNsM0NkdjBUSEdmcE8xb2w2YUllVEFIOUdnenNTeU55RlZIbXFHUG1XNjExZlVweExlLUZab1k?oc=5,2026-10-04T11:11:00+00:00,2026-10-05T16:15:01+00:00,0.0,neutral
843904127702c336,SOL,news,24/7 Wall St.,XRP ETFs Put In $1.79 Billion but Hold $1.66 Billion. Why Are They the Only Major Crypto ETFs Underwater?,https://news.google.com/rss/articles/CBMi8gFBVV95cUxOeml3Znp2a2ZLTnVBQS1pRjJNdW9qTVdybFdRZ0NWaTl5U29uM1FkNXh1MkdjUnFEV2p5MTVwU1NVcUhxTXdocGl1N3hkWEhac3ZsRUl6enVSQkpoYm5Kei10MjExdDJzLWg5bzNEZ0tOaWRiVExJNTZUdjZZWnVReThWWXJZSnBWWWYtTm1UbG93cGVvQ0pBQ29HV2lVd0FNMVpjU3ZyWjlaWklYcWgyaHl6ZnRfMndLUHFPaXZkUDBpNi05T0NBN3JtdWxvZGh5MFh0d0tUdFVzVDhnRXRBQU9yQ1JCTERDdnlKUVRCS3FFZw?oc=5,2026-10-04T10:57:00+00:00,2026-10-05T16:15:01+00:00,0.0,neutral
843904127702c336,ETH,news,24/7 Wall St.,XRP ETFs Put In $1.79 Billion but Hold $1.66 Billion. Why Are They the Only Major Crypto ETFs Underwater?,https://news.google.com/rss/articles/CBMi8gFBVV95cUxOeml3Znp2a2ZLTnVBQS1pRjJNdW9qTVdybFdRZ0NWaTl5U29uM1FkNXh1MkdjUnFEV2p5MTVwU1NVcUhxTXdocGl1N3hkWEhac3ZsRUl6enVSQkpoYm5Kei10MjExdDJzLWg5bzNEZ0tOaWRiVExJNTZUdjZZWnVReThWWXJZSnBWWWYtTm1UbG93cGVvQ0pBQ29HV2lVd0FNMVpjU3ZyWjlaWklYcWgyaHl6ZnRfMndLUHFPaXZkUDBpNi05T0NBN3JtdWxvZGh5MFh0d0tUdFVzVDhnRXRBQU9yQ1JCTERDdnlKUVRCS3FFZw?oc=5,2026-10-04T10:57:00+00:00,2026-10-05T16:15:01+00:00,0.0,neutral
6429a0ca2628a772,ETH,news,24/7 Wall St.,Ethereum ETFs Outpace Bitcoin ETFs in 2026 Inflows,https://news.google.com/rss/articles/CBMirgFBVV95cUxPZTJaY3ptUnc3cXN1bm5nS2Z1Y3hsRDl5eXBzVkNUY2xTVTFNV2V4dEpxWnBXbTcyMEdZRktDNVZQZXpXQnJ2cS1SQURGTW5DandZdHk5VXhsSmdaTldDd0xaWk5GNkxGeERMNGp0dzV3N0dJX1d5TzI4Rm9TOU9nUjlTbkFJeThaOW1aSlNZRXlCNzZscWlPLWNGRW9FMTNYcjhob29vMTVhNlltcVE?oc=5,2026-10-04T10:52:00+00:00,2026-10-05T16:15:01+00:00,0.25,positive
6429a0ca2628a772,BTC,news,24/7 Wall St.,Ethereum ETFs Outpace Bitcoin ETFs in 2026 Inflows,https://news.google.com/rss/articles/CBMirgFBVV95cUxPZTJaY3ptUnc3cXN1bm5nS2Z1Y3hsRDl5eXBzVkNUY2xTVTFNV2V4dEpxWnBXbTcyMEdZRktDNVZQZXpXQnJ2cS1SQURGTW5DandZdHk5VXhsSmdaTldDd0xaWk5GNkxGeERMNGp0dzV3N0dJX1d5TzI4Rm9TOU9nUjlTbkFJeThaOW1aSlNZRXlCNzZscWlPLWNGRW9FMTNYcjhob29vMTVhNlltcVE?oc=5,2026-10-04T10:52:00+00:00,2026-10-05T16:15:01+00:00,0.25,positive
reddit_1wxcmx1,ETH,reddit,r/CryptoCurrency,Glamsterdam hits Ethereum's Sepolia testnet on Oct 6. The L1 is scaling alongside rollups.,https://www.reddit.com/r/CryptoCurrency/comments/1wxcmx1/glamsterdam_hits_ethereums_sepolia_testnet_on_oct/,2026-10-04T10:41:38+00:00,2026-10-05T16:17:07+00:00,-0.4404,negative
reddit_1wxc12t,BTC,reddit,r/Bitcoin,Who is mining Bitcoin in China?,https://www.reddit.com/r/Bitcoin/comments/1wxc12t/who_is_mining_bitcoin_in_china/,2026-10-04T10:03:49+00:00,2026-10-05T16:16:01+00:00,0.0276,neutral
16bd513bb628b99d,BTC,news,Yahoo Finance,Cathie Wood Says Bitcoin's ‘Turn Is In’ Against Gold As BTC Reclaims The Upper Hand,https://news.google.com/rss/articles/CBMimwFBVV95cUxQLUxrWC1IdG84X3laRHUxcF9QbkdPM1ZOSFpob2QzMDJKdVc1NVRwdEgxckJ0NDczcDQzbnlpYlFETC14b0RWZGlnMWM5M3V4dmRyLUl6c25FemVtLW1QR2pMOXNKN0VSM0dXazBKVXNsNm93NGZEdkFsajU2bERVYjc2SmdZS25Jc2owM0xCS19CR09EM3FIUDQtaw?oc=5,2026-10-04T09:49:13+00:00,2026-10-07T13:19:42+00:00,0.4939,positive
0f0e43a54219ee6c,BTC,news,Cointelegraph,El Salvador receives $138 million from IMF after Bitcoin waivers granted,https://cointelegraph.com/news/el-salvador-receives-138-million-from-imf-after-bitcoin-waivers-granted?utm_source=rss_feed&utm_medium=rss&utm_campaign=rss_partner_inbound,2026-10-04T09:40:00+00:00,2026-10-05T16:15:01+00:00,0.5106,positive
133b23370c50c381,ETH,news,The Motley Fool,Tom Lee's Bitmine Is Buying Ethereum Hand Over Fist. Is the Long-Awaited Crypto Bull Market Finally Here?,https://news.google.com/rss/articles/CBMimAFBVV95cUxPT25zVXBVTGQwYm1TLUxMamtUSEFkNFpEbEZWMkk4MXYyWjlYLWFRUEJCTGZPOWVYOFBjSUdyVDg5am9yTDQyRDVxWUxyNnFsVGdzSVc4ODlja29RYk9mdkczNmEtMWFGSkcxY0VoU2RPeUwxb09iUWtBZ2IydzlMNVA1ZTlwbVFpZjBoTlUteGdIa054MHYxNg?oc=5,2026-10-04T09:31:00+00:00,2026-10-05T16:15:01+00:00,0.4939,positive
reddit_1wxa62j,BTC,reddit,r/Bitcoin,bought bitcoin,https://www.reddit.com/r/Bitcoin/comments/1wxa62j/bought_bitcoin/,2026-10-04T08:03:39+00:00,2026-10-05T16:16:01+00:00,0.4696,positive
reddit_1wx9zae,BTC,reddit,r/Bitcoin,Why did my €150 Hodl Hodl trade cost me €20?,https://www.reddit.com/r/Bitcoin/comments/1wx9zae/why_did_my_150_hodl_hodl_trade_cost_me_20/,2026-10-04T07:51:53+00:00,2026-10-05T16:16:01+00:00,0.9643,positive
reddit_1wx989q,BTC,reddit,r/Bitcoin,Me going to work after refreshing the charts for 48 hours over the weekend,https://www.reddit.com/r/Bitcoin/comments/1wx989q/me_going_to_work_after_refreshing_the_charts_for/,2026-10-04T07:04:41+00:00,2026-10-05T16:16:01+00:00,0.0,neutral
reddit_1wx95u9,BTC,reddit,r/Bitcoin,"Daily Discussion, October 04, 2026",https://www.reddit.com/r/Bitcoin/comments/1wx95u9/daily_discussion_october_04_2026/,2026-10-04T07:00:52+00:00,2026-10-05T16:16:01+00:00,0.9272,positive
reddit_1wx8ieg,BTC,reddit,r/Bitcoin,Is crypto/bitcoin a good way to receive payment?,https://www.reddit.com/r/Bitcoin/comments/1wx8ieg/is_cryptobitcoin_a_good_way_to_receive_payment/,2026-10-04T06:20:40+00:00,2026-10-05T16:16:01+00:00,0.8823,positive
57e92653d0a23cb9,BTC,news,Yahoo Finance Singapore,"Bitcoin holds near $85,000 as SEC clears first 3x leveraged crypto ETPs",https://news.google.com/rss/articles/CBMif0FVX3lxTE5pM2R3WDBNdVJLZzlfZTdKNzhGTWtHQU1HeEVLVXZiZmp5S0FlV1hJUUFvOTV5b3J2bjRMRnlPUU5tSUNvQ0ZOT2tucjVwd2Z1TmlkSC1ycm8xZ3F6SmdzQVZsMkwyVnlVUXJrcmFjNXRQUGFWTDI5bWRDMmo1Tlk?oc=5,2026-10-04T06:00:00+00:00,2026-10-05T16:15:01+00:00,0.0772,positive
f07fc3b6aa218a97,SOL,news,Cryptonews.net,PUSA Volume on Solana Surpasses Nasdaq,https://news.google.com/rss/articles/CBMiWkFVX3lxTE9zOVlyZlZfalJaVWJOYm4xOXVpVW1xVldXSVpnRXFBWGh2SXVPcHhwNXZLYVhLRGVvdTlTTHZYRUdjYzBnNFVuY2hXY2kxYW9KRTQxc3pLZ0RQUQ?oc=5,2026-10-04T05:06:47+00:00,2026-10-06T00:05:48+00:00,0.0,neutral
reddit_1wx76xi,ETH,reddit,r/ethereum,"Daily General Discussion October 04, 2026",https://www.reddit.com/r/ethereum/comments/1wx76xi/daily_general_discussion_october_04_2026/,2026-10-04T05:01:22+00:00,2026-10-05T16:17:07+00:00,0.7393,positive
reddit_1wx6ura,BTC,reddit,r/Bitcoin,"Yes, but this doesn’t mean to gamble on leverage",https://www.reddit.com/r/Bitcoin/comments/1wx6ura/yes_but_this_doesnt_mean_to_gamble_on_leverage/,2026-10-04T04:41:36+00:00,2026-10-05T16:16:01+00:00,0.2144,positive
reddit_1wx6q6n,BTC,reddit,r/Bitcoin,Lealana bitcoin,https://www.reddit.com/r/Bitcoin/comments/1wx6q6n/lealana_bitcoin/,2026-10-04T04:34:22+00:00,2026-10-05T16:16:01+00:00,0.8847,positive
7afd245c8360ca9f,BTC,news,The Motley Fool,"1 Unstoppable Cryptocurrency to Buy Before It Soars Over 250%, According to Wall Street Analysts",https://news.google.com/rss/articles/CBMimAFBVV95cUxPVUpiSEM5LXl1dXdKeEhaMXA4WUhjQXplcW4tQVlVLUYtNXhINWo1eGI5MWNwemtjZ2hnTExqeHRKbnVlN0pzSWZ1YXdNc3c2Z0tsVWwyVVhiZk40eFcxTENpR3ZWdVRzVTBPdWlkbzNkel9BamNyOHJhTHVpNlZQY1JrYW9LMFp1MUhGbjNtQ05vaVJReWw0eA?oc=5,2026-10-04T03:00:00+00:00,2026-10-05T16:15:01+00:00,0.4019,positive
reddit_1wx4a0x,BTC,reddit,r/Bitcoin,Don’t Worry! Buying The Dip On Bitcoin Will Pay Off‼️💯🚀,https://www.reddit.com/r/Bitcoin/comments/1wx4a0x/dont_worry_buying_the_dip_on_bitcoin_will_pay_off/,2026-10-04T02:18:17+00:00,2026-10-05T16:16:01+00:00,-0.5562,negative
reddit_1wx3ioh,BTC,reddit,r/Bitcoin,Life 10 years after the big bitcoin rally,https://www.reddit.com/r/Bitcoin/comments/1wx3ioh/life_10_years_after_the_big_bitcoin_rally/,2026-10-04T01:37:31+00:00,2026-10-05T16:16:01+00:00,0.8873,positive
6d49b836938a51ff,ETH,news,24/7 Wall St.,Ethereum ETFs Saw Outflows Three Days Running After a $690 Million Week. Is Fund Demand Drying Up?,https://news.google.com/rss/articles/CBMi6gFBVV95cUxQM25kZGtBQ1QwNHZ2YWtsUFhHWHcta2hMY0RjM2xfRWxYaEY1SW0xX2xCMnRUd3VHU0QtcHE0TlpqYkpMNWE1UGtMNkFTR04weE5tX2dhc1hCdWdTdWhMbkdLejRkQmJ3UXZTdXgxd3ZQSG9KSzNrb1hqX0xTaXZ4TUxBZmljV2Z1dU51TmQ2djhxZXJZUjRyR0Q0S2dPcGZPN1NreFI5aUdXTWVmWkNHUkJHMUgwTjlVZnVJTll6a3NPeS1QazRsUlNCaGsyRWc5U3EyVUdxa0lycGlsR3dfMHBtdlZZN1RlTWc?oc=5,2026-10-04T00:07:00+00:00,2026-10-05T16:15:01+00:00,-0.3612,negative
a6b5e630b4d6c6ef,SOL,news,24/7 Wall St.,Solana ETFs Report $2.4 Million in Inflows: Is the Winning Streak Ending?,https://news.google.com/rss/articles/CBMiyAFBVV95cUxQMnhPWkVyYm1HSWVNcUhvMWVPSTFsMFFPTU5kTVc1eHhXM3RaZEhQS3BzUmwxbmh6YVhmTEJQcWdZZXpHVF9vbDM5OXU1Qlk2ankxMUVZM1Vxbl9zbWkxMWtNUGpvTDc0a2xyTmVTT1RYOEtwMk1ibWtwZzlid2MyNFFwd2tQWnA0R0JCbWZHTGN4dS1YUXRTMno3eEhGZ2p0YVg1cWlHNlNTd0FoeHF1ZzQ5TGxPLXdxY3hEMFc4TmpMdnk1YjFYVg?oc=5,2026-10-04T00:06:00+00:00,2026-10-05T16:15:01+00:00,0.6597,positive
610223ef568c2c1f,BTC,news,CME Group,Bitcoin Futures,https://news.google.com/rss/articles/CBMic0FVX3lxTE9Db1M3SWg3WG9OOU9xZ1QwTjlKUDZvSVpVektnRnFTSXFvdXBmQm5lS2h5ODFwdWl2eFlQT0hRZWR1ZUxfdzFHVXhBZUNKRl9Semw3NG55S0lrUXFXNFR4eVZwdHFtLVZxU1NZeS1Va0RZNU0?oc=5,2026-10-04T00:00:10+00:00,2026-10-06T22:39:53+00:00,0.0,neutral
reddit_1wx1ikp,BTC,reddit,r/Bitcoin,"Is my friend scamming me, or is his explanation about Bitcoin and Bybit legitimate?",https://www.reddit.com/r/Bitcoin/comments/1wx1ikp/is_my_friend_scamming_me_or_is_his_explanation/,2026-10-03T23:54:28+00:00,2026-10-05T16:16:01+00:00,0.1027,positive
reddit_1wx161b,BTC,reddit,r/CryptoCurrency,"""If"" by some crazy chance that Trump actually gives out $5000 to every citizen, what effect would this have on the crypto market?",https://www.reddit.com/r/CryptoCurrency/comments/1wx161b/if_by_some_crazy_chance_that_trump_actually_gives/,2026-10-03T23:36:15+00:00,2026-10-05T16:17:07+00:00,-0.128,negative
reddit_1wx161b,ETH,reddit,r/CryptoCurrency,"""If"" by some crazy chance that Trump actually gives out $5000 to every citizen, what effect would this have on the crypto market?",https://www.reddit.com/r/CryptoCurrency/comments/1wx161b/if_by_some_crazy_chance_that_trump_actually_gives/,2026-10-03T23:36:15+00:00,2026-10-05T16:17:07+00:00,-0.128,negative
ecdc24f319d106df,ETH,news,24/7 Wall St.,"Crypto ETFs Attract $10 Billion in Q3: Bitcoin Leads, But Solana’s Growth Soars",https://news.google.com/rss/articles/CBMizwFBVV95cUxOaHlMUlJpY21YTGtCRmdPbHN6cDNCaTNaaENBZlFCbG9HR1cxMUE0SURWM0VEdXljZUJreTc1NncxV281ajF1cEgydGtZZGw3b2dDUlpvUTNFZ0dMVktOYTM4anVYZExqd0R6d3NlNk1KN05fRFpGN18yU3JvZ1FQTVNIWk5zTkFNZGgyVUtTLU8weXBKbkNMMWsybUV2bW1Hb0JHRFM3MjJXdlp0bTdoUlZJZWt2a3EyanAtcTFCS0tKd1lUMmFtbFBxajRmYlE?oc=5,2026-10-03T22:35:00+00:00,2026-10-05T16:15:01+00:00,0.872,positive
ecdc24f319d106df,BTC,news,24/7 Wall St.,"Crypto ETFs Attract $10 Billion in Q3: Bitcoin Leads, But Solana’s Growth Soars",https://news.google.com/rss/articles/CBMizwFBVV95cUxOaHlMUlJpY21YTGtCRmdPbHN6cDNCaTNaaENBZlFCbG9HR1cxMUE0SURWM0VEdXljZUJreTc1NncxV281ajF1cEgydGtZZGw3b2dDUlpvUTNFZ0dMVktOYTM4anVYZExqd0R6d3NlNk1KN05fRFpGN18yU3JvZ1FQTVNIWk5zTkFNZGgyVUtTLU8weXBKbkNMMWsybUV2bW1Hb0JHRFM3MjJXdlp0bTdoUlZJZWt2a3EyanAtcTFCS0tKd1lUMmFtbFBxajRmYlE?oc=5,2026-10-03T22:35:00+00:00,2026-10-05T16:15:01+00:00,0.872,positive
ecdc24f319d106df,SOL,news,24/7 Wall St.,"Crypto ETFs Attract $10 Billion in Q3: Bitcoin Leads, But Solana’s Growth Soars",https://news.google.com/rss/articles/CBMizwFBVV95cUxOaHlMUlJpY21YTGtCRmdPbHN6cDNCaTNaaENBZlFCbG9HR1cxMUE0SURWM0VEdXljZUJreTc1NncxV281ajF1cEgydGtZZGw3b2dDUlpvUTNFZ0dMVktOYTM4anVYZExqd0R6d3NlNk1KN05fRFpGN18yU3JvZ1FQTVNIWk5zTkFNZGgyVUtTLU8weXBKbkNMMWsybUV2bW1Hb0JHRFM3MjJXdlp0bTdoUlZJZWt2a3EyanAtcTFCS0tKd1lUMmFtbFBxajRmYlE?oc=5,2026-10-03T22:35:00+00:00,2026-10-05T16:15:01+00:00,0.872,positive
06794e4dbfade767,BTC,news,Yahoo Finance,Robinhood Introduces 10x Leverage on Bitcoin and Ether – What Does It Mean for a Market That Just Suffered $478 Million in Liquidations?,https://news.google.com/rss/articles/CBMiqgFBVV95cUxPZGhFUG5wc0M4a2l1eC1IUS1jZEg0SkZmTnZDdy1UbzgxNE5UTDMyaDMwN2NsTG8ybTBRX0dsdWMzeGM2YldaeWNIajFQbDRSNHBkYThZeDR6M3ktUG00cG43eGlrWmJNaUVCaWY0NHc0QWFOc2FsWktXZ2VHVlc2OHhobUY1LVMwckJ0djNLYVFPSDhoUGlhUjJYU3dPRlY5cmFiWHk3WmpQQQ?oc=5,2026-10-03T21:40:18+00:00,2026-10-05T16:15:01+00:00,-0.6908,negative
06794e4dbfade767,SOL,news,24/7 Wall St.,Robinhood Introduces 10x Leverage on Bitcoin and Ether – What Does It Mean for a Market That Just Suffered $478 Million in Liquidations?,https://news.google.com/rss/articles/CBMimwJBVV95cUxPSHNQMEhzakpXNUhVY0hWUVZfbWxPeTlLZHItMHlVYXA4bnpqbnQ5LXlNekVhQW9nWjVveG1KQl9BMV84eDRmZFN6bGthc1RxWXRfRXdOVjhCbEJwWXVvSkN2QlJkUFpSdm9KOFlYSGZEQ3hYR0xuTk9maHhWRS1EM1FKX2ZUN2JsZGwwZHFDZmI4TVlSYW1NQmtjeGliUmZvYlF1b1REYmw4RG0yNHNHem5WNFREcWlmTWlKZTBDNFRGcHJCQ2hXYUltS1RPV05jUFYtb2x2VkVaZDNoOW5CTXlHaS1rcWlyMlIyN2p2Z0RFVkVGQTJISTVVLVJWLWNSaDFFZ2FtQ2oyTnczSW9sa3RJRVV4bWhWNThJ?oc=5,2026-10-03T21:40:00+00:00,2026-10-06T00:05:48+00:00,-0.6908,negative
5523ecdac9ac3706,SOL,news,CryptoTicker,"Dogecoin price at $0.0931: weaker over the week than Bitcoin, Ethereum, XRP and Solana",https://news.google.com/rss/articles/CBMihwFBVV95cUxNVEJyVFNMWDZZZVdQZ0ZOck92cERrUTJXdnlNVE9tQWFhek43RnhPZWFvQUpDMzVyM2lYSE90VFVfU0hOVzhwb2Q4Unc3MGZxSmhXWjZkb1cxSy1mN3hBSjZ0UVNaZXhMdTcyYVRibWptM0lmTGNwQmltMVl3TWRUZmFPRlljZUk?oc=5,2026-10-03T21:37:46+00:00,2026-10-05T16:15:01+00:00,-0.4404,negative
5523ecdac9ac3706,ETH,news,CryptoTicker,"Dogecoin price at $0.0931: weaker over the week than Bitcoin, Ethereum, XRP and Solana",https://news.google.com/rss/articles/CBMihwFBVV95cUxNVEJyVFNMWDZZZVdQZ0ZOck92cERrUTJXdnlNVE9tQWFhek43RnhPZWFvQUpDMzVyM2lYSE90VFVfU0hOVzhwb2Q4Unc3MGZxSmhXWjZkb1cxSy1mN3hBSjZ0UVNaZXhMdTcyYVRibWptM0lmTGNwQmltMVl3TWRUZmFPRlljZUk?oc=5,2026-10-03T21:37:46+00:00,2026-10-05T16:15:01+00:00,-0.4404,negative
reddit_1wwy7te,SOL,reddit,r/CryptoCurrency,How do you personally track your SOL holdings if you use multiple wallets?,https://www.reddit.com/r/CryptoCurrency/comments/1wwy7te/how_do_you_personally_track_your_sol_holdings_if/,2026-10-03T21:15:05+00:00,2026-10-05T16:17:07+00:00,0.0,neutral
04bbd172f08a2dc9,ETH,news,Startup Fortune,Kaspa crosses 2.3 billion transactions as Ethereum L2s keep losing ground,https://news.google.com/rss/articles/CBMiogFBVV95cUxPODFGc05EM2ZEUmdDZWphQURMVEdZWlpDSlNyVUFRcUZCdUVMS1hoVEozVDFqU0FRaE1VWTMtdHZtOXBnVERLSjlBZzUyQm91S0FNVTVpY3dIZG14VENoUzVPTXliTjRrY3RBSURtU2c4djhPY0ZOUmY5ODVKSWZyTTgyVUhwTjF1SHoxSmlTVlprLTR6eEE0RnB2aGVzYWNqOWc?oc=5,2026-10-03T20:36:16+00:00,2026-10-05T16:15:01+00:00,-0.3818,negative
8a67219aa56c3e7d,BTC,news,Yahoo Finance,Bitcoin Is Up 33% in 90 Days but Still Down 30% From Last Year: Who’s Still Facing Losses?,https://news.google.com/rss/articles/CBMikwFBVV95cUxOVUdjNUlJV2g2UklCbTlpQTJmMnFucUhZd1ByS0pfNXVzOU5OUEVpN0NvQmZ3OFFTY3ZrMklhUnRJa1F2WF9wUVVwc2Vic1phZ3lJN0E3MElETXRYdk1CSTkwR2J2eERtbGFjcHh3OHVKM2pCaDRfRk8waFIycWlvWlNzSDdsQ0dheTdfS3pwV2R3T2s?oc=5,2026-10-03T20:33:53+00:00,2026-10-05T16:15:01+00:00,-0.5499,negative
fef0a5c86d794328,BTC,news,24/7 Wall St.,Bitcoin Is Up 33% in 90 Days but Still Down 30% From Last Year: Who's Still Facing Losses?,https://news.google.com/rss/articles/CBMi3AFBVV95cUxOOG1yXzRjVjFkM0p1ck41ZnBQN1ozcklYTXJ1QWJna0tOOC1HaVpnWWZVNU5ZTWRlVVNfRUNSN0ZOWk95ZlRQenQ0b1BBelVJSlNWeEowUno2c2txVEFjS3didmFBdkhPZFVrMVNTRjdDTVQtNTJJUVU3SlJuTFZIWlNiSFpXQzdkQVVOelBMWXJwd25jOEN6bXhTY2JlYXYzd01GVk9sVUg3cUxsWnBuYUE5Z1AyeU1UWU1KYlg2WTJyclRCdW9YSnBsSWRBQmlicExjekVyYWloUEpl?oc=5,2026-10-03T20:33:00+00:00,2026-10-05T16:15:01+00:00,-0.5499,negative
reddit_1wwwqky,SOL,reddit,r/solana,"Weekly Discussion Thread, Chats & Trading Talks | October 2026",https://www.reddit.com/r/solana/comments/1wwwqky/weekly_discussion_thread_chats_trading_talks/,2026-10-03T20:10:50+00:00,2026-10-05T16:17:07+00:00,0.9449,positive
cb92b8bf3935a215,BTC,news,24/7 Wall St.,Bitcoin Funds Took In $2.5 Billion as the 10-Year Yield Hit 5.31%. Is Bitcoin Ignoring the Bond Market?,https://news.google.com/rss/articles/CBMi7wFBVV95cUxQdTE5UHliSF96X1VJak52MFVpcHJXQlZHbm00aWxIU1lpQ012eXMxSnNESEhIcE8xYllJX2lMT0FwYTdNc2t2bGd3N1RqcllpbTJ6aEhEaE9fTEszY2owajhPNzhoTGFrM0FKdlE4OENpVnlMV011MV9QSXE1b1RNMDFHeFNoUDNLcWVVTEp6dGhMd3BGNjJzR3VuMGFNcl9fTEdpd2NacHAwdWlHUjVCZ0R2NDJiMkYyUExWOVFXRHVrNnZUU1hvdHBwQm1qRmxuTWpFbFh0Y2RTcjhoY0FHYy1ra2JnZ2lJZ0xBanFsMA?oc=5,2026-10-03T19:58:00+00:00,2026-10-05T16:15:01+00:00,-0.4019,negative
reddit_1wwvkvg,BTC,reddit,r/Bitcoin,Cantillionaires be like,https://www.reddit.com/r/Bitcoin/comments/1wwvkvg/cantillionaires_be_like/,2026-10-03T19:22:17+00:00,2026-10-05T16:16:01+00:00,0.5106,positive
reddit_1wwu2oe,BTC,reddit,r/Bitcoin,"If every american bought Bitcoin for that 5K Trump will give away, ALL of them would be set for life.",https://www.reddit.com/r/Bitcoin/comments/1wwu2oe/if_every_american_bought_bitcoin_for_that_5k/,2026-10-03T18:19:43+00:00,2026-10-05T16:16:01+00:00,-0.8899,negative
reddit_1wwu0lk,BTC,reddit,r/Bitcoin,The Sovereign Individual,https://www.reddit.com/r/Bitcoin/comments/1wwu0lk/the_sovereign_individual/,2026-10-03T18:17:21+00:00,2026-10-05T16:16:01+00:00,0.765,positive
5942561b4108aa55,ETH,news,CoinMarketCap,"$90K Bitcoin Price Target, $3K Ethereum: What Will It Take to Get There?",https://news.google.com/rss/articles/CBMijgFBVV95cUxQUlRCNzYxZzhVTnVBQjlsTGdMeWtDSVlMNWVhNHl5NmZMQ3BCNms2ZnJ3S0FUQmhPdDJCaHhhZlVuX2p4c3Y5dUJZeG1yVm95OTRJQkxMQ2pDZDVMTW5kaW1qZUttcjRXV0VzQTFyRUVHOFhDMmFLRFEwN1lteE5WYVpWUDQ5X0ZPeS1nRVhn?oc=5,2026-10-03T18:12:13+00:00,2026-10-05T16:15:01+00:00,0.0,neutral
reddit_1wwtv41,BTC,reddit,r/Bitcoin,How many people actually own some BTC?,https://www.reddit.com/r/Bitcoin/comments/1wwtv41/how_many_people_actually_own_some_btc/,2026-10-03T18:10:55+00:00,2026-10-05T16:16:01+00:00,0.8638,positive
reddit_1wwt6p2,BTC,reddit,r/Bitcoin,Borrowing to buy Bitcoin is not particularly risky.,https://www.reddit.com/r/Bitcoin/comments/1wwt6p2/borrowing_to_buy_bitcoin_is_not_particularly_risky/,2026-10-03T17:43:04+00:00,2026-10-05T16:16:01+00:00,-0.2876,negative
reddit_1wwt5ey,BTC,reddit,r/Bitcoin,The MIT Media Lab's snack machine now accepts Bitcoin payments via the Lightning Network,https://www.reddit.com/r/Bitcoin/comments/1wwt5ey/the_mit_media_labs_snack_machine_now_accepts/,2026-10-03T17:41:35+00:00,2026-10-05T16:16:01+00:00,0.3182,positive
aaa9a2d5fe35f16b,SOL,news,Yahoo Finance,"We Asked AI Models Whether Solana Reaches $150 Before Bitcoin Reaches $100,000",https://news.google.com/rss/articles/CBMimwFBVV95cUxNNUQ1VzVIODZ5MTQtamFxUUl5NUJfRFJOa01oVkZwc2xvaERQVDV3amdRUU5PLW1QX0l4RWZYX3F3ZDk3N2xjZmRMNHZ5WjVfR2dEemRXd3FPMGF0cFlvLU95MWRXWkRnN1RQMDBWa0VwbWZaUGcyZDhKU085eVFQVk1rUm1VVU5YTXIyRkpoZ3Jsd1AzOXFnZ19TNA?oc=5,2026-10-03T17:29:28+00:00,2026-10-05T16:15:01+00:00,0.1027,positive
aaa9a2d5fe35f16b,BTC,news,Yahoo Finance,"We Asked AI Models Whether Solana Reaches $150 Before Bitcoin Reaches $100,000",https://news.google.com/rss/articles/CBMimwFBVV95cUxNNUQ1VzVIODZ5MTQtamFxUUl5NUJfRFJOa01oVkZwc2xvaERQVDV3amdRUU5PLW1QX0l4RWZYX3F3ZDk3N2xjZmRMNHZ5WjVfR2dEemRXd3FPMGF0cFlvLU95MWRXWkRnN1RQMDBWa0VwbWZaUGcyZDhKU085eVFQVk1rUm1VVU5YTXIyRkpoZ3Jsd1AzOXFnZ19TNA?oc=5,2026-10-03T17:29:28+00:00,2026-10-05T16:15:01+00:00,0.1027,positive
c06a1377e2d2bc7c,ETH,news,Stocktwits,BlackRock IBIT Flashes Golden Cross: What It Signals,https://news.google.com/rss/articles/CBMigAJBVV95cUxPWXl5dVFNbXliTGV1ZTBWMDZJZVVpVWZGSTlURjRqMC1YZ3ZMX2xBcGhVTnZjbFUyQlo5ZjFJNWluaUE2T1VFN1ZSM29BMngtZ1hYMXNIQjZxeVdGbVRhMHBKcHdpWXNpQ09QbW1UV293Snl1eE5HLWRMOE81Sy1OT0Qtam83by1UUV9YNl85eDhHYXVVNVpKVUt5UGJRcjhKN1F2Q2FNdmdDcnM0dFo3NjhBTWQ3VkZqeGdNWVc3eHhabFFudTRUZlo2N2w2ZGhkZTJpTVlROC1MR2FLY1hMbDE1WmNIcUprSWkxOHJ3Z0NZRlNFQ1ZuM1BaaDdlLUth?oc=5,2026-10-03T17:04:08+00:00,2026-10-05T16:15:01+00:00,0.0,neutral
bafdd30b6ddd8f69,BTC,news,Yahoo Finance,"BlackRock's IBIT ETF Flashes Golden Cross As SEC Approves Triple-Leveraged Bitcoin, Ethereum ETPs",https://news.google.com/rss/articles/CBMioAFBVV95cUxNRlU3dTJ6VUhhbHhIUHlyWEJzWldhS0xJbkVBc3FBREpzeUhvU211Wk1BZWFKWW9XVGtFV1NIT1gyRVJtdzJ4NUhMY0hLSzdraDJVazZQd2Z4a3RuVHFOVDQtNWdmTlE1bGp6cUU2T3Z1MGY3cURHQWlOdjl4cVdsbUhFRWl1S3hqWjh3WDFHTm10cHJHd0UtUk8zWmRjSGJT?oc=5,2026-10-03T16:59:56+00:00,2026-10-06T06:25:21+00:00,0.4019,positive
9a5ef9d14f949e32,SOL,news,24/7 Wall St.,"Bitcoin, Ethereum, and Solana ETFs All Saw Outflows on the Last Day of the Quarter. What Happened?",https://news.google.com/rss/articles/CBMi6AFBVV95cUxOUmV2cm5kLXcxa1NURTI4SHRhTTRDdjMxOFRsZ0E5WnMxQjdaQnZMdnNWVHF4MWNtSEpRT1JMVWtHLUdIWmlScVBXaWdLTmplbkFzYUxtOHJsbDEySzNmYjBDeUpBbk5DZG5ldzh1enZMbHluajBBekg2bWc1OXBpRTNqam9iM2tHYWt5YWlac0lhZm5GZGFEZDBlcHFIQXd3R2NZcnRvRGhzdU1DaG5sdGs5VUhGN0o1cWlSOUhseVprN2dtVzFWeDNXMXFvNU5wN2dKY2dfOFhQd2tfSWpOMnB4VW1TWHUw?oc=5,2026-10-03T16:35:00+00:00,2026-10-05T16:15:01+00:00,-0.25,negative
9a5ef9d14f949e32,BTC,news,24/7 Wall St.,"Bitcoin, Ethereum, and Solana ETFs All Saw Outflows on the Last Day of the Quarter. What Happened?",https://news.google.com/rss/articles/CBMi6AFBVV95cUxOUmV2cm5kLXcxa1NURTI4SHRhTTRDdjMxOFRsZ0E5WnMxQjdaQnZMdnNWVHF4MWNtSEpRT1JMVWtHLUdIWmlScVBXaWdLTmplbkFzYUxtOHJsbDEySzNmYjBDeUpBbk5DZG5ldzh1enZMbHluajBBekg2bWc1OXBpRTNqam9iM2tHYWt5YWlac0lhZm5GZGFEZDBlcHFIQXd3R2NZcnRvRGhzdU1DaG5sdGs5VUhGN0o1cWlSOUhseVprN2dtVzFWeDNXMXFvNU5wN2dKY2dfOFhQd2tfSWpOMnB4VW1TWHUw?oc=5,2026-10-03T16:35:00+00:00,2026-10-05T16:15:01+00:00,-0.25,negative
9a5ef9d14f949e32,ETH,news,24/7 Wall St.,"Bitcoin, Ethereum, and Solana ETFs All Saw Outflows on the Last Day of the Quarter. What Happened?",https://news.google.com/rss/articles/CBMi6AFBVV95cUxOUmV2cm5kLXcxa1NURTI4SHRhTTRDdjMxOFRsZ0E5WnMxQjdaQnZMdnNWVHF4MWNtSEpRT1JMVWtHLUdIWmlScVBXaWdLTmplbkFzYUxtOHJsbDEySzNmYjBDeUpBbk5DZG5ldzh1enZMbHluajBBekg2bWc1OXBpRTNqam9iM2tHYWt5YWlac0lhZm5GZGFEZDBlcHFIQXd3R2NZcnRvRGhzdU1DaG5sdGs5VUhGN0o1cWlSOUhseVprN2dtVzFWeDNXMXFvNU5wN2dKY2dfOFhQd2tfSWpOMnB4VW1TWHUw?oc=5,2026-10-03T16:35:00+00:00,2026-10-05T16:15:01+00:00,-0.25,negative
877fb0d173f97072,ETH,news,Benzinga,"Ethereum Price Rally Stalls, But Key Catalysts Suggest Surge to $3,000 Possible",https://news.google.com/rss/articles/CBMiwAFBVV95cUxQbTJEOU8wTFVMc25DYlM2a0FfLXplX1dPeWJFbHNlRFU0UVg1M2h5a1pETUo4Q2c2UEZSejFwLVcySThtM3RDb1dJVnpBbW9aeEJjU1B3aFJYVWl3bmRGZDZwVEE5aTFPTy1nNmRiOUEzR3owUVUzaTlaMlVjdEE0YTBlTnZTQmtfTGdVQng1UFIwZ0xUTmhWamRFSlBmQmFtUjEyZ0NpOG1ESDdxRi1obkJZZndvRGJvSzJ1UmswZjQ?oc=5,2026-10-03T16:30:09+00:00,2026-10-05T16:15:01+00:00,0.7184,positive
a9401b32c3544013,BTC,news,24/7 Wall St.,Bitcoin ETFs Took In $6.3 Billion in Q3 and Are Up Only $1 Billion for 2026. Where Did the First Half's Money Go?,https://news.google.com/rss/articles/CBMi-wFBVV95cUxNNWhVa2lhNUJfelRfanRSREoxU25YNjRzUHdyM3IxWE5RbWF2dEU4elJKVmk4MVRfUWR1dUNiOHhrTFFHVDBjbzJKUXF3RDlkNjZhNE9JajAybFUyZ3ZWS1FHNUQyNS1XMkxOVGVSeWp1bDBBbWppaFYzZXhaeXlGdWFUVlFJcWNYZWp4OFNUX0p1VlU1U3FLNXBYeTUwazhIZkczSmo1QW1QY3NzZmYtYWtuMVJ4ekhxZk5lSU15cXBmald5NnhaR09iZzlYWTY3Mm53d29XOVhtMHhrUmNnSTNpYVgzR0JybDRKQXlIcjY3WW9Ud2VJT1FVZw?oc=5,2026-10-03T16:11:00+00:00,2026-10-06T00:05:48+00:00,0.0,neutral
reddit_1wwr044,SOL,reddit,r/solana,"Krutzky Trades Podcast - In The Trenches, With Vibhu | Ep 86 | Presented By Fomo & Solana",https://www.reddit.com/r/solana/comments/1wwr044/krutzky_trades_podcast_in_the_trenches_with_vibhu/,2026-10-03T16:10:20+00:00,2026-10-05T16:17:07+00:00,-0.3818,negative
reddit_1wwqsa9,SOL,reddit,r/solana,"ChainflowSol - Solana Validator Talks: September 25 - October 2, 2026",https://www.reddit.com/r/solana/comments/1wwqsa9/chainflowsol_solana_validator_talks_september_25/,2026-10-03T16:01:17+00:00,2026-10-05T16:17:07+00:00,0.128,positive
389d0134c0d199da,SOL,news,CoinDesk,"Crypto job postings triple to over 1,200 in September, but applications fall",https://news.google.com/rss/articles/CBMivAFBVV95cUxNalBXSHBodWpOUTBEWmNNUnZQY25HVzI1dWpGQk8zZFVUQndldXVkRTdwTUVDRzgxdFdteWpfVzg0dlZRUWlNSUU4Y2Flb256UWt4eTZ0bG1pQXpRUFBFSXhtYm5ST0I4aTVMdTVfTUx6QUl4ZkgyQ2E2ZnF1Zy01OW5ETVFndXJoZ19QbDJpZGFmeGo3LVFlN3ozdUFSU3YweTlfT1J5MEtaekhsbFhKTENYT3RDcV9PNmRlRg?oc=5,2026-10-03T16:00:00+00:00,2026-10-05T16:15:01+00:00,0.0,neutral
b5c8602a9c00c546,ETH,news,CoinDesk,Payments firm OpenPayd targets year-end Nasdaq listing to fund U.S. expansion and acquisitions,https://news.google.com/rss/articles/CBMiwgFBVV95cUxOUTQ0VFNUNktMT1FLVnFraGJmWHV2S0F6QlBIalVsMWFlYVlSRS1IanV1bUlqRkJWWnFmaGx3R2RQN2VHVnY3VE9NZDhCTW0zbWRqVFhCTnF4ZWdZRWQ5VGFyZVVfclRhOTU3WWxBTTZCRko0bGZPbjJyNmJEU0Rxbmt2RkE5M2V4VXVlVFVDUFBENERnOU9UZUlOdFhhSlVaWTVrVjdBVHR3QUhZc1U4cmNoTTF2TFNGdTRWblRWbDRTZw?oc=5,2026-10-03T16:00:00+00:00,2026-10-05T16:15:01+00:00,0.0,neutral
389d0134c0d199da,ETH,news,CoinDesk,"Crypto job postings triple to over 1,200 in September, but applications fall",https://news.google.com/rss/articles/CBMivAFBVV95cUxNalBXSHBodWpOUTBEWmNNUnZQY25HVzI1dWpGQk8zZFVUQndldXVkRTdwTUVDRzgxdFdteWpfVzg0dlZRUWlNSUU4Y2Flb256UWt4eTZ0bG1pQXpRUFBFSXhtYm5ST0I4aTVMdTVfTUx6QUl4ZkgyQ2E2ZnF1Zy01OW5ETVFndXJoZ19QbDJpZGFmeGo3LVFlN3ozdUFSU3YweTlfT1J5MEtaekhsbFhKTENYT3RDcV9PNmRlRg?oc=5,2026-10-03T16:00:00+00:00,2026-10-05T16:15:01+00:00,0.0,neutral
389d0134c0d199da,BTC,news,CoinDesk,"Crypto job postings triple to over 1,200 in September, but applications fall",https://news.google.com/rss/articles/CBMivAFBVV95cUxNalBXSHBodWpOUTBEWmNNUnZQY25HVzI1dWpGQk8zZFVUQndldXVkRTdwTUVDRzgxdFdteWpfVzg0dlZRUWlNSUU4Y2Flb256UWt4eTZ0bG1pQXpRUFBFSXhtYm5ST0I4aTVMdTVfTUx6QUl4ZkgyQ2E2ZnF1Zy01OW5ETVFndXJoZ19QbDJpZGFmeGo3LVFlN3ozdUFSU3YweTlfT1J5MEtaekhsbFhKTENYT3RDcV9PNmRlRg?oc=5,2026-10-03T16:00:00+00:00,2026-10-05T16:15:01+00:00,0.0,neutral
34729b4a08fe4dbb,SOL,news,CryptoTicker,Solana Price Prediction for October: The Range Ran From Minus 46 to Plus 80 Percent,https://news.google.com/rss/articles/CBMif0FVX3lxTE5xdlp4WGpmMW9mY3ZhVld3WUlia3JEbUgzZFhqcTFwWno5SG5iN2pRdjdqTUY5OS1CRW96dXlVeGRfVG9WQTFmbHFsaEtrallIZjJTdnAxUTZnR2dVcjRJdWdSamFoVUlzemlxNnZDYTNLbXAtTzkzU0YxaTBsQkk?oc=5,2026-10-03T15:17:10+00:00,2026-10-05T16:15:01+00:00,0.0,neutral
reddit_1wwpnhu,BTC,reddit,r/Bitcoin,Is Bitcoin divisible enough to power the world economy?,https://www.reddit.com/r/Bitcoin/comments/1wwpnhu/is_bitcoin_divisible_enough_to_power_the_world/,2026-10-03T15:12:54+00:00,2026-10-05T16:16:01+00:00,0.5845,positive
reddit_1wwpjlm,SOL,reddit,r/solana,Has a transaction preview ever stopped you from signing something bad?,https://www.reddit.com/r/solana/comments/1wwpjlm/has_a_transaction_preview_ever_stopped_you_from/,2026-10-03T15:08:23+00:00,2026-10-05T16:17:07+00:00,0.6187,positive
reddit_1wwp1fu,SOL,reddit,r/solana,"Blockworks Report - Solana Processed A Record 14.2B Non-vote Transactions In Q3, Up 45% From Q2",https://www.reddit.com/r/solana/comments/1wwp1fu/blockworks_report_solana_processed_a_record_142b/,2026-10-03T14:46:52+00:00,2026-10-05T16:17:07+00:00,0.0,neutral
reddit_1wwoywo,SOL,reddit,r/solana,"THIS WEEK IN MEDIA - 9/25-10/1, 2026",https://www.reddit.com/r/solana/comments/1wwoywo/this_week_in_media_925101_2026/,2026-10-03T14:44:06+00:00,2026-10-05T16:17:07+00:00,0.2732,positive
reddit_1wwoswv,BTC,reddit,r/Bitcoin,Lets pump it up🚨📈,https://www.reddit.com/r/Bitcoin/comments/1wwoswv/lets_pump_it_up/,2026-10-03T14:36:45+00:00,2026-10-05T16:16:01+00:00,0.6908,positive
reddit_1wwor4h,BTC,reddit,r/CryptoCurrency,The BTC Power Law Curve from Beginning to 10/1/2026,https://www.reddit.com/r/CryptoCurrency/comments/1wwor4h/the_btc_power_law_curve_from_beginning_to_1012026/,2026-10-03T14:34:32+00:00,2026-10-05T16:17:07+00:00,0.0,neutral
reddit_1wwnwoe,BTC,reddit,r/Bitcoin,Getting a Mortgage when you are a Bitcoiner,https://www.reddit.com/r/Bitcoin/comments/1wwnwoe/getting_a_mortgage_when_you_are_a_bitcoiner/,2026-10-03T13:57:28+00:00,2026-10-05T16:16:01+00:00,0.3313,positive
31c4cf44cbcc9af4,BTC,news,Yahoo Finance,"Bitcoin Investors Who Bought Last Year's Rally Are Selling As Price Nears Their Break-Even, Glassnode Says",https://news.google.com/rss/articles/CBMiogFBVV95cUxPamVMYVZFSmI1TmhSMktuakh5Zkw1OVJzaW13NVByaEpQYWs1UjF3eFZSUXdsTm5iTTk5YmtXNXFMSVhsd25URkhIaHBQN1BrVHl2eFBZaGpGYkl4YkNBWE9TaGgwd3NCR0NVbEJSZFNlN3ZOc1cwaDh0amREN3BPZGRXWmlMcW1nMWRfUnQxWVh6MUU4eFNfSlVmVEtGRWpmUGc?oc=5,2026-10-03T13:37:21+00:00,2026-10-05T16:15:01+00:00,0.4588,positive
reddit_1wwn7fy,BTC,reddit,r/Bitcoin,Bitcoin Series Season One is here:,https://www.reddit.com/r/Bitcoin/comments/1wwn7fy/bitcoin_series_season_one_is_here/,2026-10-03T13:24:50+00:00,2026-10-05T16:16:01+00:00,0.9589,positive
e05946e4fa019e05,ETH,news,CoinDesk,Crypto's Sisyphean struggle,https://news.google.com/rss/articles/CBMie0FVX3lxTE56Y1JNTlJncFg3UGgwWWExaWp4TWV2ODFvUWtMeWRXelQ0NjZ1Q1g1S1l4MGZMWGVCOWlvUkt2QVVYSHdzM2dhN0p0V2NyUEtvT2M4UnZ0eTlBS2JNanpPSkNxZzdYekNvYnBhMTBjb1RjQnBhWGc4WC1ldw?oc=5,2026-10-03T13:00:00+00:00,2026-10-05T16:15:01+00:00,-0.3182,negative
e05946e4fa019e05,BTC,news,CoinDesk,Crypto's Sisyphean struggle,https://news.google.com/rss/articles/CBMie0FVX3lxTE56Y1JNTlJncFg3UGgwWWExaWp4TWV2ODFvUWtMeWRXelQ0NjZ1Q1g1S1l4MGZMWGVCOWlvUkt2QVVYSHdzM2dhN0p0V2NyUEtvT2M4UnZ0eTlBS2JNanpPSkNxZzdYekNvYnBhMTBjb1RjQnBhWGc4WC1ldw?oc=5,2026-10-03T13:00:00+00:00,2026-10-05T16:15:01+00:00,-0.3182,negative
reddit_1wwm8xx,BTC,reddit,r/Bitcoin,How to holiday in Thailand using bitcoin.,https://www.reddit.com/r/Bitcoin/comments/1wwm8xx/how_to_holiday_in_thailand_using_bitcoin/,2026-10-03T12:38:33+00:00,2026-10-05T16:16:01+00:00,0.926,positive
f3dc5ed74c6befa6,ETH,news,CryptoTicker,Ethereum Price Prediction: Ether ETF Outflows,https://news.google.com/rss/articles/CBMiiwFBVV95cUxOWFZ6cG1FRzZ4TzB1M2ZxaTljcWNQWVYtRzd4dEtvdGlUVllvdld1MDN3aHR4cDYtZnMtY0pHa2Y5bHJ3TlE2ZWp3ODdwS3dLT2NrcEFMNEtkTmRpYkFVYnBCcWF0ZmQ5NTR0WVlTU1RNdjBaOWpDTzJ0bExEcjdMNzJ5Sy1aTEFpNGdr?oc=5,2026-10-03T12:22:41+00:00,2026-10-05T16:15:01+00:00,-0.25,negative
ac0553538bf9c1d4,BTC,news,Yahoo Finance,Bitcoin headed 'in bullish direction' as investors bet on Fed pause: Chart of the Day,https://news.google.com/rss/articles/CBMi1gFBVV95cUxOVmZubFF3QVFPY3cwX1dGR3BxWFNzSnliMlZSNXJONi0yYjREM3VjWkxFMHFTRzBMeG5QS25PX05abmhfOTdWN1BnOFcxX1BlWFIyY296emdlVGFqUHFIN24xZXQ1cGtaUDFqZ3pxSXNpOUlVaDhOeDdRQklSTGM1MDhXSTRPeFJzNnU5MUc4SWpidUFsekE0eGh4dFQ4WllMaC1XUThKcE83a0RFWllLMTNwMmFTdk1RaVBSS2hLU1ctOXlpYUJZY1RPdkl3UUZoU2VIYzJB?oc=5,2026-10-03T12:06:31+00:00,2026-10-05T16:15:01+00:00,0.5423,positive
aab0a58ba82ee1a5,BTC,news,Yahoo Finance,"We Asked ChatGPT, Claude and Grok If Citi’s $113,000 Bitcoin Target Arrives Before October 2027",https://news.google.com/rss/articles/CBMimwFBVV95cUxQOWxrTDAwWG1UOGlWSTBZSi1DVG96TTF1djJQUnFiNWpBM2RWamkzZXBibTl4amswTU53TWVTSHNEOTdDWGZmazhzMWZUcHJMREpLejZRMjc5T09fVHZmenR5R1FhSGY2aExUdHUtcEJnZ0tWT040UG4wdGFHbGJGN0lBR0pRLXZKQm8yTXh1M2hkNVozenR6UFFhbw?oc=5,2026-10-03T12:04:47+00:00,2026-10-05T16:15:01+00:00,0.0,neutral
dc741162819b70b9,BTC,news,24/7 Wall St.,"We Asked ChatGPT, Claude and Grok If Citi's $113,000 Bitcoin Target Arrives Before October 2027",https://news.google.com/rss/articles/CBMi5AFBVV95cUxQYzBubFVFRlpNSlFIdVZ4cUhpdFhPZHlVWm5sTnB0alM2TUFNenZKYUZvc0F0S3ZueFFBeXh1a3pGRS1RZDN0NlVaSDNLc2tlLWp5bFVRMVRLTWQ4MFI5eldEc0M3THI4bEhfQ2dNOWNHN216QVZUYWJYTHJ3MlFheFhDa3QzVHNCNlFmampuaGpQSk9DSGVvcXZaZUNRcFBEd2JBeFJ2emM5SnE2REFhMUlZcnVjZkxKSGNYWGlka0dYa3VUNmlNX0hDSzQ1YmU2dzVycy01ZUJuckdQZUt6MnlRWXk?oc=5,2026-10-03T12:04:00+00:00,2026-10-05T16:15:01+00:00,0.0,neutral
reddit_1wwkr2z,BTC,reddit,r/Bitcoin,Do you have an end goal?,https://www.reddit.com/r/Bitcoin/comments/1wwkr2z/do_you_have_an_end_goal/,2026-10-03T11:17:32+00:00,2026-10-05T16:16:01+00:00,0.3736,positive
reddit_1wwkk5t,BTC,reddit,r/Bitcoin,Goodbye my dear btc hodl friends,https://www.reddit.com/r/Bitcoin/comments/1wwkk5t/goodbye_my_dear_btc_hodl_friends/,2026-10-03T11:06:28+00:00,2026-10-05T16:16:01+00:00,-0.0036,neutral
reddit_1wwk89c,BTC,reddit,r/Bitcoin,I mean what else to do?,https://www.reddit.com/r/Bitcoin/comments/1wwk89c/i_mean_what_else_to_do/,2026-10-03T10:46:33+00:00,2026-10-05T16:16:01+00:00,0.0,neutral
reddit_1wwk2rj,BTC,reddit,r/Bitcoin,I wanna know everyone's luckiest and unluckiest BTC experiences,https://www.reddit.com/r/Bitcoin/comments/1wwk2rj/i_wanna_know_everyones_luckiest_and_unluckiest/,2026-10-03T10:36:59+00:00,2026-10-05T16:16:01+00:00,0.875,positive
67b55f27a5949ad9,BTC,news,Yahoo Finance,Bitcoin to $1.3M? Sovereign Fund Sells Gold for Crypto as Matt Hougan Eyes Major Gains,https://news.google.com/rss/articles/CBMilwFBVV95cUxPZmo4cWcyZ0dKNm1rdWFPQjh2VWk0NlpaVlBzRnkwTzI2SmR2UlZLQ1NvUXh2ODVtVG5kbmNFYThNdUUxaXVaVTlWR2xvSC1oUUxjY1k4anJFSWhsdGhlM2RBblE0RGVZUnRwdm5GY1Q1Mi1qdFdlWHFIMFNyYl9McUttb1hTZTN2MGo0WXdHQkoxLTFaRkJ3?oc=5,2026-10-03T10:23:01+00:00,2026-10-05T16:15:01+00:00,0.4005,positive
dd78be61cdd05225,SOL,news,The Motley Fool,Looking For a Crypto ETF With Upside Potential? These 3 ETFs Are Worth a Closer Look.,https://news.google.com/rss/articles/CBMimAFBVV95cUxPQXVxaUVzZ28xVFlQeWRUazc4QkxNamJKQXdkUng1M2pfSEhkNVJHeERpZHMtT1lQZG5RME9xNDk1TFMzNHNoS3BWQ1hLTG1LUzBkNGsxaDBRd05IN2xMQ1lQMjRyQ0luUlBHWjAtTWJsN19sZXktYk5iRlBlRDlzYzJMczdKQkhkcngtZjZ6SVpjaUdHS3R0NA?oc=5,2026-10-03T10:00:00+00:00,2026-10-05T16:15:01+00:00,0.2263,positive
dd78be61cdd05225,ETH,news,The Motley Fool,Looking For a Crypto ETF With Upside Potential? These 3 ETFs Are Worth a Closer Look.,https://news.google.com/rss/articles/CBMimAFBVV95cUxPQXVxaUVzZ28xVFlQeWRUazc4QkxNamJKQXdkUng1M2pfSEhkNVJHeERpZHMtT1lQZG5RME9xNDk1TFMzNHNoS3BWQ1hLTG1LUzBkNGsxaDBRd05IN2xMQ1lQMjRyQ0luUlBHWjAtTWJsN19sZXktYk5iRlBlRDlzYzJMczdKQkhkcngtZjZ6SVpjaUdHS3R0NA?oc=5,2026-10-03T10:00:00+00:00,2026-10-05T16:15:01+00:00,0.2263,positive
reddit_1wwizei,BTC,reddit,r/Bitcoin,To those people who DCA,https://www.reddit.com/r/Bitcoin/comments/1wwizei/to_those_people_who_dca/,2026-10-03T09:28:05+00:00,2026-10-05T16:16:01+00:00,0.0,neutral
6f5b8a61a00bd465,SOL,news,Bitcoin Foundation,Best Crypto to Buy Before the Next Crash: Top 5 Coins to Watch Through the End of 2026,https://news.google.com/rss/articles/CBMimAFBVV95cUxNMjRmTU9zUEFUYzFRT1RocDRuVUlDQklRTGxCeW8tMWxLNV9BclZGSGRoZl9WQW5CUDA0bU91X3c5bWhpMGlZRm9sNW91V0ZYQmVmVXl3TjlKVmwwY0d1enluU3N4TlRiSlBmNjFOQ01Ia0VIUlIzdGJ6MWZoX2dmYmNHNjhBaU5hQ0R4b05HbVN2X21ZbWx1Mw?oc=5,2026-10-03T08:47:19+00:00,2026-10-05T16:15:01+00:00,0.25,positive
6f5b8a61a00bd465,ETH,news,Bitcoin Foundation,Best Crypto to Buy Before the Next Crash: Top 5 Coins to Watch Through the End of 2026,https://news.google.com/rss/articles/CBMimAFBVV95cUxNMjRmTU9zUEFUYzFRT1RocDRuVUlDQklRTGxCeW8tMWxLNV9BclZGSGRoZl9WQW5CUDA0bU91X3c5bWhpMGlZRm9sNW91V0ZYQmVmVXl3TjlKVmwwY0d1enluU3N4TlRiSlBmNjFOQ01Ia0VIUlIzdGJ6MWZoX2dmYmNHNjhBaU5hQ0R4b05HbVN2X21ZbWx1Mw?oc=5,2026-10-03T08:47:19+00:00,2026-10-05T16:15:01+00:00,0.25,positive
6f5b8a61a00bd465,BTC,news,Bitcoin Foundation,Best Crypto to Buy Before the Next Crash: Top 5 Coins to Watch Through the End of 2026,https://news.google.com/rss/articles/CBMimAFBVV95cUxNMjRmTU9zUEFUYzFRT1RocDRuVUlDQklRTGxCeW8tMWxLNV9BclZGSGRoZl9WQW5CUDA0bU91X3c5bWhpMGlZRm9sNW91V0ZYQmVmVXl3TjlKVmwwY0d1enluU3N4TlRiSlBmNjFOQ01Ia0VIUlIzdGJ6MWZoX2dmYmNHNjhBaU5hQ0R4b05HbVN2X21ZbWx1Mw?oc=5,2026-10-03T08:47:19+00:00,2026-10-05T16:15:01+00:00,0.25,positive
4eb5ace69521366a,SOL,news,Cryptonews.net,Solana Achieves Record 14.2B Non-Vote Transactions in Q3,https://news.google.com/rss/articles/CBMiWkFVX3lxTE05Vi1obWhpaFJFZlBZR0R1elA2SjZVcG5OZjluVjlVVFlWZWpzVlp0RlpfdTlIU0RkeWNXYWttRUczZ1d2MXhGcmJaWW9WcFlYNUpjUDBTeFdSUQ?oc=5,2026-10-03T08:32:36+00:00,2026-10-05T16:15:01+00:00,0.0,neutral
reddit_1wwh9r5,BTC,reddit,r/Bitcoin,2of3 vs 13./25. word?,https://www.reddit.com/r/Bitcoin/comments/1wwh9r5/2of3_vs_1325_word/,2026-10-03T07:38:42+00:00,2026-10-05T16:16:01+00:00,0.327,positive
reddit_1wwgxl7,SOL,reddit,r/solana,Solo First time crypto event: anyone else going to Breakpoint? (London),https://www.reddit.com/r/solana/comments/1wwgxl7/solo_first_time_crypto_event_anyone_else_going_to/,2026-10-03T07:17:11+00:00,2026-10-05T16:17:07+00:00,0.7622,positive
reddit_1wwgt8o,BTC,reddit,r/Bitcoin,need to get my bitcoin off the exchanges,https://www.reddit.com/r/Bitcoin/comments/1wwgt8o/need_to_get_my_bitcoin_off_the_exchanges/,2026-10-03T07:09:53+00:00,2026-10-05T16:16:01+00:00,0.6369,positive
reddit_1wwgo8h,BTC,reddit,r/Bitcoin,Smoking long bitcoin,https://www.reddit.com/r/Bitcoin/comments/1wwgo8h/smoking_long_bitcoin/,2026-10-03T07:01:30+00:00,2026-10-05T16:16:01+00:00,0.3612,positive
reddit_1wwgnrx,BTC,reddit,r/Bitcoin,"Daily Discussion, October 03, 2026",https://www.reddit.com/r/Bitcoin/comments/1wwgnrx/daily_discussion_october_03_2026/,2026-10-03T07:00:51+00:00,2026-10-05T16:16:01+00:00,0.9272,positive
b9ef31314d0e82f7,ETH,news,Crypto News,"Crypto ETF flows split as Bitcoin gains $82.9m, Ethereum bleeds",https://news.google.com/rss/articles/CBMifkFVX3lxTE9rRmZtMU9vb2FPQ3BfaTVaa3NNelJaZzFkSzVqNUt1X0E3MFZOc0pfUnREdTJacEJJbEVJWUxOMk9XYm5PSlR1OU9sM19yZmotOGU3Qlp6dHlxZVhROWZJSzNqVGd2dkxUay1OTFAtVnlQbl9taXlmYjF3Y2h3Zw?oc=5,2026-10-03T06:57:00+00:00,2026-10-06T00:05:48+00:00,0.34,positive
318d581bf9f6204e,ETH,news,CryptoRank,Massive Ethereum Awakening: Why 580M in Dormant ETH Just Moved Without Crashing Price,https://news.google.com/rss/articles/CBMixAFBVV95cUxQSE1jVXl0TzN2TGhhcjNtVUUyVFRpal90dWlyeXI3N0xtemZQYWx3WWhvanZMdW52am9OT1FuRFY0LWhFTUdsbzI5QTQxS3hyMEJ2RlpCN09pb3NvWFZ4UHpnemY4WDFkUEtzSk94bmhsUVpfaWVNMWVHWXdqektMekRQM3g3aGtWbmNYT0ZhckJhTjE4Z01uTjJTcWVMenZhelBzc1RISVZ6alJJTVhMMmdYSjBPZXRBWVkwZVR1OFI0VmM0?oc=5,2026-10-03T06:44:11+00:00,2026-10-05T16:15:01+00:00,0.0,neutral
reddit_1wwg5z5,BTC,reddit,r/Bitcoin,today is tomorrow's yesterday,https://www.reddit.com/r/Bitcoin/comments/1wwg5z5/today_is_tomorrows_yesterday/,2026-10-03T06:30:29+00:00,2026-10-05T16:16:01+00:00,0.0,neutral
reddit_1wweo0e,ETH,reddit,r/ethereum,"Daily General Discussion October 03, 2026",https://www.reddit.com/r/ethereum/comments/1wweo0e/daily_general_discussion_october_03_2026/,2026-10-03T05:01:11+00:00,2026-10-05T16:17:07+00:00,0.7393,positive
reddit_1wwdufw,BTC,reddit,r/Bitcoin,Borrow $10k at 7%? Borrow $10k and put Bitcoin as collateral? Or just keep DCAing? (Assuming Bitcoin hits $150k in 2027),https://www.reddit.com/r/Bitcoin/comments/1wwdufw/borrow_10k_at_7_borrow_10k_and_put_bitcoin_as/,2026-10-03T04:13:56+00:00,2026-10-05T16:16:01+00:00,0.7319,positive
reddit_1wwdkar,BTC,reddit,r/Bitcoin,It’s too volatile,https://www.reddit.com/r/Bitcoin/comments/1wwdkar/its_too_volatile/,2026-10-03T03:58:22+00:00,2026-10-05T16:16:01+00:00,0.0,neutral
f97830d023f32d1d,ETH,news,StreetInsider,"Ethereum, XRP or an Earlier PayFi Entry? Remittix Sets Its Final Presale Stage at $0.46",https://news.google.com/rss/articles/CBMi5AFBVV95cUxQdUdzRGpGSW9RY196N3VDNXFvUER0X0dSVU9LRjJzLUp3TFp0UUkxYVFTM2xkOHF4OFN0eE44S24ydmdqQnVyR25ScUxxWVZRTzBMQ3dPZXlCR1V4bXhaNjZ6Zm55djJ1ajBUZTNEMUpPNmh5LXd0LWszT0FLS2Y3QXMyaFUtRmdhOXZzWWV4OUJ0NHE1RnZmQWtJNldOdzJ4a1VJMWxncXJQQkVESjZUOGFlMlpvTFpOeDBYTlJwdmZxbnZkdFJ4cXdqN25famhHaUd1OXNBdURYQktRTUxPZ19wdVE?oc=5,2026-10-03T03:29:05+00:00,2026-10-05T16:15:01+00:00,0.0,neutral
reddit_1wwbs6u,BTC,reddit,r/Bitcoin,Run a node and feel the economic energy at your fingertips.,https://www.reddit.com/r/Bitcoin/comments/1wwbs6u/run_a_node_and_feel_the_economic_energy_at_your/,2026-10-03T02:21:34+00:00,2026-10-05T16:16:01+00:00,0.9447,positive
3dec5d3b197f8069,BTC,news,TradingView,"SEC approves 3x leveraged Bitcoin and Ether ETPs, but trading has to wait",https://news.google.com/rss/articles/CBMi0wFBVV95cUxNRXVPdjVvdE1LdWlWOHE3X0QtejBvVXNRMHlOVDVHclhjdGwzOGk2dnNkT1FrZUN6OE5zNHpJNHk3N0ZkVHlWRmlidmlqSkd0dGs3T213bzhlZTRVZVIwRk91R2xROWNFR0FMc3B2ZVlkSnNuLXI2R2I2c1U4QmxxZ3BqX2tyS2pzbW03MGpmNXBxTmlGVGJoek9DZU9fTU50aWlNbS1EcV9JcXlRXzN5QjkwQy13NUdOOEZ1eDFhWWVXdzd5aFIzUXpVNXUwRnpoVnVz?oc=5,2026-10-03T01:46:00+00:00,2026-10-06T00:05:48+00:00,0.2144,positive
reddit_1wwb0j9,BTC,reddit,r/Bitcoin,"RE: BITCOIN will be 250,000 in 1 YEAR!",https://www.reddit.com/r/Bitcoin/comments/1wwb0j9/re_bitcoin_will_be_250000_in_1_year/,2026-10-03T01:40:28+00:00,2026-10-05T16:16:01+00:00,0.9735,positive
aed190b9e47b68d5,SOL,news,Yahoo Finance,"We Asked AI Which Coin Will Finish October on Top: XRP, Solana, Hyperliquid, or NEAR",https://news.google.com/rss/articles/CBMimAFBVV95cUxQZTZiQ2pWT3d4X21XWWlXQmx2dTJJRi1tZklfNHNZUzlrTkkyZDFfT3BqZjkyX1BvWVdtUkdTSWlIdC1GQnpTTlRvYW9GWmF6bE4ybVVjVFVrZEdkWWlseEtQTlZ0OVh4V3dfbDJYVWJlNmRkRThHQTlWTTRPUmZ4dFNtdENRRnVqcE9qbjk0ZDhPSUVXRmdoSA?oc=5,2026-10-03T01:38:00+00:00,2026-10-05T16:15:01+00:00,0.2023,positive
aed190b9e47b68d5,ETH,news,Yahoo Finance,"We Asked AI Which Coin Will Finish October on Top: XRP, Solana, Hyperliquid, or NEAR",https://news.google.com/rss/articles/CBMimAFBVV95cUxQZTZiQ2pWT3d4X21XWWlXQmx2dTJJRi1tZklfNHNZUzlrTkkyZDFfT3BqZjkyX1BvWVdtUkdTSWlIdC1GQnpTTlRvYW9GWmF6bE4ybVVjVFVrZEdkWWlseEtQTlZ0OVh4V3dfbDJYVWJlNmRkRThHQTlWTTRPUmZ4dFNtdENRRnVqcE9qbjk0ZDhPSUVXRmdoSA?oc=5,2026-10-03T01:38:00+00:00,2026-10-05T16:15:01+00:00,0.2023,positive
94cd1be88ce557db,BTC,news,Law360,Crypto Investors Denied Early Win Against Bitcoin Latinum,https://news.google.com/rss/articles/CBMirgFBVV95cUxOeGJuaWo4cHl0bUNHclFxRkJsR2pfZFpKNWxWUVRtV2Q3S1hCVmFqNC1PQkkxUlJGcUxuSVVHZjZVMkJHU0lNbV94dENnU1hmN2drVUdZYU9GOTJTTnpiU2RkQ3FpZ2dmNlRBT05RZFVUbHpoQmZzeWNYcUVmdll0MWNIbUphT3k1WUF1TGwxa2wwZnl0U2JqdDNrR2thNjhOT2pNb2tPM29Ya0FSZnfSAVZBVV95cUxPS2dZd1BmeUJreFU2UXNvbnZDbWQtUEFYYm02OEtpbEVnOGpDMUxoS1d5Y3haMTRsbGo2ZC1TTlJQUEtDMElNYUZxRzRQazdaTjdzeE5HQQ?oc=5,2026-10-03T01:36:03+00:00,2026-10-05T16:15:01+00:00,0.2263,positive
92a2e3b573b57dfb,BTC,news,24/7 Wall St.,"Bitcoin, Ethereum or XRP: We Asked AI Models Which Gets Back to Its All-Time High First",https://news.google.com/rss/articles/CBMi3AFBVV95cUxNU1dMWVlIRzN3YzZwVm1UVnE2dUFFdFowVXhyRGNZa1hvXzYxaTVlZTRqX3Y3MXBzalctS1pUTUc1anBIT3A4STh4VjUzZzBmQ0V4ZkdvTm91WGRlV09DcXZNOEJiS0l4SWFkbVRMakQ1VFJ6Zzd5S2FLWnhIUXlfVEthcnRRVnpXOXJvbkI4QnNtaFNoZTdsNmx3Q283dm5ydVk0QnZlZnlua1ozMThsSDFjNkNUUVFpeW13THQyYjJsWGpzbldMX1U3QmVTR3g2c1gydlZUdm1hZ2h6?oc=5,2026-10-03T01:31:00+00:00,2026-10-05T16:15:01+00:00,0.0,neutral
92a2e3b573b57dfb,ETH,news,24/7 Wall St.,"Bitcoin, Ethereum or XRP: We Asked AI Models Which Gets Back to Its All-Time High First",https://news.google.com/rss/articles/CBMi3AFBVV95cUxNU1dMWVlIRzN3YzZwVm1UVnE2dUFFdFowVXhyRGNZa1hvXzYxaTVlZTRqX3Y3MXBzalctS1pUTUc1anBIT3A4STh4VjUzZzBmQ0V4ZkdvTm91WGRlV09DcXZNOEJiS0l4SWFkbVRMakQ1VFJ6Zzd5S2FLWnhIUXlfVEthcnRRVnpXOXJvbkI4QnNtaFNoZTdsNmx3Q283dm5ydVk0QnZlZnlua1ozMThsSDFjNkNUUVFpeW13THQyYjJsWGpzbldMX1U3QmVTR3g2c1gydlZUdm1hZ2h6?oc=5,2026-10-03T01:31:00+00:00,2026-10-05T16:15:01+00:00,0.0,neutral
19a50a8dbf7c69e5,ETH,news,CryptoRank,"Blast to Shut Down Ethereum Layer 2, Sets October 26 Withdrawal Deadline",https://news.google.com/rss/articles/CBMie0FVX3lxTFBlRnZ2WFBCVWZ0Y0hnaHgwdVFlc1lYVFFMeUNfSnJJcTNmU0FFaWswZDNHbnJvZzg1U3l5bHZoaDlEdlJMYm1GOTcyajN5enJ1NTJJcnEwRE9aTy1fam1YXzRkeGVtdzQ4cGZFLU8zT2VpdnFmN0ZHRHlPZw?oc=5,2026-10-03T01:06:51+00:00,2026-10-05T16:15:01+00:00,0.0258,neutral
8fc8b94683e9132d,SOL,news,24/7 Wall St.,How High Can Solana Go in 2026 After a 48% Quarter?,https://news.google.com/rss/articles/CBMirAFBVV95cUxORXZIQlRTay1oWTRkNEJiYUdSNTZWTVJMM1NiRHJkcTROaUh2STQ2YkdPdFJLb053dGZQT08yTmYwOUVGV2YyTHdzWXpDMW1IZXNhV0VkNkpRYVd0ck9UM0VGT0JlYjJsaDBBY3U1Mkk3LVVHUmlYeHVnMTNWaXFkRnFLd3U0WHc2TG1xazluQTZtOWJjVWhxN3NZOGZZbG9xaDJiZzJvYTVhb2JD?oc=5,2026-10-03T01:03:00+00:00,2026-10-05T16:15:01+00:00,0.0,neutral
reddit_1ww99iy,BTC,reddit,r/Bitcoin,Buy more bitcoin,https://www.reddit.com/r/Bitcoin/comments/1ww99iy/buy_more_bitcoin/,2026-10-03T00:09:37+00:00,2026-10-05T16:16:01+00:00,0.0,neutral
b79ae7ccb9cfbb17,SOL,news,techbullion.com,Solana Tackles a $150 Target as Remittix Sets November 24 for RTX Launch,https://news.google.com/rss/articles/CBMinAFBVV95cUxQVEZxdjAtQ0hEWVB1andsSUNBNVFPWi1PbzBvakxoX0RaV3RaZ21obTdzRWR4RlRaVjhZV3g0M1JOeWR2YmdKSDltVnZWUmpKNm9hdFVPU0x4QzJ3ZXNWVnB5UFd2OTVLQ09FSnJlQ2p6aHYtWHVRYTRPNzFkVUxvcUlwMnBiYjZvbFQtZUJ1aHRDS1BCRDdyck9jTjY?oc=5,2026-10-03T00:04:45+00:00,2026-10-05T16:15:01+00:00,0.0,neutral
reddit_1ww8lk3,SOL,reddit,r/solana,Solana Staking Wrong Amount Did I lose All of it??,https://www.reddit.com/r/solana/comments/1ww8lk3/solana_staking_wrong_amount_did_i_lose_all_of_it/,2026-10-02T23:37:52+00:00,2026-10-05T16:17:07+00:00,-0.7319,negative
reddit_1ww8itp,BTC,reddit,r/Bitcoin,Tax free exit for crypto whales,https://www.reddit.com/r/Bitcoin/comments/1ww8itp/tax_free_exit_for_crypto_whales/,2026-10-02T23:34:18+00:00,2026-10-05T16:16:01+00:00,0.9559,positive
reddit_1ww7zpr,BTC,reddit,r/Bitcoin,Do I quit my job and travel for a year or keep stacking corn?,https://www.reddit.com/r/Bitcoin/comments/1ww7zpr/do_i_quit_my_job_and_travel_for_a_year_or_keep/,2026-10-02T23:09:15+00:00,2026-10-05T16:16:01+00:00,0.5849,positive
da10168eb38ab817,SOL,news,CryptoRank,North Dakota’s Roughrider Coin Goes Live on Fiserv and Solana,https://news.google.com/rss/articles/CBMinwFBVV95cUxQLWcyWU9FREgzR1pXWmg3ekZrUGxqY212N2g4MFFQRjFqUl96T0RPd2VKTUZhTER3Tm1fWWUzUTJfWGR0RUNKMl9kc1pVZWZxQ3B6WWRBaU5VTlhmcFFKVkVYWi1sbi1ScmJRMC10M1M0WV9zdjhVR1AxQ2lLbDNOZDg0c0hGOGhoMnB5MWw2NFBLTHFrbWZudkt2RVpCV28?oc=5,2026-10-02T22:46:10+00:00,2026-10-05T16:15:01+00:00,0.0,neutral
fa0a8a80fc0280aa,ETH,news,CryptoRank,"Ethereum’s $2,800 Test Will Set the Tone for Altcoins This October",https://news.google.com/rss/articles/CBMiowFBVV95cUxOWnFiTXQxYWJVa28wd2xHcVZHamt2ZGRyQjdDeHVhdC04OEN0X3BmMmhXMmNRalVDaE1CMHd0LTc5SWxPQ0xYWXZaRW1aekFWNjhUd0ZpamYzSVY4Smh5cW5hYWdGc19lTDMxN3dUZzJPNFhTZ2xaaFphYlM1Y29sU1FvWHNTU01ZVDdGck1SN2V3dlFfX2ZHejh4WUg0R1UwZjk4?oc=5,2026-10-02T22:43:57+00:00,2026-10-05T16:15:01+00:00,0.0,neutral
reddit_1ww7dtr,BTC,reddit,r/Bitcoin,Looking for a mentor/educator.,https://www.reddit.com/r/Bitcoin/comments/1ww7dtr/looking_for_a_mentoreducator/,2026-10-02T22:40:24+00:00,2026-10-05T16:16:01+00:00,0.935,positive
1d28b770a4bc4d9d,BTC,news,Yahoo Finance,Weekly Wrap: Crypto Rallies To Start ‘Uptober’,https://news.google.com/rss/articles/CBMingFBVV95cUxPdEFqLXR3UWUxcXhpYVBJdDYzMUotbk85ZGVYRWlYN2FOZFBmV3ZxcG81YXE5YUNtUl9pZW1XMnBDQXlVWXB3cklUNGFoVEFxZGRkMWxjeER5YkhGY1ZmY09zSEZDcTlwcUxXLWdxOGk3OWEtdVVJNWk0NGlXejZYVC1XbGpqNVh3dzNic1NpaThOUEcyR2p2TW9zYW9VZw?oc=5,2026-10-02T22:38:00+00:00,2026-10-05T16:15:01+00:00,0.4588,positive
f420fdb785de8774,SOL,news,techbullion.com,Solana Price Prediction: A $200 SOL Scenario Puts Remittix's November 24 Launch on the Same Watchlist,https://news.google.com/rss/articles/CBMiwAFBVV95cUxQbVh2R0pScnFFc2pkdVZNRUhHT2Q0eW9DRzRpUXhYZjRZb3pfXzN0ck1vaWh1dFdPdWxUdm9nUW9Lb3I2cE5WQ2Yya29QWThoQ3R2QXBKRXB5d2Q3RVkyVHdQckNZMUNodzRfbXhZeGpBSFlJSXR2UUJGYTg2ZGdVUkZMU2M1Ym41a25BLUlKR3BscmYxbmhIZWo0OXhadVEyZkZtUllHbDZTMWxuLVZIUnJoRWRJLXBKUmdBUEt1UXA?oc=5,2026-10-02T22:21:39+00:00,2026-10-05T16:15:01+00:00,0.0,neutral
reddit_1ww6c84,BTC,reddit,r/Bitcoin,Best Investment I’ve ever tried.,https://www.reddit.com/r/Bitcoin/comments/1ww6c84/best_investment_ive_ever_tried/,2026-10-02T21:53:44+00:00,2026-10-05T16:16:01+00:00,0.9366,positive
e4b8702436bbeaec,ETH,news,newscord.org,"Blast Shuts Down Ethereum Layer 2, Sets October 26 Withdrawal Deadline: how 13 outlets framed it",https://news.google.com/rss/articles/CBMizwFBVV95cUxPa1VMN0JnQ2RqbHFXWGtONUFsVGQtbHF4WUlCSnZGM0Joc3YxVldTSGwyUEpNSEJJYzd4b2ZDX2ZHblY4T0dCa0s5VnBXOFk4MDBSSG9lQzNyWGxCemg5Z1hUajFPczhsTDFKYmpZV1JkdjdVMGNVLWFRaDVXN19UeC1FSEFvM0FDNm8waDVyQ3lFSVd3c0dTbHpBY3BHclhBNkNZM2tQRTNzblRIdnBMX2t6R0lLb01iVkNkclY0M1RrTG55bDMzNkNnTjdDTnc?oc=5,2026-10-02T21:37:31+00:00,2026-10-05T16:15:01+00:00,0.0258,neutral
ec2190ea164e39ca,BTC,news,Reuters,Community banks sue US regulator over crypto firm charters,https://news.google.com/rss/articles/CBMiogFBVV95cUxQV3M1NUpPd3A1WnBjS3FSeDhuQ3d6aC1BdUZNNml4U1JLX1RaWkJ3Y0xhRHhwb01TNUhOTjlxZlhWWXN2MG5EbkpZbXNZR2haU0F1MVJXR0o4cnhHNnpiOUNnY296aXRUOHI5a3l5MXIyYXMxb2RZOENNdTdveVJTRldXYUw3Um5kTGswMl9XNFFMTzNRMGZzaDE3dDlvdkNuYnc?oc=5,2026-10-02T21:28:22+00:00,2026-10-05T16:15:01+00:00,0.0,neutral
a792acffc67634f8,BTC,news,StoneX,Crypto Outlook: Is Market Neutrality Becoming the Dominant Theme?,https://news.google.com/rss/articles/CBMivwFBVV95cUxPeHFlbEk0d3lJbTQxdHU5aGtZdVlIM2kwUG94VVlZLVBSTG43cUF6M2NZb3ZYUWhrMW81QVk2YVlOdTluZm9zS0xuU1BMUnZOcDVBRUxiRnQ5SURDbDJXeFdxckdyLXdVYnZlTEV3aEQwZ0xKYWhwRlZhdFZLeEExamNTUVFwUFV6ZEpkMV9BdzJvMUo1VTNhYXFqclgxREo5bVRYUTZLMVh0TVVfeHgyR3Q2Mlh4RXgtSHg4V0hpMA?oc=5,2026-10-02T21:25:00+00:00,2026-10-05T16:15:01+00:00,0.0,neutral
reddit_1ww5kbk,ETH,reddit,r/ethereum,I built a private AI chat on the EF's zkAPI where even the deposit can't be traced back to you (open source),https://www.reddit.com/r/ethereum/comments/1ww5kbk/i_built_a_private_ai_chat_on_the_efs_zkapi_where/,2026-10-02T21:20:31+00:00,2026-10-05T16:17:07+00:00,0.0,neutral
reddit_1ww56t4,BTC,reddit,r/Bitcoin,Absa Becomes First African Bank To Custody Bitcoin,https://www.reddit.com/r/Bitcoin/comments/1ww56t4/absa_becomes_first_african_bank_to_custody_bitcoin/,2026-10-02T21:04:50+00:00,2026-10-05T16:16:01+00:00,0.0,neutral
7b951b20e73330bf,ETH,news,CryptoRank,Ethereum Price Faces A Critical $0.040 ETH/BTC Test,https://news.google.com/rss/articles/CBMikgFBVV95cUxPTFR6d25kVl9IUkZ0dzJvRE11akFaczJOSUFSeTlyRE5HRGVrdFhnV1p2QjZnNGtlSHRGQXdJcEszcGRZZW5WWG5HNzNsMTBnclBkXzNiaXUxcDlqVXprblZxMENVOTVrS1FJZ2RQZzlnYWNqSEI2TVJYdXJ3RDFvSWU4cXV2SEhmZVktX3gybmF3UQ?oc=5,2026-10-02T20:59:46+00:00,2026-10-05T16:15:01+00:00,-0.3182,negative
reddit_1ww4g2h,SOL,reddit,r/solana,"$BLK, From BlackRock, Is Now Listed On Solana Via Sunrise, Issued By Backpack Securities",https://www.reddit.com/r/solana/comments/1ww4g2h/blk_from_blackrock_is_now_listed_on_solana_via/,2026-10-02T20:33:58+00:00,2026-10-05T16:17:07+00:00,0.5267,positive
reddit_1ww42fa,ETH,reddit,r/ethereum,When is the next upgrade to the ETH protocol?,https://www.reddit.com/r/ethereum/comments/1ww42fa/when_is_the_next_upgrade_to_the_eth_protocol/,2026-10-02T20:18:25+00:00,2026-10-05T16:17:07+00:00,0.0,neutral
b0abf437811d8c44,ETH,news,Decrypt,Ethereum Now Lets You Pay for AI Without Revealing Who You Are,https://decrypt.co/379991/ethereum-now-pay-for-ai-without-revealing-identity,2026-10-02T20:16:04+00:00,2026-10-05T16:15:01+00:00,-0.6992,negative
reddit_1ww3tu8,SOL,reddit,r/solana,Alpenglow: The Biggest Change To Solana’s Core Protocol - Jacob Creech And Roger Wattenhofer Explain How Alpenglow Works,https://www.reddit.com/r/solana/comments/1ww3tu8/alpenglow_the_biggest_change_to_solanas_core/,2026-10-02T20:08:53+00:00,2026-10-05T16:17:07+00:00,0.0,neutral
reddit_1ww3rjh,SOL,reddit,r/solana,SolanaFloor Podcast - Is Solana About To Become 85x Faster!?,https://www.reddit.com/r/solana/comments/1ww3rjh/solanafloor_podcast_is_solana_about_to_become_85x/,2026-10-02T20:06:13+00:00,2026-10-05T16:17:07+00:00,0.0,neutral
reddit_1ww3qv2,BTC,reddit,r/CryptoCurrency,Bitcoin’s narrative may be flipping - its about time,https://www.reddit.com/r/CryptoCurrency/comments/1ww3qv2/bitcoins_narrative_may_be_flipping_its_about_time/,2026-10-02T20:05:28+00:00,2026-10-05T16:17:07+00:00,-0.6137,negative
reddit_1ww3o0r,SOL,reddit,r/solana,The Stack With Ilan Gitter Podcast - Alpenglow's Big Breakthrough: A Deep Dive,https://www.reddit.com/r/solana/comments/1ww3o0r/the_stack_with_ilan_gitter_podcast_alpenglows_big/,2026-10-02T20:02:06+00:00,2026-10-05T16:17:07+00:00,0.0,neutral
reddit_1ww3nk2,SOL,reddit,r/solana,"Pirates Parley Podcast - ""Go Hack That Bank"": Asymmetric Research's CEO on Wormhole, Drift, and Bad OPSEC",https://www.reddit.com/r/solana/comments/1ww3nk2/pirates_parley_podcast_go_hack_that_bank/,2026-10-02T20:01:34+00:00,2026-10-05T16:17:07+00:00,-0.8126,negative
reddit_1ww33o1,BTC,reddit,r/Bitcoin,Redone BTC Power Curve Using Data up to 2020 for the Confidence and Prediction Intervals as Requested,https://www.reddit.com/r/Bitcoin/comments/1ww33o1/redone_btc_power_curve_using_data_up_to_2020_for/,2026-10-02T19:39:12+00:00,2026-10-05T16:16:01+00:00,0.1197,positive
reddit_1ww31mr,BTC,reddit,r/Bitcoin,What do people think about this? I think this has been posted before. Sorry just wanted to get some feedback.,https://www.reddit.com/r/Bitcoin/comments/1ww31mr/what_do_people_think_about_this_i_think_this_has/,2026-10-02T19:36:52+00:00,2026-10-05T16:16:01+00:00,0.3513,positive
reddit_1ww31is,SOL,reddit,r/solana,Top Solana Launchpad by 7D Bonding Curve Volume,https://www.reddit.com/r/solana/comments/1ww31is/top_solana_launchpad_by_7d_bonding_curve_volume/,2026-10-02T19:36:44+00:00,2026-10-05T16:17:07+00:00,0.5859,positive
b3b0448b8e43ab9d,SOL,news,Cryptonews.net,PowerUS USA Lists $PUSA on Solana After Successful Merger,https://news.google.com/rss/articles/CBMiWkFVX3lxTE5ZX0xtaXZRT2UyanRIRElxU1lEVkowd2ZHcFJTZHBicFNpQXNGRWdraVdHbDlsQjVfQTItaVJfaTdtekJFTGVsaVAzdUtxTWd3Nk9fdXZVMFA4dw?oc=5,2026-10-02T19:35:28+00:00,2026-10-05T16:15:01+00:00,0.5859,positive
reddit_1ww2ymc,BTC,reddit,r/Bitcoin,Lost BTC from the 2016 Bitfinex hack,https://www.reddit.com/r/Bitcoin/comments/1ww2ymc/lost_btc_from_the_2016_bitfinex_hack/,2026-10-02T19:33:27+00:00,2026-10-05T16:16:01+00:00,-0.9094,negative
8bc52cabd67762b3,SOL,news,StreetInsider,"Best Crypto to Buy in October 2026: Remittix, Solana and Chainlink Face Different Catalysts",https://news.google.com/rss/articles/CBMi6wFBVV95cUxPanpRNGRINFNfWFNyeDF5OURUcGhHNm1qNDdodXdpbTRKbkNMUGFoX0VqQTFfaVRFeTdYWDRudElZcmloS2QtcHJ3V1VldmE4Y3NVbWhDS3hzUDhwdFZqdmM3UnRIU2Zma21tV2tueEFVNW9ReXlLYjRzQmppdHhoMmpidC04Ny0ydDYteGs3b3RGOHVYaE5SOGRDWlN2RzhPdktSRjYtWjRoc2hLN1M5ZkJ5R05VTHNzcnJ1aUxsc3BwUHlJWERTa1A4MkJWZDRuTjlTLXRURWs4ZF90ZDBxM1p2WlROYUNJSEJN?oc=5,2026-10-02T19:19:35+00:00,2026-10-05T16:15:01+00:00,0.6369,positive
reddit_1ww2bpm,BTC,reddit,r/Bitcoin,just bought my first ever bitcoin share!,https://www.reddit.com/r/Bitcoin/comments/1ww2bpm/just_bought_my_first_ever_bitcoin_share/,2026-10-02T19:08:14+00:00,2026-10-05T16:16:01+00:00,0.6643,positive
dfa052b50fb3b991,ETH,news,GlobeNewswire,Ethereum Crypto Presale Pepeto Announces Its Final Stages,https://news.google.com/rss/articles/CBMilwJBVV95cUxPRi1EUVM0UVVibzE2ZlpzeWVxU3Q2Ml9ucUJFcFhoNFF2bVpSVXJZdDNfczh3aXZGUWQtRVNDNUtZc2NMMUxhcm5ZSlpmenJJV19uQ0YzNkw1VXJjY1czck9nZUNYa3NKM2tsM0VlSEIwVkd2VjRzZENxek4weXFjeGpjM2l1VlRnbkppSEU2bHNnblpLaVRKY3NFMlJ0LVFrTDhaOVA3Yk5WSjVqUkpmTjRJZGtfVVk1RG9XVG1MV1d4VE9fZnRwbEI2QmxkS2ZWZUFWOTktenVZQ0tqQ08xQmptVXFxUHgyOVJ3MGUwQUdQOFBQSThMelFEcVc0SUdWWGlPZnRpTXNxaWZBWTNYVEZkSWtQb28?oc=5,2026-10-02T19:00:00+00:00,2026-10-05T16:15:01+00:00,0.0,neutral
4a5613d20185eaea,BTC,news,CryptoPotato,Bitcoin Crashes Below $84K as Crypto Liquidations Near $600M,https://news.google.com/rss/articles/CBMijAFBVV95cUxPQmdEZnNad3JpT1JMY18tWmMxMFlycVo0M1lBZER5aGhvU0swQVNZSGV0Q0JhdFRxVlFxZUVCZ01xbUlGVzN2Vm5MWnVQOFZkX09PcDZqQi0zZVhBaDdxanA1WU1kV3dBSlllZEFqN2hBbEVCYWxySGpYU1p0T3Y5ai1WbkoxMjY0YTdaaA?oc=5,2026-10-02T18:53:00+00:00,2026-10-05T16:15:01+00:00,-0.7579,negative
d62426f3b52828c7,BTC,news,Bloomberg.com,Bitcoin Rises for Third Straight Week on Strong ETF Demand,https://news.google.com/rss/articles/CBMirgFBVV95cUxOd1lPMTdTY2JpRzhkQlhWT1RzN0JfU0tHWEJfaVJndUtyc3gyWEtiVm0zLTZXRVZ4UmRZSXBvV0J1UVppbkpJMmd0b2ttTDVSaUF2dFVJOE5DVFE1Ykx2MFhWcGtYU2Q1LWVwWXRqWFl4dVZVcDNGN1ptVVVOWEJ1T3lEb3FJdzhzS2JQeTRTdUdtVGMxZjgtazk3S3N1X28ySGZIZGF2M2FNNUhTbHc?oc=5,2026-10-02T18:38:25+00:00,2026-10-05T16:15:01+00:00,0.5719,positive
861e0846dd94f5c5,ETH,news,unchainedcrypto.com,"Ethereum Layer 2 Blast Is Shutting Down, Saying Costs Now Exceed What the Chain Earns",https://news.google.com/rss/articles/CBMiswFBVV95cUxON3lYdnotYnljdERVNGM5TDV4bVRJTDB2ZjByXzZwZDV0T3B6dHdIa3J4alVmOVA2UWYxZU1tdTViaUoyVjdwemFCbnRjVkM0bll2S290dURVcEEtS2lFVmlveUI5NWJ1ZldSa091OXVGWDk2dWV3bUlJc2dqWFpNcmtIZjJTZ0d5WmJTa3llSmFZLUU1YnFFRkZKenRSRDVHcGs0V0FsT3QzVnJ4a2s0LWNPMA?oc=5,2026-10-02T18:33:00+00:00,2026-10-05T16:15:01+00:00,0.0,neutral
reddit_1ww16xp,BTC,reddit,r/Bitcoin,"We opened a bar in Vilnius where you can only pay in crypto. Lightning works. No cards, no cash",https://www.reddit.com/r/Bitcoin/comments/1ww16xp/we_opened_a_bar_in_vilnius_where_you_can_only_pay/,2026-10-02T18:24:20+00:00,2026-10-05T16:16:01+00:00,0.4956,positive
8a68a42b8630a851,ETH,news,Cointelegraph,Blast to wind down Ethereum L2 after costs outpace revenue,https://cointelegraph.com/news/blast-to-wind-down-ethereum-l2-after-costs-outpace-revenue?utm_source=rss_feed&utm_medium=rss&utm_campaign=rss_partner_inbound,2026-10-02T18:24:05+00:00,2026-10-05T16:15:01+00:00,0.5256,positive
5f4346cee0b84ea0,ETH,news,24/7 Wall St.,"Dogecoin Fell 5% While Bitcoin, Ethereum, XRP and Solana All Rose. Why Is Dogecoin Lagging the Majors?",https://news.google.com/rss/articles/CBMi7AFBVV95cUxPSVVhU09SU0NZYmxSUmpXUXlQRHo1Nm9NZkctTTJXakwzUVJ2VmxvdDU3WGd1SmJ1UENNZUlHTklUNV9yb3Q0bUpqMUY1dUZSLVUwUzFHdU1hb1J4cy1LZjlmRlEwcFN2M3lyUlhhcGpuN1pONXF0X1pZRzhESXdlWU1ReDRJejgyMkhCVzdIcVpkZHdrZDRXX3p1SEdRR0JHeTNzaTI0bEs5OXJSbXlPcWZnTGI4ZU5GcDlQQ05zWjUxWmFDck45RVJDZThCRVZVRW1DZDVQbDRBLWMxYkktRDAxUFpodE5iNFJLSg?oc=5,2026-10-02T18:21:00+00:00,2026-10-05T16:15:01+00:00,-0.2732,negative
5f4346cee0b84ea0,SOL,news,24/7 Wall St.,"Dogecoin Fell 5% While Bitcoin, Ethereum, XRP and Solana All Rose. Why Is Dogecoin Lagging the Majors?",https://news.google.com/rss/articles/CBMi7AFBVV95cUxPSVVhU09SU0NZYmxSUmpXUXlQRHo1Nm9NZkctTTJXakwzUVJ2VmxvdDU3WGd1SmJ1UENNZUlHTklUNV9yb3Q0bUpqMUY1dUZSLVUwUzFHdU1hb1J4cy1LZjlmRlEwcFN2M3lyUlhhcGpuN1pONXF0X1pZRzhESXdlWU1ReDRJejgyMkhCVzdIcVpkZHdrZDRXX3p1SEdRR0JHeTNzaTI0bEs5OXJSbXlPcWZnTGI4ZU5GcDlQQ05zWjUxWmFDck45RVJDZThCRVZVRW1DZDVQbDRBLWMxYkktRDAxUFpodE5iNFJLSg?oc=5,2026-10-02T18:21:00+00:00,2026-10-05T16:15:01+00:00,-0.2732,negative
5f4346cee0b84ea0,BTC,news,24/7 Wall St.,"Dogecoin Fell 5% While Bitcoin, Ethereum, XRP and Solana All Rose. Why Is Dogecoin Lagging the Majors?",https://news.google.com/rss/articles/CBMi7AFBVV95cUxPSVVhU09SU0NZYmxSUmpXUXlQRHo1Nm9NZkctTTJXakwzUVJ2VmxvdDU3WGd1SmJ1UENNZUlHTklUNV9yb3Q0bUpqMUY1dUZSLVUwUzFHdU1hb1J4cy1LZjlmRlEwcFN2M3lyUlhhcGpuN1pONXF0X1pZRzhESXdlWU1ReDRJejgyMkhCVzdIcVpkZHdrZDRXX3p1SEdRR0JHeTNzaTI0bEs5OXJSbXlPcWZnTGI4ZU5GcDlQQ05zWjUxWmFDck45RVJDZThCRVZVRW1DZDVQbDRBLWMxYkktRDAxUFpodE5iNFJLSg?oc=5,2026-10-02T18:21:00+00:00,2026-10-05T16:15:01+00:00,-0.2732,negative
f221647da01df6ba,ETH,news,24/7 Wall St.,Chainlink Surges 18% in 2026 While Bitcoin Falls 3%: What Makes LINK Stand Out?,https://news.google.com/rss/articles/CBMizwFBVV95cUxNRDBUV2xRLWxsSjlMbE5YWmkzYjg3M0xibkQyUndVRnRHUkVPSDlTcHczNXF6dmFWZ3BNRGVpU1BiX1c0NXRGblhOX0NyYTNlTGZrcV82dGdUcDhoM0dBenNDZmZnaGtqa2M1eDk0S184SzdLMm93b0RvaWFDb1p1NXZpbktLYXdwWmVjV1E0LV9LeDQ4eTg4dDBQS1VwSlo3NV9yWmFJdEJKZ3A0YklOQXB6MFNmbHZiMlpUdWMyVWNpNzI5a1Z1SXVEWFllbzg?oc=5,2026-10-02T18:12:00+00:00,2026-10-05T16:15:01+00:00,0.4588,positive
f221647da01df6ba,BTC,news,24/7 Wall St.,Chainlink Surges 18% in 2026 While Bitcoin Falls 3%: What Makes LINK Stand Out?,https://news.google.com/rss/articles/CBMizwFBVV95cUxNRDBUV2xRLWxsSjlMbE5YWmkzYjg3M0xibkQyUndVRnRHUkVPSDlTcHczNXF6dmFWZ3BNRGVpU1BiX1c0NXRGblhOX0NyYTNlTGZrcV82dGdUcDhoM0dBenNDZmZnaGtqa2M1eDk0S184SzdLMm93b0RvaWFDb1p1NXZpbktLYXdwWmVjV1E0LV9LeDQ4eTg4dDBQS1VwSlo3NV9yWmFJdEJKZ3A0YklOQXB6MFNmbHZiMlpUdWMyVWNpNzI5a1Z1SXVEWFllbzg?oc=5,2026-10-02T18:12:00+00:00,2026-10-05T16:15:01+00:00,0.4588,positive
e3bcf04cdba5fc2d,ETH,news,Benzinga,"Bitcoin, Ethereum, XRP Pare Earlier Gains as Sentiment Turns Negative",https://news.google.com/rss/articles/CBMiyAFBVV95cUxPeXVyV1hLMWtBRjJxRV94bGU3UnlGR0syU0lUYUhkTXhxOUdQTExXbU1TcE1pcVprRXNXTms0TUJHenh2T2UtY3J1QWJmcWFjMGFacTdQLTNpZVNDVXQxc3RDakctNTY2ejU5Z29YTlMwS3RYMkRvbTk2X2tMaVh5Y0hOaHZ1aDYwd0JLRlltYUNaeFhQV0pYQ00yQV9TVU95dlN6UjBKamh3NWViVWN3WTkzWWt4TWRqZUF6ZmQ5YXZMUzdiOFZKNA?oc=5,2026-10-02T17:53:06+00:00,2026-10-05T16:15:01+00:00,-0.3182,negative
e3bcf04cdba5fc2d,BTC,news,Benzinga,"Bitcoin, Ethereum, XRP Pare Earlier Gains as Sentiment Turns Negative",https://news.google.com/rss/articles/CBMiyAFBVV95cUxPeXVyV1hLMWtBRjJxRV94bGU3UnlGR0syU0lUYUhkTXhxOUdQTExXbU1TcE1pcVprRXNXTms0TUJHenh2T2UtY3J1QWJmcWFjMGFacTdQLTNpZVNDVXQxc3RDakctNTY2ejU5Z29YTlMwS3RYMkRvbTk2X2tMaVh5Y0hOaHZ1aDYwd0JLRlltYUNaeFhQV0pYQ00yQV9TVU95dlN6UjBKamh3NWViVWN3WTkzWWt4TWRqZUF6ZmQ5YXZMUzdiOFZKNA?oc=5,2026-10-02T17:53:06+00:00,2026-10-05T16:15:01+00:00,-0.3182,negative
167c38c1953d4b07,ETH,news,Decrypt,"Once a $2.3 Billion Network, Ethereum Layer-2 Blast Is Shutting Down",https://decrypt.co/379972/ethereum-layer-2-blast-shutting-down,2026-10-02T17:47:06+00:00,2026-10-05T16:15:01+00:00,0.1779,positive
reddit_1wvzire,BTC,reddit,r/Bitcoin,Question,https://www.reddit.com/r/Bitcoin/comments/1wvzire/question/,2026-10-02T17:17:56+00:00,2026-10-05T16:16:01+00:00,0.1334,positive
be4a6b989726fa7c,ETH,news,CoinDesk,Ethereum-based Blast chain shuts down as operating 'no longer makes sense',https://news.google.com/rss/articles/CBMiwAFBVV95cUxQeUlwOWg1U3YzQlNOanM2TkVmVm8xLUVMZ1p3TlR3YVlRdm50SE1Hamt0aE8tUUI4VmZhZk5XQ3R3STVYYlJldlFpdFd3UlYzN3pFUWw0N0cyOUlHb3cyT21QMU9OakhDQTJzWEpBQmRhT3l4QXRBZjhjNDMyeHFPNDlCQkJ1ZHRROFcwY1RLRkFZMV9WVEhhQmNnS0hfTi0wOG9wQmtEWGJ0ZVowbm9RRnQ3c0VzdThDU19zTlMxbEM?oc=5,2026-10-02T17:15:35+00:00,2026-10-05T16:15:01+00:00,0.0,neutral
reddit_1wvz9xr,BTC,reddit,r/Bitcoin,"Bitcoin is going to be $250,000 within twelve months",https://www.reddit.com/r/Bitcoin/comments/1wvz9xr/bitcoin_is_going_to_be_250000_within_twelve_months/,2026-10-02T17:08:21+00:00,2026-10-05T16:16:01+00:00,0.0,neutral
reddit_1wvyyxt,ETH,reddit,r/ethereum,The Double-Spend Problem in Identity,https://www.reddit.com/r/ethereum/comments/1wvyyxt/the_doublespend_problem_in_identity/,2026-10-02T16:56:34+00:00,2026-10-05T16:17:07+00:00,-0.2263,negative
09c35e63f20ed9f0,ETH,news,markets.businessinsider.com,"New Crypto: Pepeto Announces $11.16 While Ethereum Price Prediction Points to $6,000 and Traders Hunt the Next Dogecoin",https://news.google.com/rss/articles/CBMihgJBVV95cUxOMEpoSFZZZ3FnUGFQUU1ISW1XZmZVdnluazVRa0RBR1ZVUUhUYzF4Q2FOeXBMNmhwRFJoR0Y0VS1BLTB4eml1TjdZdTZGMUpzRExQaWlNeWItekdEX2xFQUlvRjZNbGF2X0dIZk5QSWN3Wm1OeFk3dExDd29QM2V3Qk15MGtoUUtiYmFKUFBKdVAxX0FWUGlJdmRoV20wb1VHaDdCLTJlN0hvNXlDalQyYk45aE5mcllsY1NYZnh3OGRXRHY4VEFwSHNjSEdaR3hhM29jRG1rLWRzeldBemx0YU1zX0ZUQ0g3enduSVNDdkUyblZ1V29ZT3hzVTRJQlp3TnN6eG53?oc=5,2026-10-02T16:46:53+00:00,2026-10-05T16:15:01+00:00,0.0,neutral
93d03675c5dafb3c,BTC,news,Decrypt,Bitcoin Heads Higher on Macro Moves: Where Does BTC Go Next?,https://decrypt.co/379936/bitcoin-heads-higher-fed-jobs-where-does-btc-go-next,2026-10-02T16:45:52+00:00,2026-10-05T16:15:01+00:00,-0.1531,negative
352f0058cae9e953,ETH,news,beincrypto.com,Ethereum Network Blast Is Shutting Down: Who Controls Users' Last $51 Million?,https://news.google.com/rss/articles/CBMibEFVX3lxTE1WSEFFZkl1c1dEazRXLTF0QmlkbFhtdWgtdl9wdHRvdDdiN3BQOFl3Z253VmcxV18zY3lkRjJtVkhPSnVEVUFPU2Z1bkx2SldMLUduUFFGYmpUT2R6M0ZGU1VheXNMb3FsckNWVA?oc=5,2026-10-02T16:31:00+00:00,2026-10-05T16:15:01+00:00,0.0,neutral
5ed2246e61e62004,BTC,news,Investopedia,Strategy Stock is Riding Bitcoin’s Climb,https://news.google.com/rss/articles/CBMipgFBVV95cUxNUl9jT2VqaG1oMm9pR0c2WUZLdlVMY04yWld5bHlQVllYSUtNUWFrLUN4ZXlIYU1SZWxLa3A3LWtQWnBPYUloSllKNEVtVE5kakY4cUFGSnRPSWp4b3FQNi15SEtJRkIyU2JrcnM4Ulo5WU5qX3ZzZnhlRmdMSWdIRVQ3aHpoUjc3Sm94a3daUHhkR3UweTRVbTJuUnBQakprQ0p2bXpB?oc=5,2026-10-02T16:27:30+00:00,2026-10-05T16:15:01+00:00,0.0,neutral
e03f96de34b135c8,ETH,news,CryptoTicker,Bitcoin or Ethereum: the comparison for the new quarter,https://news.google.com/rss/articles/CBMiaEFVX3lxTE5CUUhvelFDU2g2UHE5dkVZV0NQaFVtZDdLVFRQbTZqSFNiZWFXYkVZRXJvNng5ck1RQ1pmRVN4V01TX0NjQ1h3dnlDVHRyeC1WRlBqMFltVllqa1ZwS09pT0FJa2ZSZ196?oc=5,2026-10-02T16:02:50+00:00,2026-10-05T16:15:01+00:00,0.0,neutral
reddit_1wvxjdp,BTC,reddit,r/Bitcoin,Chicago meetup: Joe Carlasare book talk + signing (Oct 11),https://www.reddit.com/r/Bitcoin/comments/1wvxjdp/chicago_meetup_joe_carlasare_book_talk_signing/,2026-10-02T15:59:04+00:00,2026-10-05T16:16:01+00:00,0.4588,positive
b699a827081d79eb,ETH,news,CryptoTicker,"Ethereum price prediction: Citi lifts target to $3,028",https://news.google.com/rss/articles/CBMie0FVX3lxTFBFMnc4QWhpNE92bDQtckpjNlFiUFBQWWZzY1F4eHlzUzBqRmIwZC13bjhxemJvQW1GRGhKX1BmTTZyRmNKczdGT2hmdWxkMnJNZHREVkwxX2RVT2h6M0x3NUtjeVc1YVAwM2Rzai1NbXFETEtXSXYxSG9BNA?oc=5,2026-10-02T15:40:19+00:00,2026-10-05T16:15:01+00:00,0.0,neutral
ba75600c6c4f9d4f,BTC,news,Cointelegraph,Bitcoin briefly hits $87K as weak US jobs data sends bond yields lower,https://cointelegraph.com/markets/bitcoin-briefly-taps-87k-as-bond-yields-drop-on-low-us-nonfarm-payrolls-data?utm_source=rss_feed&utm_medium=rss&utm_campaign=rss_partner_inbound,2026-10-02T15:27:31+00:00,2026-10-05T16:15:01+00:00,-0.1406,negative
reddit_1wvwmpb,SOL,reddit,r/solana,Arrakis Report - Who Actually Holds Tokenised Equities? · Arrakis Research,https://www.reddit.com/r/solana/comments/1wvwmpb/arrakis_report_who_actually_holds_tokenised/,2026-10-02T15:23:33+00:00,2026-10-05T16:17:07+00:00,0.8221,positive
aaddc447f07bb99e,SOL,news,CryptoTicker,Solana price prediction at $122 before the Frankendancer shutdown: what it means for your staked SOL,https://news.google.com/rss/articles/CBMilAFBVV95cUxNMlR1cVdmcE4tSTlWTHFxMkRfVjRPU0RUeXFCU3JObUZDYzNHUTlDcHhuQjZydzNWbDZKWHBZN3JMcjJObmIwSXFVU3JXd3p2bkNvdnRzaHVRU1NXQkxyNWlaLTctQWxVX3VUd2NwbThUVjZiUEg5MGVKLUt6R3VHU0NKbHlIRVRjTFZkekplMThSMTR2?oc=5,2026-10-02T15:16:46+00:00,2026-10-05T16:15:01+00:00,0.0,neutral
75b4fad9a54b8fb3,SOL,news,CryptoTicker,Solana price prediction: what the Frankendancer exit means,https://news.google.com/rss/articles/CBMilAFBVV95cUxNMlR1cVdmcE4tSTlWTHFxMkRfVjRPU0RUeXFCU3JObUZDYzNHUTlDcHhuQjZydzNWbDZKWHBZN3JMcjJObmIwSXFVU3JXd3p2bkNvdnRzaHVRU1NXQkxyNWlaLTctQWxVX3VUd2NwbThUVjZiUEg5MGVKLUt6R3VHU0NKbHlIRVRjTFZkekplMThSMTR2?oc=5,2026-10-02T15:16:46+00:00,2026-10-06T22:39:53+00:00,0.0,neutral
23c095cf86e90d30,ETH,news,Yahoo Finance,Circle Launches Wrapped Bitcoin on Ethereum and Arc,https://news.google.com/rss/articles/CBMiqAFBVV95cUxNeHFaak1tMnNJd2pES3E0NDJHdUwxa3I5ek9MM0M5VUlfbE50QlNZWlc5cTk0WVNzdE5jc19vR3lHak5xMG1va2EtV0lnMENtTTBLZVRHUnhQY3o4VF9JSTg0OHNZR0ZEYm1TcDV1U2hndUt5Yy1kUHdjX245dlFUNldXYXAxdU4yLUo3enNBWUgzcEs3dWo4VHRkb29yWFluMXp0OWdFYmY?oc=5,2026-10-02T15:15:00+00:00,2026-10-05T16:15:01+00:00,0.0,neutral
23c095cf86e90d30,BTC,news,Yahoo Finance,Circle Launches Wrapped Bitcoin on Ethereum and Arc,https://news.google.com/rss/articles/CBMiqAFBVV95cUxNeHFaak1tMnNJd2pES3E0NDJHdUwxa3I5ek9MM0M5VUlfbE50QlNZWlc5cTk0WVNzdE5jc19vR3lHak5xMG1va2EtV0lnMENtTTBLZVRHUnhQY3o4VF9JSTg0OHNZR0ZEYm1TcDV1U2hndUt5Yy1kUHdjX245dlFUNldXYXAxdU4yLUo3enNBWUgzcEs3dWo4VHRkb29yWFluMXp0OWdFYmY?oc=5,2026-10-02T15:15:00+00:00,2026-10-05T16:15:01+00:00,0.0,neutral
reddit_1wvwev2,SOL,reddit,r/solana,Frictionless with Logan Jastremski Podcast - Tokenized Stocks and Global Liquidity with Armani Ferrante CEO of Backpack | EP 169,https://www.reddit.com/r/solana/comments/1wvwev2/frictionless_with_logan_jastremski_podcast/,2026-10-02T15:15:00+00:00,2026-10-05T16:17:07+00:00,0.0,neutral
reddit_1wvwdnk,SOL,reddit,r/solana,"Tokenized Equities On Solana Hit An ATH Of 1.2 Million Holders, With 775,000 Joining In September Alone",https://www.reddit.com/r/solana/comments/1wvwdnk/tokenized_equities_on_solana_hit_an_ath_of_12/,2026-10-02T15:13:37+00:00,2026-10-05T16:17:07+00:00,0.6669,positive
reddit_1wvwcjl,SOL,reddit,r/solana,"$PUSA, From Powerus Corporation, is Live On Solana Via Sunrise, Issued By Backpack Securities",https://www.reddit.com/r/solana/comments/1wvwcjl/pusa_from_powerus_corporation_is_live_on_solana/,2026-10-02T15:12:21+00:00,2026-10-05T16:17:07+00:00,0.5994,positive
7a26631534d9fde4,ETH,news,GlobeNewswire,New Crypto: Pepeto Announces $11.16 While Ethereum Price,https://news.google.com/rss/articles/CBMimwJBVV95cUxQeXdqUU1IM0pGVXVEOUJVaVJ6VGh5QkJIcGVVZmxrb1ZPWVFkZTc0TWg2SlJxTmdUWlpjVDR3bU5pd3AyY3oxUExnLXFIUVV2V0haYkRvMnR1cnJpVW9QX2dYUE1QOTZGeV96UTFfUHBVZDVLdU5tOHVjUVNNbVlPNTRNWjloWWpOOXVtV3pTWm5FdVI0SlhCaUdJZFllV0owbWp5VXcyVm8wZUNISkl0cGkybkdiUUN3a214NEktZkZCVk5iRHQ5U09NODZ3aUVYb1ZKX2M5eVoxVk1ILXRoNElzb1R0S2ZMZ2M3S0RSQVNrMjltaW1kVXcyWEZ4dzUySUVvZlRBSF9Pbkg4ajZqTTNKejJtT1dTVmM0?oc=5,2026-10-02T15:09:19+00:00,2026-10-06T22:39:53+00:00,0.0,neutral
abcbdd0f2a3958c3,SOL,news,techbullion.com,"$150 Solana Price Prediction Draws Attention, but Remittix Sets November 24 RTX Launch Date for Its PayFi Push",https://news.google.com/rss/articles/CBMizgFBVV95cUxQaHFULTVSUmR6N01PU1lUdldMd3dyRjRoT0s0aXpKX3llMlhCa1ZJWkZrMHZaVTRKUGlKb2JZQ25OY1F0RGFad1JEck1IZ0lhZzQ5U2FZblRaVWlTX2xyQ283RTdEQlpBeTFXUDJYelpPamxCd29ZbjRFb2NxTk1lSWRuU0ljWW1XVzNFR0V6QTY5cWtDcEh5TFVlZzRvaEFCWngyUHd6QnRFN093eVdfT2tmdXhZUUxwTktZUVJRMHAyWkw5OFQ5ZHpsOGRqZw?oc=5,2026-10-02T15:06:12+00:00,2026-10-05T16:15:01+00:00,0.0,neutral
reddit_1wvw305,BTC,reddit,r/Bitcoin,Auto-buy Question,https://www.reddit.com/r/Bitcoin/comments/1wvw305/autobuy_question/,2026-10-02T15:02:05+00:00,2026-10-05T16:16:01+00:00,0.7783,positive
d134c435c942a87a,BTC,news,CNBC,Bitcoin just formed a 'golden cross' pattern. The crypto is setting up for a big fourth quarter,https://news.google.com/rss/articles/CBMiyAFBVV95cUxOX2tHTjZ1aGt2ajdtamg0MGhuaW9mXzZaWUNYQkE3ZU5Gb3pIemdkN1Jaa0VfUkdZbHg0Wi1WNlhZR29BWF9hRFl0eTQ5RFVGMC1ZVWJycmtZQlhnTjd4VjI4M091VU5KVWpVRUU0WFVYOWZibEIydWl1ZktzeDk1Q2c2QVFYTEpyclpodXpoQnp3VjFqQkx3Q0tpbFd2Rlc4S3FRU2p3amQ5U1pVWnU3UUJyQ2F5YzBhVzFXNGlqQ29nZ1BKMDQ1MQ?oc=5,2026-10-02T14:57:26+00:00,2026-10-05T16:15:01+00:00,0.0,neutral
05c1c29c4521e848,SOL,news,StreetInsider,"Remittix, Solana and XRP: 3 Cryptos to Watch as ETF Money Returns and RTX Launch Nears",https://news.google.com/rss/articles/CBMi5AFBVV95cUxNYjVncDdlZnNiWTRxM3UzbENJeEpkQjhwbThRMl9KaVFlOFB2UVdYcTl2ZXdjcjhpSmVTUE1BeENmV2Jwb0JEWFUyLTZhSWVGdndZcFJuTS1tUjRMdkp5UE5kQnhyc1owV0pUSUFMejFNZDlsdjlHOHRMRjZldUkxc2hyTlRZV19UdGgydlR6ak5TUGwzZGVfdWlIbnBQVEtDUWpGamxHdllJd21ZUl83QTYxOGhLMG5PQ2JYNldPU0F1cFJNY2R3MmwxNW5GdkcxRWhxdlc0a3FUSjVoSDBYSXhhMXA?oc=5,2026-10-02T14:49:37+00:00,2026-10-05T16:15:01+00:00,0.0,neutral
reddit_1wvvr3j,BTC,reddit,r/Bitcoin,BTC market taking no prisoners today,https://www.reddit.com/r/Bitcoin/comments/1wvvr3j/btc_market_taking_no_prisoners_today/,2026-10-02T14:48:46+00:00,2026-10-05T16:16:01+00:00,0.4023,positive
reddit_1wvvqyg,ETH,reddit,r/ethereum,Can someone explain Ethereum to me?,https://www.reddit.com/r/ethereum/comments/1wvvqyg/can_someone_explain_ethereum_to_me/,2026-10-02T14:48:36+00:00,2026-10-05T16:17:07+00:00,0.1531,positive
reddit_1wvvolz,BTC,reddit,r/Bitcoin,What was your aha moment with Bitcoin?,https://www.reddit.com/r/Bitcoin/comments/1wvvolz/what_was_your_aha_moment_with_bitcoin/,2026-10-02T14:45:56+00:00,2026-10-05T16:16:01+00:00,0.9475,positive
eb3ababe8aa7b7b9,SOL,news,CryptoRank,Fiserv Goes Live With Roughrider Coin on Solana,https://news.google.com/rss/articles/CBMifEFVX3lxTE9XOXlqQkphcS1Ld1NncURPNVBZUUxaU0h0SmFEMmxQcUN1d1l5OEtuQTI5R2VVbXZOZFN1aTNZTEpNSHVITE5IRkZ5NElwV2sySUdHLV9TYnFqR1ZqYzV0Ulp0N2hwbHhoV2Exb2ZxOUpCVGF5WWNXdUFXM2g?oc=5,2026-10-02T14:39:28+00:00,2026-10-05T16:15:01+00:00,0.0,neutral
reddit_1wvv1kg,BTC,reddit,r/Bitcoin,Seed Phrase Management.,https://www.reddit.com/r/Bitcoin/comments/1wvv1kg/seed_phrase_management/,2026-10-02T14:19:36+00:00,2026-10-05T16:16:01+00:00,0.2406,positive
e0aa489d2dc4df7d,BTC,news,Schaeffer's Investment Research,Strategy Stock Higher on Bitcoin-Sparked Crypto Rally,https://news.google.com/rss/articles/CBMisgFBVV95cUxNVVdOU0dPYUNQQ3M2X3VvMFVPeFNyWjd0MGpGRm96bVpLMER5b1BYRENkUWVtaEtzUmlOWXVDQnBkNGRORlpiclJZbDNjUlFudFFQTkZyelpEVkNEbzQ2RlVVSlB3TEJKclpCNHlPYkFjZE1YT3p1ckVCSFJZTG5QNF9zOTBpMFA3UW51RUg0ZEpTMnlLR2JtZFlzc192S1FLT3l1T1dQd2x5RWhoSm5CMjd3?oc=5,2026-10-02T14:18:45+00:00,2026-10-05T16:15:01+00:00,0.4588,positive
d8a87efeb323c0fd,SOL,news,Yahoo Finance,Solana Perpetual Futures Are Coming to Robinhood. Will a New Futures Venue Impact SOL’s Price?,https://news.google.com/rss/articles/CBMiqgFBVV95cUxQVUV4clFRc2dRQ2w1VngwSV81cmVIYURoZklVRXNQeFcyMHU3V0Zjd3JISXdLMTJ1ZDB2UmVYTDFqVm92Q2lSWl9zSDNXU1NHeGJXc2paZXplOWVqOEZwT25rS29sV1ZMemRtNVRZMFVHdTU3R2lRUTQ1YUNWYXhGRXEtMnk2QVlJQXNMS0ZfZzlab3RwRHlQV0M1OV90WXBiNjJsa29mMkhKdw?oc=5,2026-10-02T14:11:18+00:00,2026-10-05T16:15:01+00:00,0.0,neutral
b4bd356ef846dde0,SOL,news,24/7 Wall St.,Solana Perpetual Futures Are Coming to Robinhood. Will a New Futures Venue Impact SOL's Price?,https://news.google.com/rss/articles/CBMi5AFBVV95cUxQTlBLMWtGZVVIa2FzcEZuOWNMTFp4bHNhdkd5V0Z2Z01Kb2M1ejRoN2RGYlJBc0h3SnhLakhYRUlzYW42bFFsTFJsZkZiMG9rR3N0elltOVJQX180ODZUWDU2M2tlVlZWa3E1cVd5MkQzM2UyUTNCNDNQVkpLVzFpVVpXaDZnUFBJR1dyY284ZkdTemJ3U0Q2ZkNYYXpENG1XVnNzenJGS2FKdXZCWlY2b0tHc1hzUXZnc1c2NDNhMU9KX1JFblNVMjgwN09HRVF5cGo2c29OWXliaU5yRFR6THpMMWY?oc=5,2026-10-02T14:11:00+00:00,2026-10-05T16:15:01+00:00,0.0,neutral
reddit_1wvunl3,ETH,reddit,r/CryptoCurrency,Robinhood Chain ranks 4th on L2BEAT's activity table. It uses a dual-layer architecture instead of its own L1,https://www.reddit.com/r/CryptoCurrency/comments/1wvunl3/robinhood_chain_ranks_4th_on_l2beats_activity/,2026-10-02T14:03:25+00:00,2026-10-05T16:17:07+00:00,0.4588,positive
717509c9a033b5ad,BTC,news,Barron's,"Bitcoin Crosses $86,000 on Fed Pause Hopes. Strategy Leads Crypto Stocks Higher.",https://news.google.com/rss/articles/CBMikwFBVV95cUxOVFEyZnVNNGNRWTZqZndoNTdTbUx3QnU0Y1NkU3pSVGlVYUZkWm5vSEw3MUVqaGJDNWk2Z1dGb0RaUGJlLWtoQ3pVNktEZnNsOVhxZExHb0llYXJRdlZwSHZvYlllRkt6UnhkZ2tzRTJQOHZacmV3bnVWY1VqVWU5SmtzYWVKWkVMZy02TVdWUERvOGM?oc=5,2026-10-02T13:54:00+00:00,2026-10-06T06:25:21+00:00,0.4215,positive
222c933c97cf4a2b,ETH,news,CryptoRank,"Top 3 Price Prediction: Bitcoin (BTC), Ethereum (ETH), and XRP (XRP)",https://news.google.com/rss/articles/CBMirAFBVV95cUxPeUktNVdPbDNoZTNiZUFiYVluUzJXMXU5ODBTY1VaWU5yUzA1UTZxSHlZanVUWWlwWGFyMkp2STZvazNac3oydWdaQ1M1TF9YUkQ2aFMtVjdZVXNhblFyVW9Kb2ZNUFl0SXRKU1RDU3RuaXAwWFl1a3A1X3M3Q1BFN0NsdWE1SUxhMDlqekRFN3pFTERtLW1BNk0tQWJZU1JXejFQZHF0STJGcmp3?oc=5,2026-10-02T13:46:52+00:00,2026-10-05T16:15:01+00:00,0.2023,positive
reddit_1wvu7sn,BTC,reddit,r/Bitcoin,"Buckle up boys, rocket ship incoming!!! (I sold)",https://www.reddit.com/r/Bitcoin/comments/1wvu7sn/buckle_up_boys_rocket_ship_incoming_i_sold/,2026-10-02T13:45:07+00:00,2026-10-05T16:16:01+00:00,0.8741,positive
4b0bd9ee226625e8,BTC,news,Altcoin Buzz,US Crypto Rules Keep Changing. Why Bitcoin Needs a Lasting Law,https://news.google.com/rss/articles/CBMikgFBVV95cUxPeUF6dXZWeUl0T3V0Yjl4YXZEZHRJSGNvQVB4em5XOUFMSlNaX3J4VzQ1a0hfamJsX251eG9Cc21IUEFPQ1hhSHlHYzFnOVVGVm5sSThDbXZnd1JFXzdBZmt5WmNZTGZTVDRDekM0Qkk4UFZPbndIYjN5MXdhbUc3aENXb0dtRjZCYUNqeVFRMy1ydw?oc=5,2026-10-02T13:43:57+00:00,2026-10-05T16:15:01+00:00,0.0,neutral
2b3b3d7a6ee643f6,ETH,news,Fortune,"Current price of Ethereum for Oct. 2, 2026",https://news.google.com/rss/articles/CBMiaEFVX3lxTFA5MmJaUGJBRTVJR0pVaXAyWUFZZ2VPSFhUVWxqN1Vudnh6MGhwTFhZOVMxQUhEQjlxaHZXQ0J4NmhQaVM0SHRLdHZYeEdfaGx0bjlEVjlvWF85SlBTWTJKSzBTNGcwU3h3?oc=5,2026-10-02T13:36:00+00:00,2026-10-05T16:15:01+00:00,0.0,neutral
f22992824da7d471,SOL,news,Yahoo Finance,The XRP Ledger Is About to Get Native Lending and Its Biggest DeFi Protocol Just Passed $130 Million. Can XRPL DeFi Catch Solana?,https://news.google.com/rss/articles/CBMinwFBVV95cUxOdF80OEpLYi1DSXQ2bWh0RUJVTnNoWHg4bEw0RW9fY21CdzU3UGxtako3M1Q3Tk1wT0ZibVhmc2p6ekFxYXFueURNemc1ZWZocC15dHBGUk1qMldtbXg4Vm0zSmNxNkpQVmFkbElDWEhMbWNFRS1iVGZhSGdSejBSYmJPc3Rha1ViSXUzNWNDVUR0eHp6WkplQjM5REg5dnc?oc=5,2026-10-02T13:30:20+00:00,2026-10-05T16:15:01+00:00,0.0,neutral
928538e501789d78,BTC,news,Fortune,"Current price of Bitcoin for Oct. 2, 2026",https://news.google.com/rss/articles/CBMiZ0FVX3lxTE9vYks3Z0VUVnMwUl95d1ZLQUdSR3ZKelg3NlZtQ0pMMlJSN3VvSnc5MzhXQTJPTWd6Y1BEeTkyME1tTWVja3lfQ0NhZk5jcXVlYmtTSFR1ZlNWSE53QjlQX21vX0dSQlk?oc=5,2026-10-02T13:30:00+00:00,2026-10-05T16:15:01+00:00,0.0,neutral
reddit_1wvtuhf,BTC,reddit,r/Bitcoin,Bitcoin Collecting,https://www.reddit.com/r/Bitcoin/comments/1wvtuhf/bitcoin_collecting/,2026-10-02T13:28:59+00:00,2026-10-05T16:16:01+00:00,0.8271,positive
ef030df1cb4f8243,SOL,news,CryptoRank,Solana Price Prediction October 2026: SOL Eyes $135 as Fiserv’s Stablecoin Platform Goes Live on Solana,https://news.google.com/rss/articles/CBMi1AFBVV95cUxQdGRDbmNDenFPQVRjYm9VNGdkSTZJRlppRkNCeVdFd2NnSTJVMU1pelVnX01ZeGd1M29CeXR3N250SnVGbGJZZzhFdFV0aUVfb0pRczE0em9vaXNHV0l4WFNaSWxOUVBjOWczWV8tWVBuZXhSc1lFS3hHRndxSjMxUC1HeE9HeGZzRW44ZUtqV0o0MEpWcFlsNkF4dHpHSF9wZURpVm9LNlFxcGJna1VTb3Ezb2tDZ1dkbVVqdkNmT2tRQndDVVRmVS1CUXR0dnM4NGMtMA?oc=5,2026-10-02T13:08:48+00:00,2026-10-05T16:15:01+00:00,0.0,neutral
7874b63442b57f6b,BTC,news,Decrypt,'Uptober' Off With a Bang as Bitcoin Surges to $86K,https://decrypt.co/379932/uptober-off-with-a-bang-as-bitcoin-surges-to-86k,2026-10-02T12:58:25+00:00,2026-10-05T16:15:01+00:00,0.4588,positive
reddit_1wvsqeq,BTC,reddit,r/Bitcoin,"Eclair Dos, synchronizing wallet labels, changing consensus - Bitcoin Optech Newsletter #425",https://www.reddit.com/r/Bitcoin/comments/1wvsqeq/eclair_dos_synchronizing_wallet_labels_changing/,2026-10-02T12:39:27+00:00,2026-10-05T16:16:01+00:00,0.1779,positive
e47e5c3c361b19b9,ETH,news,Substack,"WuBlockchain Weekly: Ethereum Evolves into Crypto's World Computer, El Salvador Launches National Blockchain Super App, etc",https://news.google.com/rss/articles/CBMidkFVX3lxTE0yTW1obW1ITkRieU11UGxvOGx3cGV3VnM3XzVTaThuWWoxV21CYUZuNUM1MW5od3NiaEpIX0lFQmN4M2tZblJCRzRMWWlLTnhBS0xqZHJXXy13QTM3cm1SQUFEcXNUalhoLUhfZnhBUjNicXdoOWc?oc=5,2026-10-02T12:30:55+00:00,2026-10-05T16:15:01+00:00,0.5994,positive
reddit_1wvsbew,ETH,reddit,r/ethereum,"Ethereal news weekly #41 | Glamsterdam upgrade on Sepolia testnet October 6, Vitalik: the cryptographic world computer, Hegotá upgrade focil-devnet-0 live",https://www.reddit.com/r/ethereum/comments/1wvsbew/ethereal_news_weekly_41_glamsterdam_upgrade_on/,2026-10-02T12:18:50+00:00,2026-10-05T16:17:07+00:00,0.0,neutral
reddit_1wvs8ia,BTC,reddit,r/Bitcoin,This is how locked in you have to be.,https://www.reddit.com/r/Bitcoin/comments/1wvs8ia/this_is_how_locked_in_you_have_to_be/,2026-10-02T12:14:41+00:00,2026-10-05T16:16:01+00:00,0.0,neutral
021ce283de5e9c8b,BTC,news,The Motley Fool,3 Superior Cryptocurrencies to Buy and Hold for 10 Years,https://news.google.com/rss/articles/CBMimAFBVV95cUxOdnRBc05iTnB1WFFON180STJxNE5kV0gzQkdtZ3pPY1hWZWRKUVRWU0tReDI2STZEZkNyMTZXUzlSbHpTbDVqMmhFVkk2c0NqbDVxYlZHUFlUSThGZFVTOV9DNmJRNUlCVlF2dGVzY1lpZXNjMGQwMW9fMDZEeTI3bTM4VDlQU190ZXR2OENtWERxdmRuaE12Zw?oc=5,2026-10-02T11:50:00+00:00,2026-10-05T16:15:01+00:00,0.5423,positive
021ce283de5e9c8b,SOL,news,The Motley Fool,3 Superior Cryptocurrencies to Buy and Hold for 10 Years,https://news.google.com/rss/articles/CBMimAFBVV95cUxOdnRBc05iTnB1WFFON180STJxNE5kV0gzQkdtZ3pPY1hWZWRKUVRWU0tReDI2STZEZkNyMTZXUzlSbHpTbDVqMmhFVkk2c0NqbDVxYlZHUFlUSThGZFVTOV9DNmJRNUlCVlF2dGVzY1lpZXNjMGQwMW9fMDZEeTI3bTM4VDlQU190ZXR2OENtWERxdmRuaE12Zw?oc=5,2026-10-02T11:50:00+00:00,2026-10-05T16:15:01+00:00,0.5423,positive
b3a429323b04ffd6,BTC,news,Forbes,A Wall Street Giant Just Flipped On Bitcoin—Issues Huge 2027 Price Prediction,https://news.google.com/rss/articles/CBMixgFBVV95cUxQTWsyTDZCOEF5cDNXblhTTzl6WHRZazBVRTAzX252ZEVvOEhSNVh2WHF0eElaT0hMYTJDWFYtWHNzOC00eVhQU0RaWXEtMEhmdkFFRXFhQVBpU296S1hGYXBjQzZYLXNQaE10NkJmY2Jra25CYU5yQTJPWHpIaHpaaDVMbzBnNG1RaklkSjdiTUlYZUdETDZCSW1mcDFOcGd1cTFZbnF1M0hRVXlzUHhjZVFudm9xZ1pYWHRfY0ltSTBld2RESmc?oc=5,2026-10-02T11:37:53+00:00,2026-10-05T16:15:01+00:00,0.3182,positive
8528214f59d54f94,ETH,news,Benzinga,"Bitcoin, ETH, XRP Rally Over 2% as Funding Rates Triple: What's Going On?",https://news.google.com/rss/articles/CBMiyAFBVV95cUxOTUZIdEdUaEllTDJFYXg2TmhRaXBGMktRV3NzOGNJbGZGUnYxRXJnWFpxU0dPU2hsLWJwWjh3eXFCWkh0bnRnbER2MXg2bWY0QjQ3bHdiQ281alp5Zlpwd3A1aXI4bl9malhZZ09sallWWDQxc1JZQVhSbXM5Zm1RNFdheW9HYnI2clhudXhtUWQ0RzN5S1VxdmZTeTFXTXVZYmdiSkdjcFZhb0RhWFZyZzhGc053M0wxRWRvVDE4bGpiX0h6allVaA?oc=5,2026-10-02T11:37:04+00:00,2026-10-05T16:15:01+00:00,0.4588,positive
70cc0687afac35aa,SOL,news,Crypto News,Can Solana price hit $130 after Forward Industries buys 949K SOL?,https://news.google.com/rss/articles/CBMigAFBVV95cUxPeEhaNUNFTGtteTBneUhudWhzSjllRGtVWDI0OGgwQzVIZTRIR21aLWhjNkFENGhxbWpna1EzTGhENS1Qdnl2Q1dhX3BDdGRUNm9oTXlzNkFmY3JjZ2E5SXVCRDVyTlVaOE8xdnJHWFM4WXk0SGFlQmdwNDlRdGU2VQ?oc=5,2026-10-02T11:31:52+00:00,2026-10-05T16:15:01+00:00,0.0,neutral
43b6710936bcc49a,BTC,news,Yahoo Finance,"Bitcoin and ethereum prices today, Friday, October 2, 2026: Crypto prices surging ahead of September jobs report",https://news.google.com/rss/articles/CBMikgJBVV95cUxOejBBeFlic2k3SVRqMEVudVdfa3pZSVp1UnNyd05Qc3hvdUdpWmd0azhBTVNQNENqdTJWVmNaV1luUHJKMGZzR3VvRS03Q0xXMmVGMlNlb2NPSEJNSGQ2Ym5vbHVCSlNrUVRjNlNHNG5tWW1HQ0NCNTVyQ2Y1Y0E5ZFBjeFlGX3QzaWRnREltVlVSdVdQU1dtNWlRQlVYbmxOT3JLWTlYYlJfRnd4SXhadnNmTkxudFNGUVdjSUF3dmZKWDRmajQycWM5eVprQ2JFTFF5Qkd2c1cwb2x5ZFNfOEEzTXczVXN2SHNVUkZVQ1ptQW01UnNJWFJiWlR6OE9pcnBmdUp0UjBTc0NfZ3BrdENn?oc=5,2026-10-02T11:29:59+00:00,2026-10-05T16:15:01+00:00,0.0,neutral
43b6710936bcc49a,ETH,news,Yahoo Finance,"Bitcoin and ethereum prices today, Friday, October 2, 2026: Crypto prices surging ahead of September jobs report",https://news.google.com/rss/articles/CBMikgJBVV95cUxOejBBeFlic2k3SVRqMEVudVdfa3pZSVp1UnNyd05Qc3hvdUdpWmd0azhBTVNQNENqdTJWVmNaV1luUHJKMGZzR3VvRS03Q0xXMmVGMlNlb2NPSEJNSGQ2Ym5vbHVCSlNrUVRjNlNHNG5tWW1HQ0NCNTVyQ2Y1Y0E5ZFBjeFlGX3QzaWRnREltVlVSdVdQU1dtNWlRQlVYbmxOT3JLWTlYYlJfRnd4SXhadnNmTkxudFNGUVdjSUF3dmZKWDRmajQycWM5eVprQ2JFTFF5Qkd2c1cwb2x5ZFNfOEEzTXczVXN2SHNVUkZVQ1ptQW01UnNJWFJiWlR6OE9pcnBmdUp0UjBTc0NfZ3BrdENn?oc=5,2026-10-02T11:29:59+00:00,2026-10-05T16:15:01+00:00,0.0,neutral
021ce283de5e9c8b,ETH,news,The Globe and Mail,3 Superior Cryptocurrencies to Buy and Hold for 10 Years,https://news.google.com/rss/articles/CBMi2AFBVV95cUxOQUNzaTQzaHBUdHU0OWprcVd2SGRqZnEzTGoyM1BIQnAtZWUzalJueGM1Mk5PRVgtQXFEN2MtdXQzLXc3QlhQQjJUbjdDeUs2SHJPaGNwS0xwcFEtXzJkT1k0QTV2Nm9RdDJjWnlBMkN1LWJOd056QVZ0dDRNeU5qcXFoREpXRGZsV1kyczlaenk2cmZ0MDhYUlFFTnA5c1ZjR1RvLS1CWEFocTBDbThzN2FOVWtmMFZiVzFreEZqZXliMmFVMUF1UzV5VElqNFo1bEVkbWV6dTc?oc=5,2026-10-02T11:13:21+00:00,2026-10-05T16:17:07+00:00,0.5423,positive
21195eacc0bf894c,ETH,news,24/7 Wall St.,"Citi Predicts Bitcoin Will Hit $113,000 and Ether Will Reach $3,028: Why a Bigger Upside for Bitcoin?",https://news.google.com/rss/articles/CBMi6gFBVV95cUxOb1dQYkZDNEtHY3k4RW5nUzBudk9BZW4tV2FsaGlaSTB5RlBuTlF6Z2RJdDVXVW1uVmxVTV8wOXZPeWpEX2lGZmtfTHAyRXlIUkR5NThIQkZnXzJNTGhUV0R0Wi1FNjkzMDRRV1ZmLWFOVlI3eE1HYlhUR2picWVMcFpYUWZjSmdpTHY3d015QmV1eUFEaUVYUE5xbWFaeGVGX0dsM2dWSTBsOTVQei1NLXBkczgwS1BzeUVqY2RtQmYteVNrN1Jzd0hFNHdYM2duLWxkSzlQYkRZNHR3cDV2OXpYcUNxakNKTmc?oc=5,2026-10-02T11:00:00+00:00,2026-10-05T16:15:01+00:00,0.0258,neutral
12eaf673997ae0ce,BTC,news,CoinDesk,Bitcoin open interest jumps $2.3 billion as traders pay more for bullish positions,https://news.google.com/rss/articles/CBMi1gFBVV95cUxPWVZJUWxSR2JBLUhWUTVsTWtCUnczVDQ2M1l3djhsZHlqVndzTTIxVFI2TnpaTnpwNjRKbHEwa2ZDWm5EcWt4bkp2Q3c5UmQ4Smc2T25ld1E2dWFLUmx2YTNVTV92ejEwUHZnNEYyaFdENHdON0FJdkp1Q1FINFI0Znc0RFNfaGlhU1hXZUFDOUJvR1FIcFlxR0tRdFJ6bllFeEwzUW5PcXNnbUpzODdlQks1MHpodGNzVUQxdUtlUE00VFBWZmlZbUpQQzZnNFJEVzlodWVB?oc=5,2026-10-02T10:44:07+00:00,2026-10-05T16:15:01+00:00,0.749,positive
reddit_1wvqfsn,BTC,reddit,r/Bitcoin,Should I buy BTC now?,https://www.reddit.com/r/Bitcoin/comments/1wvqfsn/should_i_buy_btc_now/,2026-10-02T10:36:35+00:00,2026-10-05T16:16:01+00:00,0.1431,positive
a8abf72f6918c3f7,ETH,news,beincrypto.com,Welcome to Uptober: ETH and XRP Sentiment Just Hit Multi-Month Lows,https://news.google.com/rss/articles/CBMib0FVX3lxTE5xVHZ5NjRKRWxHeWRISUY1aFh5N2hlSzdQUWFvYUpuaFdNS21GR1BZSlR4c1VmWWxrRTBMbmxRMjA0cEh1bzVoUm80YnVvNEpMX2RzaTlFOEx1N25hekNfMS1NbzlGbnNPNWdQd2FVcw?oc=5,2026-10-02T10:35:00+00:00,2026-10-05T16:15:01+00:00,0.296,positive
3339014bfa60ac9f,BTC,news,CoinDesk,Crypto traders are in risk-on mode as bitcoin dominance nears return to 60%,https://news.google.com/rss/articles/CBMiugFBVV95cUxOeGE3Vl9KS2FUUHFmbUFyelBNY3k4ZElkME1DMzNQSnZPQWlLZ211b0Y4eUlTaDVRWFh4VVplWE82Um1QLVptbXBFdmV3Z1RldTBHN1lTUTUyZHB3S04xU1pJOGJfLXZMZldZR2kyWThWMVRVTld3R1p3NzlCYWNTRkJ1N1FaZmxRd2c2Sy0xb1Y3R2tlRk54aG9mcDkyeDR0azRETXRaY1JROW5ET0hQWWNySlNvT0gyeEE?oc=5,2026-10-02T10:31:16+00:00,2026-10-05T16:15:01+00:00,0.2023,positive
reddit_1wvpos7,BTC,reddit,r/Bitcoin,Am I cooked?,https://www.reddit.com/r/Bitcoin/comments/1wvpos7/am_i_cooked/,2026-10-02T09:51:23+00:00,2026-10-05T16:16:01+00:00,0.0,neutral
reddit_1wvpl8h,BTC,reddit,r/Bitcoin,Quantum Ready ≠ Ready for Quantum,https://www.reddit.com/r/Bitcoin/comments/1wvpl8h/quantum_ready_ready_for_quantum/,2026-10-02T09:45:00+00:00,2026-10-05T16:16:01+00:00,0.3716,positive
0232fb4f98ff84c8,SOL,news,unchainedcrypto.com,Solana Perps Exchange Drift Opens Recovery Token Claims for Users Who Lost Over $290 Million,https://news.google.com/rss/articles/CBMivAFBVV95cUxQc3Z5U1N0eVB2RV9rY1JIakp3RFdraTVDbE9LUFBIYTkxUllFbzBhMWtTSDBGUWdBUU1SSkZaenU4bTZmeFJQN3BoSnVwRUdYNUppcUVjd00tamp4NU1mTzRRZjRmQVdBZDVZQUxqQ2lXaEdBUHJxZzVoN1NQUURieEJKNUE5blVzSXNvSm5KcmRIZi1KMDg3NXRBeW5QLS1QdXBCQmYtNUdBUmNsVWQ5WkpQM3djWUQycGNRbA?oc=5,2026-10-02T09:41:00+00:00,2026-10-05T16:15:01+00:00,-0.3182,negative
dbc0eae99f3c8d05,ETH,news,24/7 Wall St.,"Citi Projects Ethereum at $3,028 and Bitcoin at $113,000. Why Is the Bank So Much More Bullish on Bitcoin?",https://news.google.com/rss/articles/CBMi8AFBVV95cUxPVENfb21GcDBRQTJ5WFBIUm5Pelo2VTVYNXhvbkJLOUlQbkpCMlN2S19fS3pSZTI5cEtQX20yY0UyMHZWMGxFUUphdTlmb0VCX28ySFIyMlNKckFQVlM3cWNzWGtlLVBXYy1PUFhlbjNXRlNNMDdMcGZQTzN6azJEVWNLZ0hjQThFMTF5cDJISjBucHk4Ylo3SFRzV3k3VlBac2pnc3pBNTF2WjVLeHdBY3RONXdWNDFDVE5kOFRSTVFzcVRSZkNSWUdqVm4wTkMtT0dtbG40RFdlclRqU2lCREVyS253Y1VaLUlrMC10VjI?oc=5,2026-10-02T09:40:00+00:00,2026-10-05T16:15:01+00:00,0.6195,positive
1127134a6bd14b13,ETH,news,unchainedcrypto.com,"Authors Withdraw Ethereum Staking Reward Burn Plan From Hegota Upgrade, Seek Separate Process",https://news.google.com/rss/articles/CBMivgFBVV95cUxOWlJqbnhuMmhZRTdHZjQ1QnFIdjBfdlVTekhpYmRGQnRSSjdNdWlBcFBnanJZN3VYaS11c2xwWV9PQkd4Z0tzcUM1a3JEYVpyd0RoVjVsUldKOS1oNUZweW95MWpZc3g4ZTVEM2RyQ2szd01zaUdxQ2dPRVJEUDZtOEIxU3JzRkwtT1RRbWV3UF9fWjN3dFFfVDFpTjVVUkhBTlM3b2xSdFVPVURrZmVUaFhCeHhUX3pESlVxYmNR?oc=5,2026-10-02T09:39:00+00:00,2026-10-05T16:15:01+00:00,0.5719,positive
reddit_1wvpbvz,BTC,reddit,r/CryptoCurrency,The Ultimate Tax Trap: How a New Dutch Law Could Force You to Sell Your Bitcoin Just to Pay the Government.,https://www.reddit.com/r/CryptoCurrency/comments/1wvpbvz/the_ultimate_tax_trap_how_a_new_dutch_law_could/,2026-10-02T09:28:29+00:00,2026-10-05T16:17:07+00:00,-0.4019,negative
reddit_1wvp9rx,BTC,reddit,r/Bitcoin,Fidelity Names Bitcoin as Key Diversifier Beyond Stocks and Bonds - U.Today,https://www.reddit.com/r/Bitcoin/comments/1wvp9rx/fidelity_names_bitcoin_as_key_diversifier_beyond/,2026-10-02T09:24:44+00:00,2026-10-05T16:16:01+00:00,0.0,neutral
6714d93b341ff7d0,SOL,news,24/7 Wall St.,Robinhood Will Trade Stocks 24/7 Like Crypto. Does Bitcoin Lose Its Weekend Edge? - 24/7 Wall St.,https://news.google.com/rss/articles/CBMi1AFBVV95cUxNZFd0YWdaU2dubmdESlBHWldjck9aSXVndkU5bzUtTHpwLUlpYy1GV05fM3BKbE5ReDdKdERZRnVvUTFmVFVkdTNnU2xtR0NDMF9adnZISzNpaGZmZ1F2bW95RXNCY2Zzam9CaE5rY3RKbUFQYWg3VHdXZ2dxQTZxTHZHNWRONVNjcDk5cVJhSklINzBkSUFTcEVhakEwX2ZxUGhWQ0tYUzZFczdKSGR3TTQtTVVlX2hvS3h1b0wtdFlnUGZkcEhtOHBVemd3UDVkbEhYZg?oc=5,2026-10-02T09:13:00+00:00,2026-10-05T16:15:01+00:00,-0.0516,negative
f4cc0e71e81c4d73,SOL,news,24/7 Wall St.,Robinhood Will Trade Stocks 24/7 Like Crypto. Does Bitcoin Lose Its Weekend Edge?,https://news.google.com/rss/articles/CBMi1AFBVV95cUxNZFd0YWdaU2dubmdESlBHWldjck9aSXVndkU5bzUtTHpwLUlpYy1GV05fM3BKbE5ReDdKdERZRnVvUTFmVFVkdTNnU2xtR0NDMF9adnZISzNpaGZmZ1F2bW95RXNCY2Zzam9CaE5rY3RKbUFQYWg3VHdXZ2dxQTZxTHZHNWRONVNjcDk5cVJhSklINzBkSUFTcEVhakEwX2ZxUGhWQ0tYUzZFczdKSGR3TTQtTVVlX2hvS3h1b0wtdFlnUGZkcEhtOHBVemd3UDVkbEhYZg?oc=5,2026-10-02T09:13:00+00:00,2026-10-06T00:05:48+00:00,-0.0516,negative
reddit_1wvoqys,BTC,reddit,r/Bitcoin,Why Bitcoiners are wrong about the cause of declining wealth since 1971,https://www.reddit.com/r/Bitcoin/comments/1wvoqys/why_bitcoiners_are_wrong_about_the_cause_of/,2026-10-02T08:50:56+00:00,2026-10-05T16:16:01+00:00,0.9258,positive
reddit_1wvomh0,BTC,reddit,r/Bitcoin,"In a moment like this, why would people even think of selling before reaching 100k?",https://www.reddit.com/r/Bitcoin/comments/1wvomh0/in_a_moment_like_this_why_would_people_even_think/,2026-10-02T08:42:27+00:00,2026-10-05T16:16:01+00:00,0.5661,positive
971debcfa02160df,SOL,news,TradingView,QNT Reaches Solana Liquidity Through Sunrise And Raydium,https://news.google.com/rss/articles/CBMitAFBVV95cUxOWGhCMXBnNElILUtOc055Zm1qS2RxU2l2ODNYS2w2bVhTdkl6U2d2YXNNR3BaMjA5QW13N25jUzhZYWt0Q1AyMGNiNjdkZWs0eENPQWo4V2t2UkMwV3d3eU5zeVBJN0NSOXhCT2dISFVPVmJndF80MmpYNDFlOEpPdFQxWEh4bDR4VDFxeUhtOFl0SUtyWWxSWjRmbVhkSHloN3I1OEszcFpOZ2hxd1BXVWw4ZEM?oc=5,2026-10-02T08:41:29+00:00,2026-10-05T16:15:01+00:00,0.0516,positive
df0edaee29983895,ETH,news,CoinDesk,Tether’s $190 billion USDT stablecoin is coming back to the Bitcoin network this month,https://news.google.com/rss/articles/CBMitwFBVV95cUxOdmtNSGxsZWtWTHV4UG5wUTlEb05KN0JrMVhsbVEtcjhTMF9MbFUxLVRIa0I0akxDbTJEUFhpX3ZTSDFXV2pQV2xhUEVzWVM0a0V0STlLZUVqYmNTTF9HcGZEMGozMUo4dlhMcUp5NlYtTnhaemZoM0JJd1Eyd19odU1mTGZxak15OGUyQ0V2Y2h3NjNoMFl2djBORmpZd2U1UW0wcGJDVEluUHdjM2FXVlEzbGdPbVE?oc=5,2026-10-02T08:28:19+00:00,2026-10-05T16:15:01+00:00,0.0,neutral
df0edaee29983895,BTC,news,CoinDesk,Tether’s $190 billion USDT stablecoin is coming back to the Bitcoin network this month,https://news.google.com/rss/articles/CBMitwFBVV95cUxOdmtNSGxsZWtWTHV4UG5wUTlEb05KN0JrMVhsbVEtcjhTMF9MbFUxLVRIa0I0akxDbTJEUFhpX3ZTSDFXV2pQV2xhUEVzWVM0a0V0STlLZUVqYmNTTF9HcGZEMGozMUo4dlhMcUp5NlYtTnhaemZoM0JJd1Eyd19odU1mTGZxak15OGUyQ0V2Y2h3NjNoMFl2djBORmpZd2U1UW0wcGJDVEluUHdjM2FXVlEzbGdPbVE?oc=5,2026-10-02T08:28:19+00:00,2026-10-05T16:15:01+00:00,0.0,neutral
f03dc826a8500428,SOL,news,Startup Fortune,Injective is chasing Solana traders and Robinhood users at the same time,https://news.google.com/rss/articles/CBMiogFBVV95cUxNWGpNQlhodTk0VWh4NS1DYjlDYkZQM2xQU2xhNWZodGpyTUV6QnlvVWtFdHB2Smw1WGhWSHU4a19RY3hUc0hFcnVZam0xTHlSWVlQc01ONFJZU3dwcVRhMHlsLW1HRURNTW5JRlBSQVZvNmZfSUEzd1g3OHNXVGY3a1c3QTEtanJ6dUNZUTFaQ1YwWjJyVEVndWF1TkhfSFNPb0E?oc=5,2026-10-02T08:21:48+00:00,2026-10-05T16:15:01+00:00,0.0,neutral
8cfa7e8241b7c1d9,ETH,news,CryptoQuant,Ethereum Jumps 73% as Binance Futures Volume Still Outpaces Spot by 12.5x,https://news.google.com/rss/articles/CBMiygFBVV95cUxPQWl3MDVrMm9Sa0JCbWxXWDBjbkNPb2hwTzA4dVhmSTRZcHlkdmZYbDlucjBzdGhfbjZqb0RoRk1SbXp6RWNvazNBLUtiMGYzLW1NZjh4SEowMlRNMWFVY2JMRDNyUmQ0bWJWU3NHTnpnMnAtRXNHOEZ3NWZ5WFdmU2ZoOFlyR2dPcFVNd3R4el9lNmpBVUpTZzEwYnMxQVpGVnhSMXZvQnpPVW9UU1dicmdLaDA0Xy1jRklvRURTMlpSZUF4NldTS1pR?oc=5,2026-10-02T08:18:29+00:00,2026-10-05T16:15:01+00:00,0.0,neutral
reddit_1wvo8zy,BTC,reddit,r/Bitcoin,Every Blockchain Has Bugs. Then What?,https://www.reddit.com/r/Bitcoin/comments/1wvo8zy/every_blockchain_has_bugs_then_what/,2026-10-02T08:17:05+00:00,2026-10-05T16:16:01+00:00,0.0,neutral
373a20523d2a110e,BTC,news,CoinDesk,Bitcoin edges higher ahead of U.S. jobs report as global bond yields surge,https://news.google.com/rss/articles/CBMilgFBVV95cUxNV0ZoRmJ0eGl0LUYwODFZVTktTF9HQTBSdmV3d2g5OEpKWEwxeTNrY3FOYnVYOU1RX1lySjFDVFJack1IYlYtNVlybnlNdUZRV2h6eVN2emdKUWRyLWhBdk1wZFVrVW9MLUNxRFpHM1JjNEZCa1dKSlN1TDIxSjB0SlI1RTFQU3NpVldOeFdxc3NQY212T2c?oc=5,2026-10-02T08:11:54+00:00,2026-10-07T23:04:10+00:00,0.4588,positive
reddit_1wvnelw,BTC,reddit,r/Bitcoin,New Bitcoin ad just dropped,https://www.reddit.com/r/Bitcoin/comments/1wvnelw/new_bitcoin_ad_just_dropped/,2026-10-02T07:20:44+00:00,2026-10-05T16:16:01+00:00,-0.4404,negative
475006f7da475813,ETH,news,CryptoRank,Ethereum Foundation Launches zkAPI for Private AI Payments,https://news.google.com/rss/articles/CBMiiwFBVV95cUxPWExPRGVRUkM0WFNCNWRabG9Hdjd0T181c0lsdEtHZ0xWcmNoUmc3SS05TkgtcElPeFJ6Wl9ieFVnV2xud3lrVXBxVmlfanhKXzNsZVVDSjZUYzZ5aG43Y3FodlpIQkFLeE5qSUoxckllRDFsTnd4alpMR3Jqam5sU2ZOVDRzNXlPLWpB?oc=5,2026-10-02T07:00:00+00:00,2026-10-05T16:15:01+00:00,0.0,neutral
42b626484545ac9d,ETH,news,CryptoRank,"Ethereum Price Prediction: Can ETH Reach $3,000 or Fall to $2,492 in October?",https://news.google.com/rss/articles/CBMirgFBVV95cUxPX2Yxd3FsVldYYXdiaHBpWXpsTUxFUTBtbkctcXJiR1RYZkptaGZoQ015cDdocGd2SlJHNUlERmF3blR6WlYyME5heVgwZmcxVlZVdnhGbU5ReERYc1ZqUDdaQ2E2R1k4aFpKTVFmZldPdEdMTTdvOWtqVTNoR1RqSlRXeGJyWHl3SXNHMWdvNEMyblJGdy0wbS15eDlRTzktMDRXbzd6ZDJ4d2xFeUE?oc=5,2026-10-02T07:00:00+00:00,2026-10-06T06:25:21+00:00,0.0258,neutral
a653ab0e25aea6ab,ETH,news,CryptoRank,Ethereum Price USD Nears Breakout While $61M Short Raises Risk,https://news.google.com/rss/articles/CBMioAFBVV95cUxPcEk5dGxvWU43RjRNN3dXamVLYUpPWWlLV0MzN0dKTzJENG5UcTlObTFOT1BQMW1wSzJPQ0RuS3h5d0ZYNUdwYi1OUVdTdTF4LW01Z0pXSDlCb3pobldxOVRBSUFJZ0xmSHhOaGhvYkFiYUsydWx4U3NMbnVTZHYwdXpzS0dOcTB3YWg4bkFUdHZyTDByaXYzUHZhNy1mSkNu?oc=5,2026-10-02T07:00:00+00:00,2026-10-06T06:25:21+00:00,0.1027,positive
980af0093225d403,ETH,news,CryptoRank,"Ethereum Price Analysis LIVE: Weak Sell Pressure Puts $2,810 Buy-Side Liquidity in Focus",https://news.google.com/rss/articles/CBMiwAFBVV95cUxOeGpwNGxDWDlVS09meGRqRzdIYWdqOE45dXdDODFDMnVLckxwRVpsWUpoY0h6bXZRTExqRlVLanpzR3BGYWIxRDY4RzY3cV9xQ3JiZzBEZW14a241cldwQ3JxRXM2N0gta2FkbWt6bVdlM0xyMHo4VnVkNnV2Zl9MMmdHLTVDVVRia2dQNWZseTlaX0ZpNmI1RkJqLXVpa0VzQkhwME5JQTNPZmdOZHg4eENzdldIeW9mdnc3VUtLcVY?oc=5,2026-10-02T07:00:00+00:00,2026-10-06T06:25:21+00:00,-0.6249,negative
10d59f351c24e5f5,ETH,news,CryptoRank,"Bitcoin ETFs Bag $241 Million Inflow, Ethereum Funds Bleed $138 Million Amid Pressure",https://news.google.com/rss/articles/CBMivAFBVV95cUxQbjROemdnb1NuS0FqdGk2QUN1ZGVtQXFpZG1KY2psV2NyLW53Z2VNRWt5akFOVjhmR05XeVRZN2lLQkg1bTZDR01rN2NQdXZscDd6cmZPZ05MdTdIN1VBMGxXR2U3NmFzdVZTU19NLUFqTGhYZTFhcnpOYnF2b2JsVHM4cTUwTlF4eUNMRWYxVFBrcFBjeXR1M2tnaUNwbWYzX0pRNDdjZjlZenVEWThjVl9qOEFUYkhuZWJhNQ?oc=5,2026-10-02T07:00:00+00:00,2026-10-06T22:39:53+00:00,-0.296,negative
488cc30bf8ae063c,ETH,news,CryptoRank,"Ethereum bears keep selling but ETH stays near $2,700 as US spot ETFs record $206 million in outflows",https://news.google.com/rss/articles/CBMirwFBVV95cUxNd2t4eFE3bHgtZ0dKSTJ0elczR1pFdmVPeVo1VzJ5OEt0VWFXaE9DbERSbUdjNVFJN3lVQTZFYTNrQTJOdFdjbE45U0FDeUZmUEdzTk5uenJUN3Z2TFlDckdFZm5qUm5nMG1uanVRZzlvUTh4c1hxd09hUWtZS0gzMVE5cUFCaTVBdlNKMU0wRGFZdjJtMW56WDV5X2tyX3JkUFo0M0dra1p2SDlVWE1r?oc=5,2026-10-02T07:00:00+00:00,2026-10-06T22:39:53+00:00,-0.3612,negative
b1329a9881336490,SOL,news,CryptoRank,Solana Foundation Launches Atomic DvP Settlement Tool With JPMorgan Input,https://news.google.com/rss/articles/CBMisAFBVV95cUxNaFV2aEhMSG02UENzSGR6Y0pKSlBrZVBwWVprTHVFMC1lZ2RYcW5UcVNseVJuVzMwNUN5aFI2eVZfcm9PQjYyeEh3Yl9vUHRzWUgtemxsX1RIeUJ0UmYyN2d1TUZUOWVVVDFjbHhrUGwya09PWmdrc2tsMlA0N3FXM0xzNzhqUHRQNUMwYWpPeDdKSkx2U2wtQzJBakR6dlk3RmJGSXF3aVhwWkdUZ0s3RQ?oc=5,2026-10-02T07:00:00+00:00,2026-10-06T22:39:53+00:00,0.0,neutral
2f1c34abce1e92b9,SOL,news,FXStreet,"Why Ripple, Cardano and Solana price are rallying today?",https://news.google.com/rss/articles/CBMi4gFBVV95cUxOU0VrN1RLeE9hMjhZbno5b3dtYzlrTmR3ZlhQUU5iZmFQTUdzNXA3QnRVWFhtT29ob0lRQl8yUGxUMWNkME1sVFFwR2w2MGNlaG1VYkduc29JenNrRmpoMFdxU3lqRXlpcUxYcTJoQVRvM2prNG4yUEFzd21qMEM1VVpoUWlvQVNCZXphcUNkeU5peV9oNFljcXhsWG5aOEtJRGZDZHVROU8tVmo3S2t3YXpYdXlvQTRhY25aUGZHX1F5a3UycGhaY2xfNW5yanhuQThVSDcwNnN2aFI5T0tPb1p3?oc=5,2026-10-02T06:41:09+00:00,2026-10-05T16:17:07+00:00,0.0,neutral
reddit_1wvmod1,SOL,reddit,r/solana,Stocks aren't the only thing that will fuel the Tokenization Supercycle. Private markets will contribute greatly as well,https://www.reddit.com/r/solana/comments/1wvmod1/stocks_arent_the_only_thing_that_will_fuel_the/,2026-10-02T06:35:05+00:00,2026-10-05T16:17:07+00:00,0.3353,positive
6d3ddbd7a401156f,BTC,news,The Motley Fool,Here's What a $500 Investment in Bitcoin Could Be Worth by 2030,https://news.google.com/rss/articles/CBMimAFBVV95cUxPc2NZd1VreThJTktZRzdSdWt3Y01Ha3VyNzlJSGkteHd1MXZXVllPek40bU9mbnZiZ0huR0ItVkZ4NGdsd0piVURwUTU1bnVVamJ6SEcxQklzSnBBTkNFTmo5eWJVNUx3VEd4ck12bUdmQV9QN0VNS1JnOFI2SmRmNVRuRjlTdFZLUDYzOTRORkxvbUNsNi1iNA?oc=5,2026-10-02T06:00:00+00:00,2026-10-05T16:15:01+00:00,0.2263,positive
cfce7bfb12580467,BTC,news,Barron's,The Next Crypto Boom Is Already Here,https://news.google.com/rss/articles/CBMif0FVX3lxTE1fYnB4LUhhOFYxSEk5dTNSend0aWRoSFNvVmVjcTJ0bExtdjQwRWlmUHhEWFhfQmZMYkpvWnRONzVNSjZSdzZYUEN4NmhtMVVYemlTTU92TlJqOGhHYXJoaGVyZ0pRV1p5VXFUWHJuTHN5VTdycE1scF90ZmxfUDQ?oc=5,2026-10-02T05:30:00+00:00,2026-10-05T16:15:01+00:00,0.0,neutral
61234918f8d0488e,SOL,news,CoinMarketCap,Solana Gains 3.6% Amid ETF Flows and Bullish Narratives,https://news.google.com/rss/articles/CBMicEFVX3lxTE02THQtTzlKS1hOdTF5ZXQ0LUsyR0V1aElQb09xQWVWLUcyOHN4YktrRXV3Z3UzOW9vdnZHcXdfYjhjRmlXLWllU1pUUGhpQ1lJX2ZveGFzTWRFNGNKSnpKLUF4Z3NQV3VCZHVqNFZGWGk?oc=5,2026-10-02T05:04:00+00:00,2026-10-05T16:15:01+00:00,0.7096,positive
reddit_1wvl4li,ETH,reddit,r/ethereum,"Daily General Discussion October 02, 2026",https://www.reddit.com/r/ethereum/comments/1wvl4li/daily_general_discussion_october_02_2026/,2026-10-02T05:01:17+00:00,2026-10-05T16:17:07+00:00,0.7393,positive
reddit_1wvk6dn,SOL,reddit,r/solana,NOW: Fiserv launches its digital asset platform on Solana,https://www.reddit.com/r/solana/comments/1wvk6dn/now_fiserv_launches_its_digital_asset_platform_on/,2026-10-02T04:07:24+00:00,2026-10-05T16:17:07+00:00,0.6249,positive
65fb082af4fbc86c,SOL,news,CryptoSlate,"PropAMMs lower Solana trade costs, and public pool returns crash",https://news.google.com/rss/articles/CBMikgFBVV95cUxObWc1aDRJTGM2UEpIMTk3Q2p3aWJEVkx4MTMxMVY5djRmdmpudkJXekdPQndRLTNkX3E4ZjVkWUpfQzRsZ1BDT2xPWkVPU1F3cXBXdlFicmh2SnhSY0JBMmFHWEJ3cXhkWFRXRzI2cFh4dXV3enIyTldmbXdvR1NIUC11Z2NrUy0tbHR0SDhRMmRTdw?oc=5,2026-10-02T03:50:54+00:00,2026-10-05T16:15:01+00:00,-0.7351,negative
80872968698430bf,BTC,news,CNBC,Washington’s big crypto bill is stuck. The SEC is pushing ahead anyway,https://news.google.com/rss/articles/CBMickFVX3lxTE9KWnhXc2UzZlhDcmRhTEtLWWhHNWNSNlREX1FDakR5alZZc1pzUGFobUt6WWI2ZjNJVjB3SmZMWEo0QmoyQkxWZXY1ejZtcXVrS2w5NlNqN01WTlhXREYxSk9TeDdjZEhRLXBRb1VRYWRad9IBd0FVX3lxTFBaQ0lXTmJEZ1VaR0FCUUg5YTRoUUhlMkNsZWRfWWw1aWo1SFZiNEtHdHVvSWs2N1FEZDlRVF9UYTZVUlJFYmpyWVlvYmY0MVUzQ1o2OEJRNHNSZ0xMUWw5MWE0c0dJc0pLQnRmcDBEZDBiYWZoZDlJ?oc=5,2026-10-02T03:11:00+00:00,2026-10-05T16:15:01+00:00,-0.25,negative
9a85e200612bc733,SOL,news,Cryptonews.net,Solana Foundation Releases Insights on Upcoming Alpenglow,https://news.google.com/rss/articles/CBMiWkFVX3lxTE9kZnVMaWk5Y3dzdU1OU2RVSDRwZUxyNUhnX0lOYmI1S2h2U2p5OEVSSEZKSms2N3BaVzB5TDVPekxGdi1IcHBpMk5YZ29mRHZ1OUo4bjg3alpmUQ?oc=5,2026-10-02T00:20:36+00:00,2026-10-05T16:15:01+00:00,0.0,neutral
reddit_1wves0j,BTC,reddit,r/CryptoCurrency,Securities and Exchange Commission (SEC) Chairman Paul Atkins admitted today that federal securities rules have failed to keep pace with Bitcoin’s rapid growth since its launch in 2008,https://www.reddit.com/r/CryptoCurrency/comments/1wves0j/securities_and_exchange_commission_sec_chairman/,2026-10-01T23:39:11+00:00,2026-10-05T16:17:07+00:00,0.4767,positive
ab76d5339b7ef1a8,SOL,news,24/7 Wall St.,Is It Too Late to Get Into Crypto in October 2026? What $3.55 Billion of Weekly Inflows and a 33% Quarter Say,https://news.google.com/rss/articles/CBMi-AFBVV95cUxOMmlBYUVWUGcwZU55V0wyQk9JOHBDeGxWNFlFUEFmRFpidnNmUGx3YUU1MUUtQldhdzBkZWNKMnc2ZDBCTktwT3pvaDRMVUY3VjN4VkhqdlRIVERoUEp6STJZdGdNSnBNa1BvU0w2T1N5SlBROFdLemgza2dYdGNmRTlCTlgwczlRTEthWW4tcGhBV19qT1VZWkI2WEdQTDJOemVYbW1Cc0FWVFNKa0c4ZDlvZk9YdkJkclhJWkR3dXBkZHFrQ290YW52VllFcE11LU1ZdFNkM3oxZ0Q0d1JVTlA0eWxjQlltVVBjbzhuZ0F2ZnlHdlRMWg?oc=5,2026-10-01T23:03:00+00:00,2026-10-05T16:15:01+00:00,0.25,positive
88669314f1be76fd,BTC,news,The Washington Post,Trump loses favor with crypto fans who call him out for cashing in,https://news.google.com/rss/articles/CBMiuAFBVV95cUxOQ1lMUGlaMEZRMWpjR0JocVBTd3pmRTB5RnBSc1U5R1c3cTVwQmJTRnd3akdULTNJR1M5ZDk4XzRld29wRnNMRnFUWmhZaXdUMzdReVZ1VjJsT01DMUs1UWNmTUIzaktNcm15YTZ5X21oNmprbW42dG1Fck1qQ29leEE0SnRqeG80cnJlVWdfZkJkTWV6eTNhTTQ0cTVHekJNTkZUTEM5c1ZpNlo5RkkyZDRNU2FTMW9H?oc=5,2026-10-01T22:26:49+00:00,2026-10-05T16:15:01+00:00,0.1027,positive
reddit_1wvczxx,SOL,reddit,r/solana,"Accidently sent 43.77 sol to a smart contract, please help 🥲",https://www.reddit.com/r/solana/comments/1wvczxx/accidently_sent_4377_sol_to_a_smart_contract/,2026-10-01T22:17:56+00:00,2026-10-05T16:17:07+00:00,0.93,positive
reddit_1wvclaj,SOL,reddit,r/solana,how do fees work for memecoin?,https://www.reddit.com/r/solana/comments/1wvclaj/how_do_fees_work_for_memecoin/,2026-10-01T22:00:29+00:00,2026-10-05T16:17:07+00:00,0.7351,positive
reddit_1wvc5m6,SOL,reddit,r/solana,"$ONDO Is Now Listed On Solana Via Sunrise, Issued By Backpack Securities",https://www.reddit.com/r/solana/comments/1wvc5m6/ondo_is_now_listed_on_solana_via_sunrise_issued/,2026-10-01T21:41:51+00:00,2026-10-05T16:17:07+00:00,0.296,positive
51803454b8942b00,SOL,news,24/7 Wall St.,SEC Proposes New Rule for Investment Advisers to Hold Bitcoin for Clients: Which Coins Will See Over $100 Trillion in Managed Funds First?,https://news.google.com/rss/articles/CBMinwJBVV95cUxPbWpJcTdmVXVPU1JCR09kZUVTMDRZRnhfNVd0SVZsbk0yM0xHWlNqMngwQm1LWWdOTFpEMnQxdkxwcDBqYlQ5RGlNLTlkN21WZk03RElKYWd1cG52UTRqYzdscktyNzdMb3Z0WTItcVN3YVRoOVFVOXRIYllhUEpoT2o1d3FCRE9YVlVXMHhNMlFaazRpRW1mNUFVNlhxTjRYalRvMU9mQ2dPcGNkUDBYUXVMU1pWdVFaYlFSXzJyU0hGaFVlX2FjV0lJaElvM2N3VUpLbXB3bVNDNlBFVkpBaUJ6YnV6eGNxSTdHX2Z1aGhTZFNZd2NDellqT2ZrNnJLREl5d0lxYk1QLUhvVlFSUWphVUZyWGlvbHExeXBGSQ?oc=5,2026-10-01T21:40:00+00:00,2026-10-05T16:15:01+00:00,0.0,neutral
reddit_1wvbv89,SOL,reddit,r/solana,Has anyone actually noticed the move toward 250ms Solana slots in real applications yet?,https://www.reddit.com/r/solana/comments/1wvbv89/has_anyone_actually_noticed_the_move_toward_250ms/,2026-10-01T21:29:28+00:00,2026-10-05T16:17:07+00:00,0.8604,positive
face60a84247aeca,BTC,news,CNBC,Three reasons why bitcoin's recent bounce could be the start of a bigger bullish move,https://news.google.com/rss/articles/CBMivgFBVV95cUxNYjhtOXFoNHJBRFNyb2JSZ3RRdV9PWDJrMkZORUxBM2NmVVY4YTBVUUpnMGQxX0VKZ3JsdWs3YjNxaVl6TmY1SkEyU29ic0hiLWM1YU51YThMV2Y1dFo5X3VPZEdVM1YtTmsxM0d4d3kzU1VRa1FzY3JXNUE3TlpTQmRBYUZMT1F0N1JrV3Jpak5pTl9Ib0xlQUY3TVY3RFhCOF90V2JwQ0pScG02N0trY1liaGtRVGE2R0pSalp3?oc=5,2026-10-01T20:56:43+00:00,2026-10-05T16:15:01+00:00,0.5423,positive
reddit_1wva1q7,SOL,reddit,r/solana,BNB Chain Is Live On Phantom,https://www.reddit.com/r/solana/comments/1wva1q7/bnb_chain_is_live_on_phantom/,2026-10-01T20:15:10+00:00,2026-10-05T16:17:07+00:00,0.3182,positive
reddit_1wv976s,BTC,reddit,r/CryptoCurrency,Call from Wanstead Police station,https://www.reddit.com/r/CryptoCurrency/comments/1wv976s/call_from_wanstead_police_station/,2026-10-01T19:42:13+00:00,2026-10-05T16:17:07+00:00,-0.1466,negative
reddit_1wv976s,ETH,reddit,r/CryptoCurrency,Call from Wanstead Police station,https://www.reddit.com/r/CryptoCurrency/comments/1wv976s/call_from_wanstead_police_station/,2026-10-01T19:42:13+00:00,2026-10-05T16:17:07+00:00,-0.1466,negative
0c7df1789b619470,SOL,news,StreetInsider,New Cryptocurrency to Watch: Remittix Gives Solana and Cardano Investors a PayFi Comparison,https://news.google.com/rss/articles/CBMi6AFBVV95cUxPd0l3aVBoNmxydUFHNUQxb29ZdjROTTZQb2I2LUJnRnpCY2tzaUc0bDllUTlNbHNNZ3dsSDZSNnhyN1FjOHhkeThPU19qQzBIM2pSR3VITU51WXh2Nm1LUy1UcHVnSm0tNHdXQWx2TFI5bGFISTJRX2JQbW5BUVZCRzczUkVNeE1NLWJMcUhXdHZWRmZ1MFlPREE4d2htZHdvVkNLc1I1RUpPM3BQOWhxNlY4ekdkeGhvczJiVVNoWTFTczA3Q3pZU21OZkdvM29nYkM2RC1vaWp5OS1hLXhGYUhPY1JReHdo?oc=5,2026-10-01T19:06:11+00:00,2026-10-05T16:15:01+00:00,0.0,neutral
290a7fca29ef1839,SOL,news,24/7 Wall St.,XRP Surpasses Bitcoin in 90-Day Gains But Remains Far Off Its All-Time High,https://news.google.com/rss/articles/CBMizwFBVV95cUxPRTBqWmhRZVVYdDBwaklta19oMXFMSXlJS3hSVW9nWkhpb3VrdXJKbWJDY0ZLQWIxQ1JQcy1nOUhUejBTcm02RHFhZVhjVVpxQ2pzUEVUSmlobXBfU0dDVkY4M1JHOG9jUTE0N0ZLRnAwWmVDeHZ3NXJnQklyM1RjSDI0YncyRWFyVEZEU29pM2R2UjkxZHVUOGxGTUsxMUk1dEU3S1hKa1JwUzR4WVIzaEZ2Y1FfR2diOFFvbE14amFUUWN1Qjd3bVpCSUdjX0E?oc=5,2026-10-01T19:00:00+00:00,2026-10-05T16:15:01+00:00,0.1779,positive
ddaa3e533fd29d18,SOL,news,24/7 Wall St.,"Best Crypto to Buy in October 2026: Bitcoin, Ethereum, XRP, Solana, and High-Potential Alternatives",https://news.google.com/rss/articles/CBMi6AFBVV95cUxPdkZHU3l3Q1IzSlpZRVZCczVZTjhqRlJPX3hiR2owYlM3cFZqMmZSWWx1eDdudUNGcVJMYWl6b0VvM1BQcGNUUW9ZQkRpeFZ4WlJZbk9NRnVZRmlyLWFmcWdPUzZMVXpCdWp4ZEN0MWNhVnRxRkFfbkFCYktaY3NYZzdYYXVXd1BISjZiWkdzT00tRXU1R0JuVmlZQUFiWWtoWlI5VHFaRGlqS1RHMHpUbzlYQzFfN0U3YXpobFRNeE4yNlBXZDlINjJBN05vUF9meGYzQ1RfMmRCRHRPWU5fS3JkNDdqMGNk?oc=5,2026-10-01T18:30:00+00:00,2026-10-05T16:15:01+00:00,0.6369,positive
reddit_1wv70g5,SOL,reddit,r/solana,CoinGecko showing “Whoops - over capacity” screen… does this mean retail finally waking up?,https://www.reddit.com/r/solana/comments/1wv70g5/coingecko_showing_whoops_over_capacity_screen/,2026-10-01T18:20:02+00:00,2026-10-05T16:17:07+00:00,0.644,positive
d0c58c9c205abdde,SOL,news,techbullion.com,"Best Crypto to Buy in 2026: Solana and Ethereum Meet Remittix as 1,000 Users Enter PayFi Testing",https://news.google.com/rss/articles/CBMiuwFBVV95cUxNWW0wQUF6TDZxRGFaUkEwTWNWVnZyRWJTbjdGMXZlMmIxQUQ5Rm56MWxvWEF3bzg4ZTJEVjlNdzhSNVJYVnFwdVRYMG05YXdFblp1TS1XcXdLcnhCVTBPdGt0dU1iNjRLZ0pSWWJCY0dXenotekRtZVNtY3ktTlk5OVkxWDZKWUJxSWtVSV9abkt2dGJ0VzI0OWlxd05LWk1Eamh0T1FrTkh6V09LdWU5c1pWVjhoOGZFVnZB?oc=5,2026-10-01T17:59:42+00:00,2026-10-05T16:15:01+00:00,0.6369,positive
edcd3a4155631fdc,SOL,news,24/7 Wall St.,"Ethereum: A 57% Rise Last Quarter. Can It Reach $3,000 Again?",https://news.google.com/rss/articles/CBMitAFBVV95cUxPYUlJQ3JnaFoyUWdOZEhvb01wX0JkQkR2Y1ZIUGw4ZUxIajd3SjNxTkwwR0x4TTJGbTBvU01lTHJMaEhsSlh1TktuaUFCZmJYaVNpQzdReXJrMUtfOU4tRk9zWDRRUFNjMnpTWUFnQ2tjTWhyRTMxZmxGalFGLWZJWHhZTEdRV2gtWTZNMWtOU1V4eDU1eEg5NXp6R3MyZUVtcENPZkJfSTJuRkxFSDh6Z2Zla3E?oc=5,2026-10-01T17:30:00+00:00,2026-10-05T16:15:01+00:00,0.0258,neutral
reddit_1wv5h3z,SOL,reddit,r/solana,Drift Opens DFX Claims for Users Affected by April Exploit,https://www.reddit.com/r/solana/comments/1wv5h3z/drift_opens_dfx_claims_for_users_affected_by/,2026-10-01T17:22:27+00:00,2026-10-05T16:17:07+00:00,-0.7783,negative
c81f92fa1345ae1e,BTC,news,Decrypt,It's the Start of Uptober. Will Bitcoin Live Up to It?,https://decrypt.co/379833/uptober-will-bitcoin-live-up-to-it,2026-10-01T17:11:44+00:00,2026-10-05T16:15:01+00:00,0.4854,positive
5d347eb7645a81d1,SOL,news,24/7 Wall St.,"Ethereum Was the Best Major of the Last Quarter at 57% and Still Sits 46% Below Its High. Is $3,000 the Next Stop?",https://news.google.com/rss/articles/CBMi-wFBVV95cUxPa1ZBNy1NMmtrdW1xVWF3bkxLaXhtZlhBeXR2cG1LMURURTBXOXp4SVpPdjRTOTR0SWlEc2VGRmtPZzM5VTJSYmxXREtPc0hYMDNBVThNUzhBRjMyZzFpSUU0Y3h4aEQtdmJoWVczSWkxT21ZVndyQm9GQ1M5MktlTlZ2cG50V2l5Uy1yYnRlUGVNb3NrcGlnVHgzbWRfVGU2WkFtRVVRNUlydWtiUjZLWWdQQ1NjblZiMGFXcm1LallOTEo2SWRLWElMdW9jZnBZTndOX25sN2lBRDBJdWd3SkFfcld4dGR2LW92cjhGT2xmOUJKeXZ2R2FzTQ?oc=5,2026-10-01T16:00:00+00:00,2026-10-05T16:15:01+00:00,0.4588,positive
reddit_1wv2he1,SOL,reddit,r/solana,"Introducing Flint, Building A Fully On-chain Perps On Solana",https://www.reddit.com/r/solana/comments/1wv2he1/introducing_flint_building_a_fully_onchain_perps/,2026-10-01T15:29:27+00:00,2026-10-05T16:17:07+00:00,0.4576,positive
4ca11d3d0d2aef7a,SOL,news,cryptoticker.io,Solana price prediction: reasons for the ETF outflow,https://news.google.com/rss/articles/CBMihgFBVV95cUxPV2FOZ0luR3A5ZmtaTFZTYjZaOHRWbXJZekw1anRTeWZ3d0lWMXBvRlRJTlhENTAzX1RqMC1lMnBCRVNCRVhtWm4xN2Y3b1RkNHRoa01GZWluOFphTDhlU0ZhNXFTbnNfX0tlaS1EdkNuQTlDWGJGWk5FdmpaWHZxZFVJbnZQUQ?oc=5,2026-10-01T15:28:46+00:00,2026-10-05T16:25:37+00:00,0.0,neutral
reddit_1wv24iz,SOL,reddit,r/solana,"Colosseum Unveils Colosseum Copilot V2, Copilot That Knows What You’re Building, Not Just What’s Been Built",https://www.reddit.com/r/solana/comments/1wv24iz/colosseum_unveils_colosseum_copilot_v2_copilot/,2026-10-01T15:15:42+00:00,2026-10-05T16:17:07+00:00,-0.5423,negative
reddit_1wv1wuo,SOL,reddit,r/solana,Solana Changelog: October 1. 2026,https://www.reddit.com/r/solana/comments/1wv1wuo/solana_changelog_october_1_2026/,2026-10-01T15:07:25+00:00,2026-10-05T16:17:07+00:00,0.0772,positive
1c605af15934c9a4,SOL,news,24/7 Wall St.,Ethereum Upgrades and Solana’s ETF Inflows: Which is the Best Buy for 2030?,https://news.google.com/rss/articles/CBMiywFBVV95cUxOeXVMLVBBZ25ud19iMURGZjRNaXlPSnVTcHVSYTMtbFAyUTRvTGJVcHBzck50c0VIdG95UF9YNG1EOXdKRmhYWjNGd1BtM1VNX1pNblVDX0xYS2FyeEdHSzlVSDlfcGN4cmVaMkNkZW4waHB0ekg2Wlgtc0xQazJ1OERLaWgxV29SaHhtVjRram5tRUlYLWVqUVhuanQ2TzBOWFJUdll3MW44c25BU013ME1kUENjQWxHbGVtMUg3RXNFV0NrNDVSLS1PVQ?oc=5,2026-10-01T15:00:00+00:00,2026-10-05T16:15:01+00:00,0.7351,positive
dc750515abf6e3e9,SOL,news,Yahoo Finance,Solana Price Prediction: Alpenglow Upgrade Could Push SOL to $150,https://news.google.com/rss/articles/CBMiqgFBVV95cUxNSThhRUhveVk0c0JiSEJpamxrU0dtVFZzaE0tLVVxeWdiN0JoV1dhYzRiWF9jZ25aUWNxUlpTZnUwUzhvT3JqZ0J2b3Q3UllUVVBWZVpYc3lzSDlLdTFWcEJQNk9na2pxQThXclMyM3J5TlNRWDBoNnZ0R3lBeDFVUkdJVlRPMWYwbFozbnItYVJnTjdKQTFmYVEtNDgwWWxGUmJRMW55b09lUQ?oc=5,2026-10-01T14:53:35+00:00,2026-10-05T16:15:01+00:00,0.0,neutral
3b639430ef749047,SOL,news,24/7 Wall St.,Walmart-Backed OnePay Now Sells Solana and Arbitrum. Does a Retail App Listing Influence Price?,https://news.google.com/rss/articles/CBMi5wFBVV95cUxQQlJrQW16X3QxT0FQNGZWS2l0YTFTTTJ5V3NvTk1lWkNEVU11b0VMblBLdk5jVDR2SEJ0T2tfR3dXY00xNnJLdWd2by1ldU1iQU9NSnNSdmV1WnJpeUJ5d3FNYUJXSlBRTnkyOXhwbVZmbDRDbVA2ZDBuRnlhRTNrQTBjM1RGSFJmY1lnbWFLY016cU9hZlNRbTRmQlpyQkV1YUpmaXJUby0tYTlVeTFTbHd2MjdjLVN2aG5LUWFYTS0tZDlnWDBtY0ZOejRZcWlhYm5VVmtGTy1iaTNZdkhLN09uS08wWjQ?oc=5,2026-10-01T14:30:00+00:00,2026-10-05T16:15:01+00:00,0.0,neutral
reddit_1wv0fds,SOL,reddit,r/solana,"TODAY: Solana Co. CEO Joseph Chee says China will eventually “find a way to manage crypto,” with Hong Kong likely staying its main testing ground",https://www.reddit.com/r/solana/comments/1wv0fds/today_solana_co_ceo_joseph_chee_says_china_will/,2026-10-01T14:09:14+00:00,2026-10-05T16:17:07+00:00,0.0,neutral
cfe4638da49f61c8,SOL,news,Bitcoin Foundation,Crypto Funds See $3.55B Inflows: Bitcoin Leads as Ethereum and Solana Surge,https://news.google.com/rss/articles/CBMitAFBVV95cUxNaGxCVjk5YkRYRzRVODlWS1pteUIzSmc1dlRPaUlNSDBxMzJMOWZXcmNvNTJBNkJ2VlJQNldMTzRjQ3YtUVNVU2VMQi1USDcyeFRiTi1tT1VuanJHamxkemU5SEJUbUtQd0s3LXJIZGpKVlR0OGJ0bzVNeFNIUXJrdWZGbGhydEtmSURMNVZNMTdhVHc0TW9zcmFxbnBFWFY5d3VHdkZYRWNwcUFIRWdpeUdyNlM?oc=5,2026-10-01T14:01:30+00:00,2026-10-05T16:15:01+00:00,0.6124,positive
reddit_1wv04gx,SOL,reddit,r/solana,I think social trading on Solana is missing the most important piece: what actually happens after the call,https://www.reddit.com/r/solana/comments/1wv04gx/i_think_social_trading_on_solana_is_missing_the/,2026-10-01T13:57:04+00:00,2026-10-05T16:17:07+00:00,0.9193,positive
b4c1e98bd0a74f5a,SOL,news,24/7 Wall St.,"NEAR Protocol Soars 156% in Three Months: Is It Too Late to Buy, or Is Solana a Safer Choice?",https://news.google.com/rss/articles/CBMi4gFBVV95cUxNUm5hU2NzS1BDQUE2cnU1TTJ1SXk2aEhQWFdOS05xZWJrTWlPUlVoTGdxOFZCQnZQSko2d2xPNThpNVBpQlVFc1FSbktkNFNtdFFldWxCZG9XS2RlTlp1M2xjLURqaHBod1pZT2tuVDJJZnNrd0dlRnNicGVJQUJRdlFEQWl6RzVtV1pzSURDQ3EycktJSldTb1BKTWthaVJycFowMnJ5WmtFbmM2amNPcks0VDdJOG9DT0pBZGhTMnBYZERCU2dpdzJIUGZlUU03YWdpb1lUdnBxU1hYbjU4cXFR?oc=5,2026-10-01T13:30:00+00:00,2026-10-05T16:15:01+00:00,0.743,positive
acddd6033ae6d6ef,SOL,news,Yahoo Finance,China Crypto Future: Solana Co. CEO Joseph Chee on Regulation,https://news.google.com/rss/articles/CBMimgFBVV95cUxPbWdZVEduUmVZZlF4WEdtWVFlU3BYZGljdUwzTjd6UGhSWUVZZkZ6TFJ3c3NSZkZsVWpxV1gxSVo3ZzU4Rk4zUHRZdFZHSDFQMzdETTFJOHlPbGF6MHg0VDFNdFJYWlZaZTlnNmNIdVJweEpGVHFfR0tJN19PN0xFWVJPcDNXcUZPM3V2M2gwMVMwbXppUUpQdmZR?oc=5,2026-10-01T13:02:00+00:00,2026-10-05T16:15:01+00:00,0.0,neutral
530aad866c04b487,BTC,news,CoinDesk,Bitcoin bulls just had a monster quarter. So did crypto hackers: Crypto Daily,https://news.google.com/rss/articles/CBMiyAFBVV95cUxOanFpajR0Y2FMSjlPWTJVZlZxTHhIV1paVEhfWHhmUEdxZzBsb0FXX0ljR3RFbWhZWnVZdTNrcWhpMW5ZS0ZIbENGdnJMaVJxdTBmZ09EaUt4TEg0NnVLbkxJbEZhN1RwM0VDYzM4LTQ0c25lYUFiTHE3S3dYbWJRdXNkQUh3WFpuRVpzb0pHY1FITlBzZDhxQ193a1pLZWpYM1h5Qkl2d1Q4YlYtemRNTlVYOENZMEx4ek5DS3BqOGIzeUszNkIxdQ?oc=5,2026-10-01T12:27:19+00:00,2026-10-05T16:15:01+00:00,0.0,neutral
4aa2c67594acd181,BTC,news,Yahoo Finance,"Citigroup Lifts Bitcoin Target to $113K, Ether to $3,028",https://news.google.com/rss/articles/CBMiogFBVV95cUxOVVNjMFhGcFlOVEtKLUVWUmZaS01vYmFNTXFGclZ4T3hPdy1uR1NpMDk3UnJLMTlXZnp3OVBjakd4bmtBLWJOa1hkcFp1S3dac19qTTluVkJSSUZuM2xLWEQ2cldkOHpnZ1NsWUlhQnZZSi16ekVieGZvTy11ZjU2TmVtTkJuZ2hRMmdabUpUekNLWW1iSHl5RFNPeXEyVnkwQ3c?oc=5,2026-10-01T12:25:00+00:00,2026-10-05T16:15:01+00:00,0.0,neutral
ee0349abb85b5973,ETH,news,Decrypt News,"Citi Lifts 12-Month Bitcoin Target to $113K, Ethereum to $3K",https://news.google.com/rss/articles/CBMiiwFBVV95cUxNak5yWm93NTZDX3FweGk3N0h3TWU4SnpmYkpvWE42V2xQSnI0cHhCeUVRLTlVUFVmdFJabGtZbTUxOGhNTzYwTjJuaEtZSVBsU25HSDl6Wk9RUnBnZzBmWk43b1JORURzTWt6NTUtV0RIMjJHX0JZNnNPSldHZVlqWFZZRDJ6aDJsdDBv?oc=5,2026-10-01T12:23:15+00:00,2026-10-07T05:56:27+00:00,0.0,neutral
7b1aa35d62ce04dd,SOL,news,GlobeNewswire,Solana Unchained Resets Final Presale Entry to $0.05,https://news.google.com/rss/articles/CBMiogJBVV95cUxQLUR2eUdLNkpSNG92UGxFUy1fM1pidFlhaGxUTTJfUkJobVdpQm4zNDd3Vzd6VzBpeW5oSTY1WmFWdUM4anZkTlpDa0FQVVZsamxPN1QtMHdpTzFiM2h0YVA0ZXBzYk1yMzV2bjRqTzU1MnB5YWY3YjNUbTRsUkNWSUFTdnd5MjE5S2ZzckxGU3lSLUVnM1FzRTFsTDZDb1YyUlJhZWVrMEc5U1h1cVFMckZ5QUZadlczWFNUZ0NSLUVSOEZFMUJwQmk0S2FsSk0ySW9PT05Ua1IzdXE5MWozcGFleWNpMUV1UjBwb2FYS0JhamFGZ0F4X1FXdG5vSzlKT2F2eEJxZS1sMDBDSTd2X0dCZjZwRGZYUk5qZUlLSHVUZw?oc=5,2026-10-01T12:08:11+00:00,2026-10-05T16:15:01+00:00,0.0,neutral
644d55b4a7ea745a,SOL,news,wboc.com,Solana Unchained Resets Final Presale Entry to $0.05 Alongside Tiered Bonuses as Beta Wallet and AI Infrastructure Go Live,https://news.google.com/rss/articles/CBMingJBVV95cUxQLWR4T1Qxd3p3dmZVam5QeTZhYUhCWHNaTWs3d3NtSDVnUWdSUFU2U2hob0xpWGMwbGVfbEk1bVo2VjBscUxRM2JhTmZUQWEzX3VVam41b3VMbVFvbWxPbW82TEVSaUxNTTJMTmJaTVJfUGNWdlE5TXY1YWVzanFwd0M4WXBCRHBZUkVwZnJhaXpGYlBKQURHYjVOaUV1SmQ1cTdRdFQxTXVZcExPZHRGUzU5Um94ZktMbnRUazJiQThIajBoZUtkaTBmZHhabDJwMjBXdjhuMUpPWjZXa2V5d2RiQ09CS0VIN21PUmo0U3N0SmVGMFRUSDJjc28wdHd4M20zMjIwVkpfV2s1SEd3T2UwVUhxYnJEQi1mQ3N3?oc=5,2026-10-01T12:08:11+00:00,2026-10-05T16:25:37+00:00,0.5574,positive
c80bba482166d03b,SOL,news,24/7 Wall St.,Bitcoin Outperforms Stocks and Gold in September: What Surpassed Bitcoin?,https://news.google.com/rss/articles/CBMiygFBVV95cUxPWjEwSVNvVjZjeHlqNnd0RkV2U2RsS2lxRjdseW5ydURFNkxpNUJKS0dZbUlqQjBZTFdCanM3TEFRdFFEd0J2a3ZfZENJemh2NlpsNGdXLTVHTDNlbWFyTUpiT19ucm4xblVHLVRRSGZseElMM1NNeXNGNW1vSk9keGFjV3JUZUlSR2JHTFozaEstMlJtYjA2RndsMDN3dlJWZE5uMHYxdGYzZXZaZXo0YlZlMkJ4UnpBZzBFZ2hKMUtDLUp3QUxKZEVn?oc=5,2026-10-01T11:43:00+00:00,2026-10-05T16:15:01+00:00,0.0,neutral
4017deea573b1159,ETH,news,Yahoo Finance,"Bitcoin and ethereum prices today, Thursday, October 1, 2026: Not much price movement this morning, but Citigroup says that will change",https://news.google.com/rss/articles/CBMirwJBVV95cUxNVk5RQnpncFltRVhHLWduMDd5TEZheDRPZ01xSWV6NVJDc1pfc2lYb1F0YzlGVWlWeG9QQnp0SWw4UnpTNzk1MmFnSE9fb0lybjAwbzl5MXgtMzRlVk9pUnVyM3NyYTJXREREUWNLVEpNdXlOeFVMRGNFbFNzNGxvdUd5azdBWkJvcXd2di1VUlF5OE5ET1FweEZMQm8wNWZYbklNeTNJUEpUSFVQcXVXclZ2ZVdLTjlBVW1jd1d6blplSUlxNWZDVFB0dHdXWXozaTdsZFJ0UlRtUlo5V0J4b0kwcGN6NXJMMDR0OVRBM21iYWxXWTZsY0Z0UmtvdzRxcGJSMUJGbUp6OGdpSWJUN3ZoSmFRaEoxdEZzVjBJMHlTQ3JBTk5taXVqY1AwY1k?oc=5,2026-10-01T11:33:13+00:00,2026-10-05T16:15:01+00:00,0.0,neutral
4017deea573b1159,BTC,news,Yahoo Finance,"Bitcoin and ethereum prices today, Thursday, October 1, 2026: Not much price movement this morning, but Citigroup says that will change",https://news.google.com/rss/articles/CBMirwJBVV95cUxNVk5RQnpncFltRVhHLWduMDd5TEZheDRPZ01xSWV6NVJDc1pfc2lYb1F0YzlGVWlWeG9QQnp0SWw4UnpTNzk1MmFnSE9fb0lybjAwbzl5MXgtMzRlVk9pUnVyM3NyYTJXREREUWNLVEpNdXlOeFVMRGNFbFNzNGxvdUd5azdBWkJvcXd2di1VUlF5OE5ET1FweEZMQm8wNWZYbklNeTNJUEpUSFVQcXVXclZ2ZVdLTjlBVW1jd1d6blplSUlxNWZDVFB0dHdXWXozaTdsZFJ0UlRtUlo5V0J4b0kwcGN6NXJMMDR0OVRBM21iYWxXWTZsY0Z0UmtvdzRxcGJSMUJGbUp6OGdpSWJUN3ZoSmFRaEoxdEZzVjBJMHlTQ3JBTk5taXVqY1AwY1k?oc=5,2026-10-01T11:33:13+00:00,2026-10-05T16:15:01+00:00,0.0,neutral
reddit_1wuwubx,SOL,reddit,r/solana,I added a refusal report to the trading tool i am building on Solana,https://www.reddit.com/r/solana/comments/1wuwubx/i_added_a_refusal_report_to_the_trading_tool_i_am/,2026-10-01T11:22:28+00:00,2026-10-05T16:17:07+00:00,-0.5046,negative
89d7f7513aadc9ab,ETH,news,CryptoSlate,Ethereum is preparing a 200 million gas push as its Layer 1 scaling strategy accelerates,https://news.google.com/rss/articles/CBMiswFBVV95cUxQWTdTb1FkOXVDak1keW5QVUxNdzRFVTlEczVtVjNBSHFLOVdfUVhReU55UzFnSnh2THJZN2RuVFA5eVAwSENSNGc1bTNxT3N5ZnZYUUJUN0hIaC1lYjB0dUNNbXpkSTdoSlZ3QW01cnNuUXBhWWYyZjl0aWRMWHgtazcxTnl3TmhOTXotWG9uSzdROUp1Mm51bnJOTUk3SU93RTM2SHFReGVNeGJsUV82SUpOTQ?oc=5,2026-10-01T11:20:17+00:00,2026-10-05T16:15:01+00:00,0.0,neutral
d2149a521fbef9ba,ETH,news,Stocktwits,"BTC Outlook: Citi Reverses Two Price Target Cuts, Sees Bitcoin Reaching $113K In 12 Months",https://news.google.com/rss/articles/CBMi5AFBVV95cUxNVE9lYUtxSTVQM1UzaVpuclBlRktUV3hZd0d3cTNQd0gyYWg0emw2VkZCMWgxTnJyTHhMc3MybUI1ZVZ1RzNXdXNvVUlkRW5sYUtCeExYRTAxTGNlMTJWZmVBVXh2NGN0Yk1JVXlIWkJVVVlzT0lvdGtLOWg4WmtDMXlpNDVfUTdFQV9ydGRHYXFHT0ZXOE93ZTJDcXpFT2Fnb25xUW5VUTdSMk96V0pUTm9oZ1VMVzBsd3Zha2FIdThUQzc2SU5hazJJWGYySDJzcWxWcmNiYjFNWEFTX2RZa2ZwU04?oc=5,2026-10-01T11:02:00+00:00,2026-10-05T16:15:01+00:00,-0.1027,negative
5a8dd305702aeed5,BTC,news,Yahoo Finance,Bitcoin just landed a surprising new bull,https://news.google.com/rss/articles/CBMiqAFBVV95cUxOSHptNHNLakpPOUltUERnSnQxeFZ4S0JtMmN2NDhabU1UTEU3SzN2RFJPMkxIZ0tjbkFsNHFrQmFhQXhiSXJmV0FybzFkcTM1TWgwTTJqTUplVEhWMVhPb3lPbExCTHlManRFODdaT1RkekFVTTVLYlVtaEo4Nk84SGFJejZncWdVd1ZrMi1nMnM1Z19KeTR5VFdvNENQdjVwanJ3SFZZUmk?oc=5,2026-10-01T10:43:34+00:00,2026-10-05T16:15:01+00:00,0.2732,positive
9309789ead9bd321,SOL,news,CryptoRank,Solana’s $100 Support Wall Could Be Setting the Stage for a 10X Move,https://news.google.com/rss/articles/CBMipwFBVV95cUxOZHpfVWVCbmg2R0lNR0lfcExsekZPN1A5enlOZkJxckhkaUNZcmROc25QcU5Pb0lDWE0yaG5BU3JSSUR1NEZoY0dhU05LRzdQdlZSaXhRY05SdTg2LU5LRVlfdHlSc25qVFFSYTdlVXhqc2Vlb0xWYXA4WEliZE5IcGZObWJmRnVjSWE1bmc3c3lkNU5nOEJOVkxSNC1HV1lNZDNSR1ZEdw?oc=5,2026-10-01T09:49:43+00:00,2026-10-05T16:15:01+00:00,0.4019,positive
db614aaf5bac3777,BTC,news,Yahoo Finance,"Bitcoin Price Tests $85,000 as Citi Raises Target to $113K",https://news.google.com/rss/articles/CBMilgFBVV95cUxPdFBvbnFteG4yS3IxWmRZN0phWVM3YVh6M21kZHJJRHF4aEJsSUJtOUh5c1dWQmZJSG1YV3pqZ3BSTmlmNi10X0ZMM1RYOUdCTEI0eUoxZEhqR3hzRmpCcnVPVVYwNDNab0F4NUg0aEhxN2RoOUpKNVRWTkQ4Y29BYVk2Y3lDTGRSNkRnWHlUNS1lUnV6ZEE?oc=5,2026-10-01T09:01:54+00:00,2026-10-05T16:15:01+00:00,0.0,neutral
32bbfc66b3e80f0a,BTC,news,Reuters,"Citi raises bitcoin, ether forecasts on strong crypto activity",https://news.google.com/rss/articles/CBMisAFBVV95cUxPVHIxQ2w0Yk5PREktR1RYTlhhbF9DY2tMNTZnVmk0V2dNUTQ3NlRnNHdFVGRZcUtsa2drNGdIZTlhcXFtaUJpaDIwQTJLeEFwaW1DUWhGTWxhMXdIblplX2NqcVIwdWlRdkphUmRhRzZvY3EtZ3pyRE1tM2MwV3dzSENXaHBzY2syUmtHWmF5Q1pwUHF1am05eFJMOF9zaXp4S1J6aldBVmN5OUNKMTUzTA?oc=5,2026-10-01T08:52:56+00:00,2026-10-05T16:15:01+00:00,0.5106,positive
80a6e3faac14e0b2,ETH,news,CoinDesk,MetaMask exits Ethereum validators after attacker diverts staking rewards,https://news.google.com/rss/articles/CBMiywFBVV95cUxPRWJna0VPYzgtRHlEU0hBSlFZMkhDS2N6SHBuenR5NE9ia2VrcUhJZ0JMejNJcHNfYzJHT05zT0VXQk10YUs5cXJiVlNENWt4TV82aUJzWkNIamU2WXZQN2pYbndnRkZab3JzUFdrdXpMV2lVS2gtdWN1bGFKZEdjcVdFNk8zS0RyWTRYczhnMVJVNzhsR19IdEZtdEwxQzdOUHlQdU9jWmZ0WmJ6RWZFcnNRSUNWd053R18ySnJrX21QajQyb0kwR2VwMA?oc=5,2026-10-01T07:30:43+00:00,2026-10-05T16:15:01+00:00,-0.1531,negative
7c459e693189f180,BTC,news,NerdWallet,5 Best-Performing Cryptocurrencies with Market Caps Above $10 Billion,https://news.google.com/rss/articles/CBMigAFBVV95cUxNa1I3WG9jckJhSm9GQl82Vm85SExrZUNNbk1HcVEyamwxQWN0MlhzeHMtcno0SFVMSml6SlRkY2hmemJxdUJCRHQ0NWtwR1FHejVleUd1WGRiLWxBQTNyYTQzOGg0c0o0MFlCVlpmVjJfSnFTTFR2a1EtM1F3R3kxWg?oc=5,2026-10-01T07:00:00+00:00,2026-10-05T16:15:01+00:00,0.0,neutral
83f83b5315544c86,ETH,news,CryptoRank,Ethereum and XRP sentiment has suddenly turned very negative,https://news.google.com/rss/articles/CBMinwFBVV95cUxONTl2czF5cEdUNTlyTGRYaXU5akF2Q3hZV2tDNVh5U0RSdFlENmY1VXpWTE8xeFBxRGxlZDhpVk9Gc1N0MFFEdUtPbFpJQUZGNm5QMFdNWENXVkg2Q2FoTGJmTFRzREd1Ml8yTGlrNmVwN2UtWjVIWVNSb3ZsQjhKV2R5dUdpckxzdGNPajFUMWowMTB4dWdzLUN2eGRqQlk?oc=5,2026-10-01T07:00:00+00:00,2026-10-05T16:15:01+00:00,-0.6115,negative
d4a0cf2630b2db9f,ETH,news,CoinDesk,Cathie Wood says smart investors need to start watching where AI agents spend money,https://news.google.com/rss/articles/CBMixgFBVV95cUxOaDlDcGt1SHdmSU5uM3JUZ0hzckpIRll3ZEI1bnRZaWZIMVVYWWExUTU3cndVQmltbVlDLXdPU1ppMnJyTHhxeUc1UHBvWkxnSTFhb2JzVjExTEdRZlhlbW83eXluMHFoS1Y0Q1NpWDhUOHYyRk9uTnY1WVc4cTNidE5CRXBDUzJkN25Renk4NDVtWWNZUC1UUFJ2Y01YR2N3LXd2Z2NtaFNScHIyck9sVFJIR1NFSVpZOXhBLUVqVDBkOUxzUnc?oc=5,2026-10-01T07:00:00+00:00,2026-10-06T22:39:53+00:00,0.4019,positive
74b68fa29fe4e13e,SOL,news,uk.finance.yahoo.com,Tap Global Adds 500 Solana Tokens to Digital Asset Reserve,https://news.google.com/rss/articles/CBMigAFBVV95cUxOZ09oWlRrbWdDWGgyeXdNbm5lSVRSbjZidUhhV1RxU0I3UVdmM1ZselhhQmcxdkdCWEpwZXBPVEl5ZVV5Mm5JWm9ZUWd2cUtfWkVKdE9NQURYelZzRmxwYkwtcUNNZHAyWTNQaUpnQjZpejRjbkpyTHZLd2tpSUpsSA?oc=5,2026-10-01T06:55:49+00:00,2026-10-05T16:15:01+00:00,0.3612,positive
c7f028ee8fa995b7,SOL,news,CryptoRank,Solana (SOL) Breakout Incoming: How High Can the Price Go?,https://news.google.com/rss/articles/CBMilwFBVV95cUxPU3dpelc5aC1iTFByWC1lS2NhSzJuZGIzMzBPQUZhanYycjBXMW5MTzRoaUMwUHlhUEE1bFNIeXI4Q2h2d3N6YVNVLWVPLWtzelJ1aVQ1UmQwRFptblZRZ2xNTVFuZEUwcHNSY1JDdnBEX3VnRlIwRVNLa1BVMWU3MkI5ZUJrR1N0eTNsNXRqUFM3UmxWRVdZ?oc=5,2026-10-01T06:17:18+00:00,2026-10-05T16:15:01+00:00,0.3612,positive
a0f28f52d4d31c4b,SOL,news,TradingView,REG - Tap Global Group PLC - DAIS Solana Purchase,https://news.google.com/rss/articles/CBMivgFBVV95cUxPb3djN1dVYlEtVkJacVZyZnZ0andVVFh6VjdDN1cwYUpLeFY4NVZLTWVrUVpqRm9UczJSdm4yX3JZUEx2NUV4QjQyUkhKMlpjUGRSZVpVU3F6eFk1aDZtOUpjOXZZWS1NWXVqU081SnRCSHhTU0Z6QWIzX1BWTWtVRUR5NUE4a29HbkZuN1NKaG1hLThXZTFhXzVuS19aV2FpLTNmeEdmb0d1SnM3eXBQQnRvRWFzZjNBSFJTSFF3?oc=5,2026-10-01T06:00:00+00:00,2026-10-05T16:15:01+00:00,0.0,neutral
reddit_1wuqooj,ETH,reddit,r/ethereum,"Daily General Discussion October 01, 2026",https://www.reddit.com/r/ethereum/comments/1wuqooj/daily_general_discussion_october_01_2026/,2026-10-01T05:01:25+00:00,2026-10-05T16:17:07+00:00,0.7393,positive
27acfbc4c8744d57,ETH,news,CoinDesk,"DOGE price: Dogecoin gets Ethereum-style testnet for trading, lending and stablecoins",https://news.google.com/rss/articles/CBMivgFBVV95cUxPZ0RSWWZ3S29BRzhIWm5aMVlLLVJoeHYySk5rRjNDOGhKbVhmcHdxZi1NNklIdFhEVnFhSmQycUdMaURZY2tpM0IyYi11VE1qOEpHR2x2UHdQYkZRUFpqSGpsQXpWd0lxdnZmbU5SSTQyNl9FTzh4bmFwSVhOOWlfRUNqNzZyMVRrUmtYSmZlbzYyeGxlcHV2aWluOF9NaWRBV3RXR0dxdGxETXhISXRnTUZ3QVNIbDYyb3pLRF93?oc=5,2026-10-01T04:58:52+00:00,2026-10-07T23:04:10+00:00,0.0,neutral
reddit_1wuqiwd,SOL,reddit,r/solana,Raydium is leading Solana’s tokenized stocks and commodities market in trading activity with $6.16B cumulative volume since March 2025.,https://www.reddit.com/r/solana/comments/1wuqiwd/raydium_is_leading_solanas_tokenized_stocks_and/,2026-10-01T04:52:39+00:00,2026-10-05T16:17:07+00:00,0.0,neutral
84d8250ed7a0752b,BTC,news,CoinDesk,"BTC price: Bitcoin's soft-inflation pop to $85,500 fades as bond yields refuse to fall",https://news.google.com/rss/articles/CBMivgFBVV95cUxObDFnTTZwNGZFcjVSbmxjRGdrQm9PWndad3FpRG51bjhfTXJqLVNMRVJfY3FKUWpaRWFUNTBjYkFIb2c2VDhLRDZndnRZODE2UHFEQjBEWnpVXzF4Z290amR2aWpDSGY5dTlDd1BUYkpFSUtZd24zdDczeDZxOGFobGxOVFJvZUt4Z0VGdnVLRDNBYjM4a1daSnJST25SeFViTS1SYkdsa0RoSkZyNERQMEhxbnlRdmNlOXVnWEZn?oc=5,2026-10-01T04:15:20+00:00,2026-10-05T16:15:01+00:00,-0.296,negative
a2ef620dcfeacf04,SOL,news,WSJ,"China Will Find a Way to Manage Crypto, Solana Co.’s CEO Says",https://news.google.com/rss/articles/CBMipgFBVV95cUxQNnlnaDNVR010dHlmUFV6WFIxVElpQXpKYWVZeXNyNkQwWlJ4Q0V3RXhUanNQTVAzd3BZTVJabGQzemUwMFNsUTJBR1owdHRNMHV5TGd3RFd2dFFpOWxFUUZzUWVtUWpBUWF5eXlHdk84MnFlOTBiZGRES1ZqQjFueHBjaUV1dW1YWm5ab0U3YVdzWGE4aTRhYkRIcDZBNUQxM3p3S0Z3?oc=5,2026-10-01T03:17:00+00:00,2026-10-05T16:15:01+00:00,0.0,neutral
reddit_1wuo08m,SOL,reddit,r/solana,"$MU, From Micron Technology, Is Now Listed On Solana Via Sunrise, Issued By Backpack Securities",https://www.reddit.com/r/solana/comments/1wuo08m/mu_from_micron_technology_is_now_listed_on_solana/,2026-10-01T02:37:00+00:00,2026-10-05T16:17:07+00:00,0.296,positive
04a3b166093e6710,BTC,news,Bitcoin Magazine,Bitcoin's Institutional Era Has Arrived | Robinhood VP Of Crypto Institutions Nicola White,https://news.google.com/rss/articles/CBMivwFBVV95cUxPOWxkWDlxelBERTk4MlRDNXVhMi1hNUZXME9CQVpWak05VkNwR0k2c3FnaTY3cGRKdFhYRjlfOWxPY1RxSzdYN2NHai1vN0M2bFU3YllSUHNZZW5BaXFvdWU3emVHQ3ZrNy1jQjJIWlNJRlplLVBHRFVHTDMzejRsS3lJY3JadEthVEFVekdDb2VacTgxaXRhNzcyS2FpNUlwZWdzOF9LbFBqNjl2VE1EbFVkMXhwV1gzV3hodFJmaw?oc=5,2026-10-01T00:52:48+00:00,2026-10-05T16:15:01+00:00,0.0,neutral
df725f64a518d7ff,BTC,news,Bitcoin Foundation,Bitcoin Price Prediction 2026: Will BTC Finally Rally to 100k?,https://news.google.com/rss/articles/CBMinAFBVV95cUxOUnhoZkJIZzNLOHpEZ25IdGR3cm43N0JTRDJkdnppalNkV0oydExScFRZc1VnZFdTbXN1cHZsSU44VzU0R0RnRWkzSnM4cS1xam1kUklfSldJRHdUQTlvWUQtM0dZRnJabmtEVWVFcHpzODh1SzB4SE5OYzJXdjRtNTJTUThTdTU4aGh2aUU1OWFlWWctTzJBdUYwNlo?oc=5,2026-09-30T23:00:00+00:00,2026-10-05T16:15:01+00:00,0.4588,positive
6e301bf4e2975b59,SOL,news,CryptoRank,USD.AI Takes USDai and sUSDai to Solana as Cross-Chain Volume Tops $2B,https://news.google.com/rss/articles/CBMilwFBVV95cUxOQzVVbkYwX1JGOGU0dEIxOF9aLU9vVUJWVjlXOG9OR1Q3UHBvT1JqU3BwMVJwSjRKck5hLVM2clItRW5hcnQ5VEZ6RTZlUnhNTENRYzhrdUxuQzJfX1plRDFMX0N5aFItbWJLZnBpVTVwNGtWeFRhai1uamZ3aXY5SnhJdXh5QnRLeU5OMlRBU09FeXRSb19j?oc=5,2026-09-30T22:24:29+00:00,2026-10-05T16:15:01+00:00,0.5106,positive
c0f7166a4277086d,SOL,news,Yahoo Finance,"Crypto Kicks Off Q4 With More Momentum Than Stocks or Gold: Which Will Carry Bitcoin, XRP, or Solana the Furthest?",https://news.google.com/rss/articles/CBMikwFBVV95cUxOVWRIaFNPWmMza0JLSDdYbG9LQkZyUlJIZmhlREZ6MlFlQ3NKVFh3US13YWtyd2JWeWVCYTNBUVh4UGpjS1VzeEs0S1NPUGVJa21EdDgzUW5ZcVdJQU5BVDlfczR6eUh4MHFzU2h6d0lfSXJLU2VlUnc2cFZpamhLQ05ENHB0NGk2eUtDcy1jRlFyUDg?oc=5,2026-09-30T22:14:59+00:00,2026-10-05T16:15:01+00:00,0.0,neutral
e1427a4a74babcd1,BTC,news,Benzinga,"Bitcoin, Ethereum, XRP Are Stuck—So Where Is Crypto Money Actually Going?",https://news.google.com/rss/articles/CBMizAFBVV95cUxPbzNKTTRPYkt6WmIySURGa0FSdElqY2ZqeU5kTDA1T2RXcFBHeTZiQTBHY2ljNWpZZVNoaENGd3lNdEM0ZHVvcHZTcUNXdVhWd1JCOV9VRnNpZkZiWGY1bjkzRU9ySk1lYldVLWd1ZGw5S05RZzhhM1FOd1F1d090MzByVXVIbXlyNWlrVnVXYjRLaTF2eS1wT2xSYlQzem5NRERCTjhrUGlTLXVsbWMtOWl3aFMxQjhTVDl2V3RzYlNqUDNMeUtjRmRSNG8?oc=5,2026-09-30T21:01:27+00:00,2026-10-06T06:25:21+00:00,0.0,neutral
e1427a4a74babcd1,ETH,news,Benzinga,"Bitcoin, Ethereum, XRP Are Stuck—So Where Is Crypto Money Actually Going?",https://news.google.com/rss/articles/CBMizAFBVV95cUxPbzNKTTRPYkt6WmIySURGa0FSdElqY2ZqeU5kTDA1T2RXcFBHeTZiQTBHY2ljNWpZZVNoaENGd3lNdEM0ZHVvcHZTcUNXdVhWd1JCOV9VRnNpZkZiWGY1bjkzRU9ySk1lYldVLWd1ZGw5S05RZzhhM1FOd1F1d090MzByVXVIbXlyNWlrVnVXYjRLaTF2eS1wT2xSYlQzem5NRERCTjhrUGlTLXVsbWMtOWl3aFMxQjhTVDl2V3RzYlNqUDNMeUtjRmRSNG8?oc=5,2026-09-30T21:01:27+00:00,2026-10-06T06:25:21+00:00,0.0,neutral
reddit_1wugkny,SOL,reddit,r/solana,The Index Podcast - Is The 9:30 To 4 Stock Market About To Become Obsolete? - Raydium,https://www.reddit.com/r/solana/comments/1wugkny/the_index_podcast_is_the_930_to_4_stock_market/,2026-09-30T20:56:12+00:00,2026-10-05T16:17:07+00:00,-0.296,negative
reddit_1wugizb,SOL,reddit,r/solana,The Index Podcast - Horizons Law: Who's Legally Liable When a $100M Wallet Hack Happens?,https://www.reddit.com/r/solana/comments/1wugizb/the_index_podcast_horizons_law_whos_legally/,2026-09-30T20:54:14+00:00,2026-10-05T16:17:07+00:00,-0.4767,negative
reddit_1wufurs,SOL,reddit,r/solana,"Introducing Solana Scholars: Funded, 3-month Research Internships For PhD Students",https://www.reddit.com/r/solana/comments/1wufurs/introducing_solana_scholars_funded_3month/,2026-09-30T20:27:08+00:00,2026-10-05T16:17:07+00:00,0.0,neutral
reddit_1wufs1q,SOL,reddit,r/solana,"Quant ($QNT) Is Now Listed On Solana Via Sunrise, Issued By Backpack Securities",https://www.reddit.com/r/solana/comments/1wufs1q/quant_qnt_is_now_listed_on_solana_via_sunrise/,2026-09-30T20:24:17+00:00,2026-10-05T16:17:07+00:00,0.296,positive
reddit_1wufrsu,SOL,reddit,r/solana,"$BE, From Bloom Energy Corporation, Is Now Listed On Solana Via Sunrise, Issued By Backpack Securities",https://www.reddit.com/r/solana/comments/1wufrsu/be_from_bloom_energy_corporation_is_now_listed_on/,2026-09-30T20:24:01+00:00,2026-10-05T16:17:07+00:00,0.6705,positive
8a979ebc4f2fcbdc,BTC,news,24/7 Wall St.,A Senate Bill Would Make Small Stablecoin Purchases Tax-Free and Close Crypto's Wash-Sale Loophole. What Changes for Bitcoin and XRP Holders?,https://news.google.com/rss/articles/CBMiowJBVV95cUxQeDd5S0czTUs1cjFueUNwX3o2MndWUVFLdmg0RzhGQ1hqaEZTaFpRSzdkdnZXLWV6VnJzS1NoaWduZlZLYTItM1BwMUFwcUJwVzllcU0tZW1IRWVsVnk4SDVlRDRFQi1oU3NQY0s4dzQ2MjlEYmtoSkxaMGZLbTBWb2RJUE9Id2RRNDFMZk5HTFlvc0VkSzRaZnRuX0xhdWJlOGJ6TVZLTXE4NWY3VXpNU1RSS2cyVmFNcl8zZnlZbExOWGY5OGRlV2xvaEdmQ1FxZUE3cXVWMzVoT3FWNGJpT2xIR2JVbjNMMDlLa19OMmljcFVrZUU3b2x5VDhvWldkMDhlVGpKZHpHRzY5TTVqWWQ0akpWRlVONkJVY1BfVm5JY1U?oc=5,2026-09-30T19:57:00+00:00,2026-10-05T16:15:01+00:00,0.0,neutral
b3af2e0e65ed017f,SOL,news,24/7 Wall St.,Lion Group Sells Solana to Invest in Hyperliquid: A Smart Move or a Risky One?,https://news.google.com/rss/articles/CBMi0AFBVV95cUxQajRyTEEwQ0NCeFdDYldnU3FDdThtZkY5UW04UTlOQjlhSjk3WG1sdWRvZmpMT0lzRVdUN0VsMGdFZDhhbExWN0dhMlpjMHpZQzVKNU80S29keDlocklXMlF0Z0hHNE93LTNyZ25xZk04T0g1anVsWEswS05SaW5Bb1JXcUFmSGFrLTdpNE1GMjdzblBpU2MwWXhxT2wtWTU0NXJpYTN6N3prMjI0b2RGcFVNSHh4dHBkdUJMcThGN2lxSnBoSzNVREotUEtnNW9I?oc=5,2026-09-30T19:09:00+00:00,2026-10-05T16:15:01+00:00,0.2263,positive
reddit_1wucy7m,SOL,reddit,r/solana,Has anyone here successfully received API access to world.xyz?,https://www.reddit.com/r/solana/comments/1wucy7m/has_anyone_here_successfully_received_api_access/,2026-09-30T18:36:18+00:00,2026-10-05T16:17:07+00:00,0.2732,positive
reddit_1wucnja,SOL,reddit,r/solana,Decrypt Media And Myriad Markets Introduce The Information Exchange On Solana,https://www.reddit.com/r/solana/comments/1wucnja/decrypt_media_and_myriad_markets_introduce_the/,2026-09-30T18:25:08+00:00,2026-10-05T16:17:07+00:00,0.0,neutral
reddit_1wucjtf,SOL,reddit,r/solana,"OUSD, The Open USD From Open Standard, Is Now Live On Solana",https://www.reddit.com/r/solana/comments/1wucjtf/ousd_the_open_usd_from_open_standard_is_now_live/,2026-09-30T18:21:11+00:00,2026-10-05T16:17:07+00:00,-0.296,negative
reddit_1wu9p5h,ETH,reddit,r/ethereum,Is a global voting system possible?,https://www.reddit.com/r/ethereum/comments/1wu9p5h/is_a_global_voting_system_possible/,2026-09-30T16:35:29+00:00,2026-10-05T16:17:07+00:00,-0.3818,negative
reddit_1wu966i,SOL,reddit,r/solana,Jupiter First to Support Readable Offchain Signing on Hardware Wallets,https://www.reddit.com/r/solana/comments/1wu966i/jupiter_first_to_support_readable_offchain/,2026-09-30T16:15:45+00:00,2026-10-05T16:17:07+00:00,0.8555,positive
reddit_1wu95sh,SOL,reddit,r/solana,I'm pairing a Keystone device with a browser wallet. How are you running it?,https://www.reddit.com/r/solana/comments/1wu95sh/im_pairing_a_keystone_device_with_a_browser/,2026-09-30T16:15:20+00:00,2026-10-05T16:17:07+00:00,-0.7452,negative
reddit_1wu9131,SOL,reddit,r/solana,Fermi Labs Unveils Fermi Trade Perpetuals Exchange for Solana Traders,https://www.reddit.com/r/solana/comments/1wu9131/fermi_labs_unveils_fermi_trade_perpetuals/,2026-09-30T16:10:31+00:00,2026-10-05T16:17:07+00:00,0.0,neutral
8c93b853d51595a0,BTC,news,Yahoo Finance,What cooler PCE inflation means for bitcoin and crypto,https://news.google.com/rss/articles/CBMiiAFBVV95cUxNWkU3SVY1cjBBNmJKTFRtVmwwUTNwb2liM180aGFJUVhNUjFQci1sR2hMaFFpQjhOY0tyeENIcV92aDR3YUl2MTY5YUxMV1d0dlI0azlfZVhyYk9EWVVzVzE3WlRuQVBRNExoNDRCQkJkLUZPZTg1LV9Bd09lOG9FcjJrNDlCdVlr?oc=5,2026-09-30T15:54:42+00:00,2026-10-05T16:15:01+00:00,0.0,neutral
0d44d75e71f72f35,SOL,news,LinkedIn,"#CryptoCorner Season 2 | Bitcoin Gains In September; Institutional Adoption & Security - Bitcoin hovers near $84,000, eyeing resistance at $86,000–$88,000 - Strong September closes across crypto; Polkadot (+44%) and Avalanche (+56%) lead alternative co",https://news.google.com/rss/articles/CBMirwFBVV95cUxQRDRVMXE1ZXRZQUVGLS1tQVBuSmVJUzFlVXNqTS1PNVlEM3ExZW1FSU0tNFdTc1RiS3pKTEtHZFFKSmdLX3ZmSnRweXdMVjRXRVp3NlMwWjJtU0NRajBZeFFPS2tUd09TYnlrZ1BzSWhfOExUdXpMVlNKMFlHYUF4dWhyY2hrNW02b25VY0V4OXF5ckZQeWhya3lBWU9nU3pGbVZWTUZ5VHZteVBsZ2U0?oc=5,2026-09-30T14:25:10+00:00,2026-10-05T16:15:01+00:00,0.7964,positive
0d44d75e71f72f35,ETH,news,LinkedIn,"#CryptoCorner Season 2 | Bitcoin Gains In September; Institutional Adoption & Security - Bitcoin hovers near $84,000, eyeing resistance at $86,000–$88,000 - Strong September closes across crypto; Polkadot (+44%) and Avalanche (+56%) lead alternative co",https://news.google.com/rss/articles/CBMirwFBVV95cUxQRDRVMXE1ZXRZQUVGLS1tQVBuSmVJUzFlVXNqTS1PNVlEM3ExZW1FSU0tNFdTc1RiS3pKTEtHZFFKSmdLX3ZmSnRweXdMVjRXRVp3NlMwWjJtU0NRajBZeFFPS2tUd09TYnlrZ1BzSWhfOExUdXpMVlNKMFlHYUF4dWhyY2hrNW02b25VY0V4OXF5ckZQeWhya3lBWU9nU3pGbVZWTUZ5VHZteVBsZ2U0?oc=5,2026-09-30T14:25:10+00:00,2026-10-05T16:15:01+00:00,0.7964,positive
reddit_1wu60gr,SOL,reddit,r/solana,"Capital Markets - Capital And Chain #16: Solana ETFs Draw $188.2M, Kamino Launches Fixed Rates",https://www.reddit.com/r/solana/comments/1wu60gr/capital_markets_capital_and_chain_16_solana_etfs/,2026-09-30T14:12:12+00:00,2026-10-05T16:17:07+00:00,0.8481,positive
f002adbbcd40c700,BTC,news,Yahoo Finance,Strategy’s Michael Saylor Says We’re In A Bitcoin ‘Gold Rush’,https://news.google.com/rss/articles/CBMiowFBVV95cUxOVEFwSjRMNUVsdmwyS2NneWtVM0NhREk1RVliSTU4ZkRIYWtBYTFTMzdxUC02TzZpM3B0NWtPaWh4VFNROFktTmVHTm1LS1EwblhLazJNbnBiQVRRVmJJTUFYOU1TdFg5Y1pRSTBqSUFBWGJfUWZwNjBrWjhCclJEZE51ZTJNLVVXbWFFbTdVRkRLNVNCUE03bmQ3X0ZoSHRtb0JR?oc=5,2026-09-30T13:55:00+00:00,2026-10-05T16:15:01+00:00,0.0,neutral
reddit_1wu4a7i,SOL,reddit,r/solana,Onchain Private Trading Is Live On Solana With Sirius Protocol,https://www.reddit.com/r/solana/comments/1wu4a7i/onchain_private_trading_is_live_on_solana_with/,2026-09-30T12:58:51+00:00,2026-10-05T16:17:07+00:00,-0.4019,negative
reddit_1wu47aq,SOL,reddit,r/solana,Frontier Traders Seoul Showdown - Live Broadcast,https://www.reddit.com/r/solana/comments/1wu47aq/frontier_traders_seoul_showdown_live_broadcast/,2026-09-30T12:55:13+00:00,2026-10-05T16:17:07+00:00,0.0,neutral
efe9efecde4aaa45,ETH,news,CoinDCX,"Ethereum Price Prediction October 2026-2040: Can ETH Hold $2,611?",https://news.google.com/rss/articles/CBMieEFVX3lxTFBfNERnaFNIWE5EeVZoUTZBYThxNVgtbEdYckN5bmxGczdMNkRXS0N2VHJfaTBfTk5pdW9yN3hFNzJ4bDRkNlRqMTk3SUllQXFjU1lhU3dQd010UEdJYnRReEVlWkFrTnNSRW1KVGZsZ0FKcXlXVFZNag?oc=5,2026-09-30T11:43:14+00:00,2026-10-05T16:15:01+00:00,0.0,neutral
a7a59089e3a83e88,ETH,news,FXStreet,"Crypto Today: Bitcoin holds $83K as Ethereum remains below $2,700 and XRP consolidates",https://news.google.com/rss/articles/CBMi2wFBVV95cUxNLUNlWHBQS3laSEJsNmwxazJySTZYNHpJSGphdndlWTRNa0swOUdRWUplbEk5Y3FicGN1eDZQQjFvY29pVHh2ZVhRdnBBeVVUSnJncTZHSTVqTHpKeTIxdnY1bTBGd3g1VFNOUTlZck8xc2ozZ2U0cnVCWnVBVzA5dWxoaDBOMHE1YUZkaTJoUUdSWllCOFotMnkzSEdxRHZIQ0pDclFyWUtPMk9PZ25qM1NJdmpoWmhuUkpZYzdWdHQ3Q2JVc21ZV1MybF9QV00tLW1sV0ZPanJaOUU?oc=5,2026-09-30T11:11:54+00:00,2026-10-05T16:15:01+00:00,0.0,neutral
f1d2b04cb0999be3,ETH,news,Yahoo Finance,Tom Lee Says the Biggest Crypto Bull Run Ever Is Starting. Here's Why,https://news.google.com/rss/articles/CBMilwFBVV95cUxPZm1YdGNKc1NFNUd3NXhnN3hhd1pLTEdvaFhtUi1TLVpzMmJCWFRFeXJLRC05WURLelhqX3Fmdmp6LVQ4eHRzUEd3Z2JQeHRCTnpYTVpNaGY2aEp2UGlBdFp1WmtlbFlVTzVuNmY2eUgtOWlCMDZ1TGtLSEV2YlE1Yk1VakFRaVlqYmg1TDY3R0F2YzhPUmI4?oc=5,2026-09-30T10:14:10+00:00,2026-10-05T16:15:01+00:00,0.0,neutral
f3b6a77132c9372f,BTC,news,CoinDesk,Bitcoin edges lower as yields climb and Robinhood targets perps traders,https://news.google.com/rss/articles/CBMivAFBVV95cUxQVks3VkhOaHpmTk9Cb1lZdEFFQ2liTUtOQjNMRTFLYlk1MlloZENxM3JoeHl0ajN5VHJKcXRLTmEwbnV4bldiMFh0VS1BcTZydzVkUWluenhuNUZnTjh1MDZlQUN1emlfcXFTelk2RXV6WE9iN0NILTNDNzRHQ012R0k3Rk9udDZpTHBVbTRDNkwzMm5UZDhHRDk1QUpDVWl6SkNBSlVIUU5mM2NXWmVWR29nQ3dDNVctMDg2Uw?oc=5,2026-09-30T10:11:36+00:00,2026-10-05T16:15:01+00:00,-0.296,negative
20d24e06a8df2ba4,ETH,news,Yahoo Finance,"Tom Lee Says ETH Could Top $10,000 In The Next 12 Months, Calls Arthur Hayes' Year-End Target 'Conservative'",https://news.google.com/rss/articles/CBMikAFBVV95cUxPLWMyUDY1aUpFdGVvMjVTZU84OHJLdXhpd1RMR29UUkZVaHBtTTFub3ppSHpQSUxvTHgwbnNFZ2dhNXJOZDcxUzJSQnFEa2R6VUV2Z3RmTHVINUJ2Y2g5UnVjQS1LM1pCUGN1bWhGdUpOaU5ja0t2dVRBMFBfQVdfN3cwS0NHYUlCVVNHa3NLazE?oc=5,2026-09-30T09:56:41+00:00,2026-10-05T16:15:01+00:00,0.2023,positive
reddit_1wu04ns,SOL,reddit,r/solana,JUST IN: Bitwise ETF clients buy $5.75 million worth of SOL,https://www.reddit.com/r/solana/comments/1wu04ns/just_in_bitwise_etf_clients_buy_575_million_worth/,2026-09-30T09:10:01+00:00,2026-10-05T16:17:07+00:00,0.2263,positive
f39c544f7fb37976,ETH,news,BeInCrypto,Ethereum ETFs Snap 7-Day Inflow Streak as Bitcoin Funds Keep Buying,https://news.google.com/rss/articles/CBMicEFVX3lxTE1vWmVfcDdGekJFWmdYZkRrQko0OFdGNi1QT1BWSV9BQnhfX183eGdDNTB1c05CaXBBd1lrSFc0UGdaNTRvbWtRUlhwS0lLQnZtYVYycWJ6OFN6VHZKaVVyRFdUWDA4bjFNZkpRNjFqNjQ?oc=5,2026-09-30T07:31:00+00:00,2026-10-06T22:39:53+00:00,0.0,neutral
reddit_1wtw77f,ETH,reddit,r/ethereum,"Daily General Discussion September 30, 2026",https://www.reddit.com/r/ethereum/comments/1wtw77f/daily_general_discussion_september_30_2026/,2026-09-30T05:01:07+00:00,2026-10-05T16:17:07+00:00,0.7393,positive
reddit_1wtvsnu,SOL,reddit,r/solana,"Wallets holding stablecoins on Solana grew from 7.84M in Sept '25 to 8.83M on Jan 1 and to 13.07M today — up 16% QoQ, 48% YTD, and 67% YoY.",https://www.reddit.com/r/solana/comments/1wtvsnu/wallets_holding_stablecoins_on_solana_grew_from/,2026-09-30T04:38:27+00:00,2026-10-05T16:17:07+00:00,0.0,neutral
ea2b77660df5367b,ETH,news,FXStreet,"Top 3 Price Prediction: Bitcoin, Ethereum, Ripple – BTC, ETH, XRP pause near recent highs as bullish momentum moderates",https://news.google.com/rss/articles/CBMiggJBVV95cUxQTjVOelg2MXNPYzdGX1pHd2NkMWZQTk94ZlY5UTRYZU1US2J3LWF5UWN3elliUDdVeWp0M3dNNE94RGRTN05EbkU0RFpqT1oxYnI2OU51bUFXTVFVSkdhVWxHSnhpR3NrMVBfQ1NyLVd3c1R2b2tyWDJFNU1qWUNWajhfQlFaakZDajRsVGZUcl9mZ3EzalUtRFNUY1ljMkVHNW5FRTBjUVVNdGEtcjh6XzdwaVlhcDRRaEdQUVZURHA3MjB1OUZTb1I2Wmg4bHJXcWw1VEV4SmJQalRpX1lPZnE4OFJSRWdxMUFfTndTWExQQkpHVmh6SXVaYmcxMnBoemc?oc=5,2026-09-30T04:11:06+00:00,2026-10-05T16:15:01+00:00,0.6486,positive
reddit_1wtshj7,ETH,reddit,r/CryptoCurrency,"Tokenized asset volume graph from James at Invest Answers, he was speaking about other assets but I suddenly discovered Monad ranking only 2 down from ETH and 1 down from Arbitrum, the fact that they even rank this early is huge! Had to rewind and screenshot this!",https://www.reddit.com/r/CryptoCurrency/comments/1wtshj7/tokenized_asset_volume_graph_from_james_at_invest/,2026-09-30T01:47:44+00:00,2026-10-05T16:17:07+00:00,0.6842,positive
reddit_1wtsh78,SOL,reddit,r/solana,Solandy - Rebuild you Programs for SBPFv3 [Solana Tutorial] - Sept 23rd '26,https://www.reddit.com/r/solana/comments/1wtsh78/solandy_rebuild_you_programs_for_sbpfv3_solana/,2026-09-30T01:47:16+00:00,2026-10-05T16:17:07+00:00,0.0,neutral
reddit_1wtmnzw,SOL,reddit,r/solana,"$NFLX, From Netflix, Is Now Listed On Solana Via Sunrise, Issued By Backpack Securities",https://www.reddit.com/r/solana/comments/1wtmnzw/nflx_from_netflix_is_now_listed_on_solana_via/,2026-09-29T21:26:13+00:00,2026-10-05T16:17:07+00:00,0.5267,positive
reddit_1wtkesk,BTC,reddit,r/CryptoCurrency,Blockstream CEO Adam Back Caught Out in Multiple Scams,https://www.reddit.com/r/CryptoCurrency/comments/1wtkesk/blockstream_ceo_adam_back_caught_out_in_multiple/,2026-09-29T19:59:20+00:00,2026-10-05T16:17:07+00:00,-0.8851,negative
8861111c295b92d0,ETH,news,Yahoo Finance,"Bitmine Continues to Load Up on Ethereum, Now Owns 4.9% of all ETH in Circulation. Is BMNR Stock a Buy?",https://news.google.com/rss/articles/CBMiogFBVV95cUxNRkRncmpkWVZKc3BOUnV5UEtsUERYZ09paThxMmxBay1pcE9TclU5V3ZsWVlWSkZSYVN5bHVYUjUtNERJcTU0MjNrMUxRWnhQcnVpbWREWEZQMEhBZ3FQanlRX1ZwMDE0RkpYS1dLblhad2ktekQtR3hDVTJ0S3ZsWFRrd0ZhQTc5VnJvZmFnbTNETEFTZVREOG9nLXduWmt0RHc?oc=5,2026-09-29T17:20:01+00:00,2026-10-05T16:15:01+00:00,0.0,neutral
reddit_1wtdjru,SOL,reddit,r/solana,"$RKLB, From Rocket Lab Corp, Is Now Listed On Solana Via Sunrise,Issued By @Backpack Securities",https://www.reddit.com/r/solana/comments/1wtdjru/rklb_from_rocket_lab_corp_is_now_listed_on_solana/,2026-09-29T15:42:22+00:00,2026-10-05T16:17:07+00:00,0.5267,positive
reddit_1wtdbeh,SOL,reddit,r/solana,Solana ETF Demand Builds Towards a $150 Test,https://www.reddit.com/r/solana/comments/1wtdbeh/solana_etf_demand_builds_towards_a_150_test/,2026-09-29T15:33:22+00:00,2026-10-05T16:17:07+00:00,-0.128,negative
72c6fd55079ff7b5,SOL,news,thestreet.com,Cathie Wood increases stake in surging crypto ETF,https://news.google.com/rss/articles/CBMilAFBVV95cUxObmd3TnU0NHRTS3ZKOE9LZ1lJbmRPR1BwU0NhVklzM1pzbEJzZU9iTG9TVlNnX2t6Z2t6UGRmdWwtZDROaVhiN2ZKb01fb1FXcWRjdVhnRE95YkFGOE83U01BOURDWTZ0SWdJUzlFdGVuZmtQS21tZHdxQU01U3hvOUVXdWhQMV92TS1jZ003ZW4yd1FI?oc=5,2026-09-29T15:25:02+00:00,2026-10-05T16:15:01+00:00,0.0,neutral
reddit_1wtclmo,ETH,reddit,r/CryptoCurrency,"Tom Lee's Bitmine Buys Another $47M of ETH, Taking It to 4.9% of Ethereum Supply",https://www.reddit.com/r/CryptoCurrency/comments/1wtclmo/tom_lees_bitmine_buys_another_47m_of_eth_taking/,2026-09-29T15:06:23+00:00,2026-10-05T16:17:07+00:00,0.0,neutral
reddit_1wtcaoi,SOL,reddit,r/solana,Solana Is Global With Alex Scott Podcast - Why the UAE Is Becoming the Global Hub for Tokenized Assets,https://www.reddit.com/r/solana/comments/1wtcaoi/solana_is_global_with_alex_scott_podcast_why_the/,2026-09-29T14:54:35+00:00,2026-10-05T16:17:07+00:00,0.1779,positive
reddit_1wtbv8w,SOL,reddit,r/solana,"Solana Privacy Protocol Cloak Has Launched Payroll, Allowing Businesses To Make Private Onchain Payments To Employees And Contractors",https://www.reddit.com/r/solana/comments/1wtbv8w/solana_privacy_protocol_cloak_has_launched/,2026-09-29T14:37:55+00:00,2026-10-05T16:17:07+00:00,0.128,positive
reddit_1wtbta8,SOL,reddit,r/solana,"Metaplex Introduces MPL-3643, A New Standard For Permissioned Real-world Assets And Tokenized Securities On Solana",https://www.reddit.com/r/solana/comments/1wtbta8/metaplex_introduces_mpl3643_a_new_standard_for/,2026-09-29T14:35:48+00:00,2026-10-05T16:17:07+00:00,0.7783,positive
23f75fc54e4d9807,BTC,news,WSJ,HANetf Launches First Euro-Hedged Bitcoin Fund,https://news.google.com/rss/articles/CBMimgFBVV95cUxNXy0yUEwzSFVrMFFWU2NyVTdEeHQ0R29zOG4wZkNWcndPU3dhcnFBTnN6d1pOUW5oTWs5QVk1aDh6a0FIVkpRS20wSUF5Uk9XUDA0bEFJamlBLWtORUpZdndTdUpxTnl2dXVESGMyNFVtVFhacWVScnN2VUluLTdTbWxPRDRBNmgyX3g0aXBGOEhCNHQ2T3JCQzBR?oc=5,2026-09-29T14:30:00+00:00,2026-10-05T16:15:01+00:00,0.0,neutral
8fbb6ed57ec75322,BTC,news,Yahoo Finance,"Crypto Stocks Rise With Bitcoin Above $84K – Analysts Raise Riot, Robinhood Price Targets",https://news.google.com/rss/articles/CBMingFBVV95cUxNakVJXzNoRkxLSjFjLUpCc1lsNHlnSFUydVFhbGgyRTJoaWR6Xy1ZUzdnYTVla1Y2LWNyVWVhaXlySlNRcjB2SjNWR0VoRFZ3MFZFWHJTQ0RLUldCUmFTbWhHanFnaFlCRFpZVXJld214LTdoTklva1dmUk1Vb3RYMW03cjc1SVZZUVFNRjQ1Y09HN2U0OEJ3MC1LMnh4dw?oc=5,2026-09-29T14:12:25+00:00,2026-10-05T16:15:01+00:00,-0.5574,negative
reddit_1wt953w,ETH,reddit,r/CryptoCurrency,Gnosis Chain is retiring its validators and settling on Ethereum instead. The L1 premium is gone.,https://www.reddit.com/r/CryptoCurrency/comments/1wt953w/gnosis_chain_is_retiring_its_validators_and/,2026-09-29T12:45:09+00:00,2026-10-05T16:17:07+00:00,0.4215,positive
b6051de25fb975df,SOL,news,The Motley Fool,Better Crypto Buy Right Now: Shiba Inu vs. Solana,https://news.google.com/rss/articles/CBMilAFBVV95cUxOTEtvOTN3Q2ZNelA1R0Z4OEJPQnFoZnQ2WUtScFY2SjJHVWZXbGo4RnJMZWtCM0JzbDNfLXJjNXFWTEYtcnhsanVzeGRWMGVsSkJvWnJiTURidUVIREhWaFg5aHVGWlZfWFdhcktYeXY0R3k2d0VYbGdJekNDM2JrNUZVVXdmZ05UcUs3ZXI2TmhJU25W?oc=5,2026-09-29T12:45:00+00:00,2026-10-05T16:15:01+00:00,0.4404,positive
reddit_1wt8peh,ETH,reddit,r/ethereum,Running an Ethereum Node and Validator on RISC-V hardware,https://www.reddit.com/r/ethereum/comments/1wt8peh/running_an_ethereum_node_and_validator_on_riscv/,2026-09-29T12:24:38+00:00,2026-10-05T16:17:07+00:00,0.8922,positive
reddit_1wt86uq,SOL,reddit,r/solana,Backpack Introduces New Rates Dashboard for Treasury Yields and ETFs,https://www.reddit.com/r/solana/comments/1wt86uq/backpack_introduces_new_rates_dashboard_for/,2026-09-29T12:00:17+00:00,2026-10-05T16:17:07+00:00,0.8388,positive
c3f9f23b4fbc99bc,ETH,news,FXStreet,"Why are Bitcoin, Ethereum and XRP rebounding?",https://news.google.com/rss/articles/CBMi0AFBVV95cUxOYzhWcnBXaEpKbXRTMzI5SjYtdVpLT05RenMyOElkWjR6ZXNxMEpjS1hVc1BVS2Z4SmJ3Z2hDRWptWWFhWGMyX3VnM0hNSGRNUExQN1JPc01DOFFFaklPWmVUbk1rVmZ2RTZZZGlmRWxrMmxBbVhmdFY2NDRPaFJXOUx3bjk1enV3RGNCTDN2WkJEVHctTVBSczZHRHM3Q3U2OTRLeGJhdXowYkJ5TVMxZnJfX3dLOExBLTVieGhrUm1wVEJxekJLTkNUZXdZTHJ1?oc=5,2026-09-29T11:22:52+00:00,2026-10-05T16:15:01+00:00,0.0,neutral
f258a254d23552f4,ETH,news,Yahoo Finance,"Bitcoin and ethereum prices today, Tuesday, September 29, 2026: Crypto prices moving higher in early trading",https://news.google.com/rss/articles/CBMijAJBVV95cUxPN3Nrd0tuc21UM091SE9KZ18weEJ5ZVVqTVZwMk1MQXFpYVpieHpMRGlHN2ZsN1NHWlY4Uk50VFJycXhTMkcxcnRQWTJ2SE9Gd0QwV01yZ3Vyc2RyMG5JMURjYi05dThMUHZ6R18xd3lRMjBJeHY5SUplZDRMeEtpSXhGcm45c2pLZ24yS0xoUEJldUN3RG56ZnU3X3VLbGJJbVBGblFYWGluSkxNNXIwQmg2OFI3UlRBZUhOWlYzNFJlWWNZSXZlazIyT21JNmwydi1mMExiWnUyOGZPcmYzcHVZT1hYTVBDb1ZxWld6R0VPMGp3eTkyckVXM003MDk4cWhrWDNiVGVEU2VW?oc=5,2026-09-29T11:19:39+00:00,2026-10-05T16:15:01+00:00,0.0,neutral
f258a254d23552f4,BTC,news,Yahoo Finance,"Bitcoin and ethereum prices today, Tuesday, September 29, 2026: Crypto prices moving higher in early trading",https://news.google.com/rss/articles/CBMijAJBVV95cUxPN3Nrd0tuc21UM091SE9KZ18weEJ5ZVVqTVZwMk1MQXFpYVpieHpMRGlHN2ZsN1NHWlY4Uk50VFJycXhTMkcxcnRQWTJ2SE9Gd0QwV01yZ3Vyc2RyMG5JMURjYi05dThMUHZ6R18xd3lRMjBJeHY5SUplZDRMeEtpSXhGcm45c2pLZ24yS0xoUEJldUN3RG56ZnU3X3VLbGJJbVBGblFYWGluSkxNNXIwQmg2OFI3UlRBZUhOWlYzNFJlWWNZSXZlazIyT21JNmwydi1mMExiWnUyOGZPcmYzcHVZT1hYTVBDb1ZxWld6R0VPMGp3eTkyckVXM003MDk4cWhrWDNiVGVEU2VW?oc=5,2026-09-29T11:19:39+00:00,2026-10-05T16:15:01+00:00,0.0,neutral
505b7b79768f780d,ETH,news,Yahoo Finance,Tom Lee’s BitMine Now Holds 6M ETH—Inside His Viral $250K Ethereum Scenario,https://news.google.com/rss/articles/CBMilAFBVV95cUxPTllVSUlFUDRBUnpTT1RCRTAyQ1RhN0l6ZTRDWXZfb3BBOGV0aWhyTzhmV2FhMTZNQlg1VUFyTUZJUGJQUmpLVm5tWnllUm1ic2tVVURxcDRBOThxRmRFYzNjVm10ejM2eXJjb0d4el9ZcXRJOVVSbDZMR3poTlFRYjFHel9DbG1tRFUwVE54eDRKak5a?oc=5,2026-09-29T10:17:15+00:00,2026-10-05T16:15:01+00:00,0.0,neutral
a884365992d0ab03,BTC,news,Bloomberg.com,Bukele Turns to Stablecoins as Bitcoin Payments Fail to Catch On,https://news.google.com/rss/articles/CBMitgFBVV95cUxOQnlZaEZoalQ4eGNab0N0QUJLRkZ5a1JhbTlFMUUzZkN5Y09WQjREd0FiVDNSaHpPUS1ZRHJYT3I4VVAxelcxNXJ4M0RxSC1lWWZyMjRCeXVFSXFpaWctdGd4eWgxUlB2TE0td1hIWnR4M29LR2h1SmxraVpQeF9GRUNCUWpwNlFVSFNKcXV1ZFN3M1hQRWp1SEozcWJrOWNmTFB2QlJpOHFaWEZ0eEo4QVJlaDVBdw?oc=5,2026-09-29T10:00:00+00:00,2026-10-06T06:25:21+00:00,-0.5423,negative
reddit_1wt16ck,ETH,reddit,r/ethereum,"Daily General Discussion September 29, 2026",https://www.reddit.com/r/ethereum/comments/1wt16ck/daily_general_discussion_september_29_2026/,2026-09-29T05:01:09+00:00,2026-10-05T16:17:07+00:00,0.7393,positive
reddit_1wt0x0n,ETH,reddit,r/ethereum,Glamsterdam Testnet Announcement | Ethereum Foundation Blog,https://www.reddit.com/r/ethereum/comments/1wt0x0n/glamsterdam_testnet_announcement_ethereum/,2026-09-29T04:46:48+00:00,2026-10-05T16:17:07+00:00,0.0,neutral
reddit_1wsv7fc,SOL,reddit,r/solana,Price oracles on Solana,https://www.reddit.com/r/solana/comments/1wsv7fc/price_oracles_on_solana/,2026-09-29T00:05:53+00:00,2026-10-05T16:17:07+00:00,0.0,neutral
reddit_1wsupe3,SOL,reddit,r/solana,Bits Ro Bricks With Amira Valliani Podcast - How AI Is Changing the Political Conversation with Ben Brody from Punchbowl News,https://www.reddit.com/r/solana/comments/1wsupe3/bits_ro_bricks_with_amira_valliani_podcast_how_ai/,2026-09-28T23:44:04+00:00,2026-10-05T16:17:07+00:00,0.0,neutral
reddit_1wsuovy,SOL,reddit,r/solana,"House Of Sol With Ben Brophy Podcast - What Institutions Want From Onchain Data, with William Lai of Allium",https://www.reddit.com/r/solana/comments/1wsuovy/house_of_sol_with_ben_brophy_podcast_what/,2026-09-28T23:43:25+00:00,2026-10-05T16:17:07+00:00,0.0772,positive
cc5873d96e93c383,BTC,news,Bloomberg.com,Bitcoin Rally Wobbles as Macro Risks Overshadow ETF Demand,https://news.google.com/rss/articles/CBMirgFBVV95cUxOQWpvSDVtc1BwQ3ZFV05fNGg5d1JnckFiOERIX3dWUzFJRFZpVnlhekFWOVJoa2ZSSU5pQWVta19fTDVpUlk4LU4yZVQ0Y2tkdmhxeGFzcVJPa284WEV6bzhkcDBPM0MxYzdnUnJIUHAyNTBTVWN5WXNPMlpNbHRPWEp5MkwydElpWmRDdHd4LXVJd1FCOTZsRjNhRHN5OVc1TDFaUkRBb09obXl3V1E?oc=5,2026-09-28T20:40:07+00:00,2026-10-05T16:15:01+00:00,0.1027,positive
reddit_1wsoz2n,SOL,reddit,r/solana,PUMP cleared $2b n callout rewards reached almost $13m,https://www.reddit.com/r/solana/comments/1wsoz2n/pump_cleared_2b_n_callout_rewards_reached_almost/,2026-09-28T19:54:10+00:00,2026-10-05T16:17:07+00:00,0.96,positive
reddit_1wsnhp0,SOL,reddit,r/solana,"$cbADA, Coinbase Wrapped ADA, Is Now Listed On Solana Via Sunrise, Issued By Backpack Securities",https://www.reddit.com/r/solana/comments/1wsnhp0/cbada_coinbase_wrapped_ada_is_now_listed_on/,2026-09-28T19:00:28+00:00,2026-10-05T16:17:07+00:00,0.6369,positive
reddit_1wsnev5,SOL,reddit,r/solana,"$NOK, From Nokia, Is Now Listed On Solana Via Sunrise, Issued By Backpack Securities.",https://www.reddit.com/r/solana/comments/1wsnev5/nok_from_nokia_is_now_listed_on_solana_via/,2026-09-28T18:57:41+00:00,2026-10-05T16:17:07+00:00,0.5267,positive
reddit_1wsne98,BTC,reddit,r/CryptoCurrency,What are you guys doing right now with the crypto market?,https://www.reddit.com/r/CryptoCurrency/comments/1wsne98/what_are_you_guys_doing_right_now_with_the_crypto/,2026-09-28T18:57:07+00:00,2026-10-05T16:17:07+00:00,-0.7628,negative
reddit_1wskslh,SOL,reddit,r/solana,"For 72 Hours Only - Buy A Breakpoint Ticket With BP26-SEEKER25 For 25% Off, And You Get A Solanamobile Seeker For Half Price",https://www.reddit.com/r/solana/comments/1wskslh/for_72_hours_only_buy_a_breakpoint_ticket_with/,2026-09-28T17:22:13+00:00,2026-10-05T16:17:07+00:00,0.0,neutral
reddit_1wskrd1,ETH,reddit,r/CryptoCurrency,"Will Ethereum Hit $4,000 Before the End of 2026?",https://www.reddit.com/r/CryptoCurrency/comments/1wskrd1/will_ethereum_hit_4000_before_the_end_of_2026/,2026-09-28T17:20:57+00:00,2026-10-05T16:17:07+00:00,0.0,neutral
reddit_1wsjmo9,SOL,reddit,r/solana,"🚨JUST IN: Solana processed more than 800M successful non-vote transactions last week, a new weekly all-time high for the second consecutive week.",https://www.reddit.com/r/solana/comments/1wsjmo9/just_in_solana_processed_more_than_800m/,2026-09-28T16:39:29+00:00,2026-10-05T16:17:07+00:00,0.6204,positive
29960f6b0ac340c0,ETH,news,Decrypt News,Vitalik Buterin Outlines 'Cryptographic World Computer' Plan for Ethereum,https://news.google.com/rss/articles/CBMingFBVV95cUxOeGVzd2NmbkttQjNTeWFwQnhWdFpoZF9qM2V1X3dSV25ESW8wdmFxTnNMX0pIcHVoTGFoMG5xd051V3dlQlJXNFlhSE5yenJoTkZaQ29DaUZQQlIyUkdhaVhRcU9lMWZQRExDaXBfc0ZKWkYtR3ZhdVNtdURodmhaQUxXdE5oMlIwa1JMdFl3ck9EVXk1RkVfXzBUX2g3dw?oc=5,2026-09-28T16:29:42+00:00,2026-10-05T16:15:01+00:00,0.0,neutral
aeefe4c97b69e55b,ETH,news,CoinDesk,"The restaking gold rush is over, and top protocols are barely making a profit",https://news.google.com/rss/articles/CBMivgFBVV95cUxPa2QzYmNMTDBXWUhhRmVTT2RPX3FlVUg4OEpPMFpNa0RiVlhNejZZalBGaW1TVVhJZklWbXN6SVlYM0s3VS03WjhjVEN6bXpySGFyblk0c2hoUUFSbEE1WnpkQjZtdmtXVnl2VlZ2VURPWGlBaExQdlY0aXRTUGxxdktDSnNjQVlqSUxlekdtRElHX3owdW9Cck90Q1BzejBGLVN1SXVsdjlLZmhmblFLalpRUXd0SWdodkp1N3NB?oc=5,2026-09-28T16:24:51+00:00,2026-10-05T16:15:01+00:00,0.5325,positive
reddit_1wsig29,ETH,reddit,r/ethereum,Compute and Consensus,https://www.reddit.com/r/ethereum/comments/1wsig29/compute_and_consensus/,2026-09-28T15:56:27+00:00,2026-10-05T16:17:07+00:00,0.0,neutral
reddit_1wsdyeb,SOL,reddit,r/solana,"Meet Doma Protocol, Tokenizing The Internet’s Oldest Ownership Protocol",https://www.reddit.com/r/solana/comments/1wsdyeb/meet_doma_protocol_tokenizing_the_internets/,2026-09-28T12:59:55+00:00,2026-10-05T16:17:07+00:00,-0.296,negative
reddit_1wsagmm,SOL,reddit,r/solana,"Onchain card payments on Solana set new records, with Q3 volume reaching $262.7M before the quarter finished – up 17.5% on Q2 🔥",https://www.reddit.com/r/solana/comments/1wsagmm/onchain_card_payments_on_solana_set_new_records/,2026-09-28T09:58:51+00:00,2026-10-05T16:17:07+00:00,-0.1531,negative
reddit_1ws8sun,SOL,reddit,r/solana,Open Source Tool Unlocks Stuck SHDW from GenesysGo Stakes,https://www.reddit.com/r/solana/comments/1ws8sun/open_source_tool_unlocks_stuck_shdw_from/,2026-09-28T08:16:39+00:00,2026-10-05T16:17:07+00:00,-0.2716,negative
reddit_1ws5jwv,ETH,reddit,r/ethereum,"Daily General Discussion September 28, 2026",https://www.reddit.com/r/ethereum/comments/1ws5jwv/daily_general_discussion_september_28_2026/,2026-09-28T05:01:27+00:00,2026-10-05T16:17:07+00:00,0.7393,positive
reddit_1ws2z7z,ETH,reddit,r/ethereum,The cryptographic world computer | Vitalik,https://www.reddit.com/r/ethereum/comments/1ws2z7z/the_cryptographic_world_computer_vitalik/,2026-09-28T02:45:11+00:00,2026-10-05T16:17:07+00:00,0.0,neutral
reddit_1wrtltz,BTC,reddit,r/CryptoCurrency,"Based Saylor Rant on Bitcoin Ownership, But...",https://www.reddit.com/r/CryptoCurrency/comments/1wrtltz/based_saylor_rant_on_bitcoin_ownership_but/,2026-09-27T19:44:49+00:00,2026-10-05T16:17:07+00:00,0.9587,positive
reddit_1wrqm74,SOL,reddit,r/CryptoCurrency,Solana Ecosystem News - September 27-2026,https://www.reddit.com/r/CryptoCurrency/comments/1wrqm74/solana_ecosystem_news_september_272026/,2026-09-27T17:48:26+00:00,2026-10-05T16:17:07+00:00,0.0,neutral
reddit_1wrnso0,ETH,reddit,r/CryptoCurrency,Vitalik Buterin maps Ethereum’s shift beyond a blockchain in sweeping 2030 vision,https://www.reddit.com/r/CryptoCurrency/comments/1wrnso0/vitalik_buterin_maps_ethereums_shift_beyond_a/,2026-09-27T15:57:09+00:00,2026-10-05T16:17:07+00:00,0.25,positive
reddit_1wrlv7s,ETH,reddit,r/CryptoCurrency,I’m the reason people make money,https://www.reddit.com/r/CryptoCurrency/comments/1wrlv7s/im_the_reason_people_make_money/,2026-09-27T14:38:50+00:00,2026-10-05T16:17:07+00:00,0.951,positive
reddit_1wrloty,SOL,reddit,r/solana,Solana Ecosystem News - September 27-2026,https://www.reddit.com/r/solana/comments/1wrloty/solana_ecosystem_news_september_272026/,2026-09-27T14:31:24+00:00,2026-10-05T16:17:07+00:00,0.9413,positive
reddit_1wrjs8y,SOL,reddit,r/solana,Velocity Exchange Now Opens Public Beta With ZEC Perpetuals,https://www.reddit.com/r/solana/comments/1wrjs8y/velocity_exchange_now_opens_public_beta_with_zec/,2026-09-27T13:06:58+00:00,2026-10-05T16:17:07+00:00,0.0516,positive
reddit_1wripkg,SOL,reddit,r/solana,my wallet just got drained,https://www.reddit.com/r/solana/comments/1wripkg/my_wallet_just_got_drained/,2026-09-27T12:14:13+00:00,2026-10-05T16:17:07+00:00,-0.9366,negative
reddit_1wreknq,SOL,reddit,r/solana,Looking for India based Solana RPC providers,https://www.reddit.com/r/solana/comments/1wreknq/looking_for_india_based_solana_rpc_providers/,2026-09-27T08:12:03+00:00,2026-10-05T16:17:07+00:00,0.4767,positive
reddit_1wrbb9b,ETH,reddit,r/ethereum,"Daily General Discussion September 27, 2026",https://www.reddit.com/r/ethereum/comments/1wrbb9b/daily_general_discussion_september_27_2026/,2026-09-27T05:01:13+00:00,2026-10-05T16:17:07+00:00,0.7393,positive
reddit_1wr5tst,SOL,reddit,r/solana,Looking for advice form Solana perp trader community.,https://www.reddit.com/r/solana/comments/1wr5tst/looking_for_advice_form_solana_perp_trader/,2026-09-27T00:17:14+00:00,2026-10-05T16:17:07+00:00,0.4005,positive
reddit_1wr36d7,BTC,reddit,r/CryptoCurrency,"""Shielded Bitcoin"" Whitepaper just legitimized Zcash as a threat to Bitcoin",https://www.reddit.com/r/CryptoCurrency/comments/1wr36d7/shielded_bitcoin_whitepaper_just_legitimized/,2026-09-26T22:13:45+00:00,2026-10-05T16:17:07+00:00,-0.9081,negative
reddit_1wr2g7r,ETH,reddit,r/ethereum,Best recovery service,https://www.reddit.com/r/ethereum/comments/1wr2g7r/best_recovery_service/,2026-09-26T21:41:11+00:00,2026-10-05T16:17:07+00:00,-0.5106,negative
reddit_1wqy81x,SOL,reddit,r/solana,JUST IN: Solana has overtaken Coinbase in daily spot trading volume,https://www.reddit.com/r/solana/comments/1wqy81x/just_in_solana_has_overtaken_coinbase_in_daily/,2026-09-26T18:45:46+00:00,2026-10-05T16:17:07+00:00,0.0,neutral
reddit_1wqx65k,SOL,reddit,r/solana,"$EWY, From Ishares Msci South Korea ETF, Is Now Listed On Solana Via Sunrise, Issued By Backpack Securities",https://www.reddit.com/r/solana/comments/1wqx65k/ewy_from_ishares_msci_south_korea_etf_is_now/,2026-09-26T18:03:13+00:00,2026-10-05T16:17:07+00:00,0.5267,positive
reddit_1wqryvc,SOL,reddit,r/solana,"We built escrow on Solana so AI agents can hire and pay each other. Here's how one job works, in 2 minutes",https://www.reddit.com/r/solana/comments/1wqryvc/we_built_escrow_on_solana_so_ai_agents_can_hire/,2026-09-26T14:30:15+00:00,2026-10-05T16:17:07+00:00,-0.1027,negative
reddit_1wqq8uw,SOL,reddit,r/solana,"The Tokenization Supercycle, Explained Through Stocks: Your Share Is Becoming Software",https://www.reddit.com/r/solana/comments/1wqq8uw/the_tokenization_supercycle_explained_through/,2026-09-26T13:13:23+00:00,2026-10-05T16:17:07+00:00,0.8402,positive
reddit_1wqq25y,SOL,reddit,r/solana,"The Stack With Ilan Gitter Podcast - How Wallets, Compliance, and Rails Decide Crypto's Future with Peter Tapling",https://www.reddit.com/r/solana/comments/1wqq25y/the_stack_with_ilan_gitter_podcast_how_wallets/,2026-09-26T13:04:40+00:00,2026-10-05T16:17:07+00:00,0.0,neutral
reddit_1wqpxms,SOL,reddit,r/solana,"AllinCrypto Podcast - The Hidden Economics Behind Solana SOL, With Nick Almond Is The Head Of Governance At The Jito Foundation",https://www.reddit.com/r/solana/comments/1wqpxms/allincrypto_podcast_the_hidden_economics_behind/,2026-09-26T12:59:14+00:00,2026-10-05T16:17:07+00:00,0.0,neutral
reddit_1wqptjd,SOL,reddit,r/solana,"Raoul Pal The Journey Man Podcast - Solana, Tokenized Stocks, and Backpack with Armani Ferrante",https://www.reddit.com/r/solana/comments/1wqptjd/raoul_pal_the_journey_man_podcast_solana/,2026-09-26T12:53:54+00:00,2026-10-05T16:17:07+00:00,0.0,neutral
reddit_1wqpoxc,SOL,reddit,r/solana,"THIS WEEK IN MEDIA - 9/18-9/25, 2026",https://www.reddit.com/r/solana/comments/1wqpoxc/this_week_in_media_918925_2026/,2026-09-26T12:47:43+00:00,2026-10-05T16:17:07+00:00,0.1027,positive
reddit_1wqkkxe,SOL,reddit,r/solana,Backpack’s Vision: Bringing the Entire Stock Market to Solana,https://www.reddit.com/r/solana/comments/1wqkkxe/backpacks_vision_bringing_the_entire_stock_market/,2026-09-26T07:45:58+00:00,2026-10-05T16:17:07+00:00,0.25,positive
reddit_1wqjn3x,BTC,reddit,r/CryptoCurrency,EU Quantum Warning: $504 Billion Of Bitcoin Sits Exposed,https://www.reddit.com/r/CryptoCurrency/comments/1wqjn3x/eu_quantum_warning_504_billion_of_bitcoin_sits/,2026-09-26T06:48:19+00:00,2026-10-05T16:17:07+00:00,-0.4019,negative
reddit_1wqhryb,ETH,reddit,r/ethereum,"Daily General Discussion September 26, 2026",https://www.reddit.com/r/ethereum/comments/1wqhryb/daily_general_discussion_september_26_2026/,2026-09-26T05:01:11+00:00,2026-10-05T16:17:07+00:00,0.7393,positive
reddit_1wqg4zc,SOL,reddit,r/solana,What is the Squads tab on the Pump.fun leaderboard?,https://www.reddit.com/r/solana/comments/1wqg4zc/what_is_the_squads_tab_on_the_pumpfun_leaderboard/,2026-09-26T03:32:33+00:00,2026-10-05T16:17:07+00:00,0.2982,positive
reddit_1wq7lyi,SOL,reddit,r/solana,Is RAY one of the few DeFi tokens with an actual link to usage?,https://www.reddit.com/r/solana/comments/1wq7lyi/is_ray_one_of_the_few_defi_tokens_with_an_actual/,2026-09-25T20:53:01+00:00,2026-10-05T16:17:07+00:00,0.8299,positive
reddit_1wq5nky,BTC,reddit,r/CryptoCurrency,I bought BTC and ETH very early. Then I discovered leverage and gave it all back.,https://www.reddit.com/r/CryptoCurrency/comments/1wq5nky/i_bought_btc_and_eth_very_early_then_i_discovered/,2026-09-25T19:35:08+00:00,2026-10-05T16:17:07+00:00,-0.3167,negative
reddit_1wq5nky,ETH,reddit,r/CryptoCurrency,I bought BTC and ETH very early. Then I discovered leverage and gave it all back.,https://www.reddit.com/r/CryptoCurrency/comments/1wq5nky/i_bought_btc_and_eth_very_early_then_i_discovered/,2026-09-25T19:35:08+00:00,2026-10-05T16:17:07+00:00,-0.3167,negative
reddit_1wq2rpw,BTC,reddit,r/CryptoCurrency,Quantum won't kill crypto—but it could accelerate Wall Street's adoption of blockchain,https://www.reddit.com/r/CryptoCurrency/comments/1wq2rpw/quantum_wont_kill_cryptobut_it_could_accelerate/,2026-09-25T17:42:03+00:00,2026-10-05T16:17:07+00:00,0.7032,positive
reddit_1wq053q,SOL,reddit,r/solana,"$SQQQ Is Now Listed On Solana Via Sunrise, Issued By Backpack Securities",https://www.reddit.com/r/solana/comments/1wq053q/sqqq_is_now_listed_on_solana_via_sunrise_issued/,2026-09-25T16:00:07+00:00,2026-10-05T16:17:07+00:00,0.5267,positive
reddit_1wpyw4h,SOL,reddit,r/solana,"OnRe Introduces OnRe's Liquidity Engine, Powered By Titan Exchange",https://www.reddit.com/r/solana/comments/1wpyw4h/onre_introduces_onres_liquidity_engine_powered_by/,2026-09-25T15:10:46+00:00,2026-10-05T16:17:07+00:00,0.8834,positive
reddit_1wpytpx,SOL,reddit,r/solana,Solandy - Alpenglow live on Testnet [Solana Upgrade] - Sept 24th '26,https://www.reddit.com/r/solana/comments/1wpytpx/solandy_alpenglow_live_on_testnet_solana_upgrade/,2026-09-25T15:08:10+00:00,2026-10-05T16:17:07+00:00,0.0,neutral
reddit_1wpysl5,SOL,reddit,r/solana,Stablecoin Supply On Solana Hits A New All-time High Of $17.3B,https://www.reddit.com/r/solana/comments/1wpysl5/stablecoin_supply_on_solana_hits_a_new_alltime/,2026-09-25T15:06:59+00:00,2026-10-05T16:17:07+00:00,0.0,neutral
reddit_1wpyq7q,SOL,reddit,r/solana,"Frontier Traders: Season 1 Launch, Tokenized Equities, Trench Pulse, And More",https://www.reddit.com/r/solana/comments/1wpyq7q/frontier_traders_season_1_launch_tokenized/,2026-09-25T15:04:28+00:00,2026-10-05T16:17:07+00:00,0.0,neutral
reddit_1wpyak8,SOL,reddit,r/solana,Solana feels most convincing when I forget I'm actually using Solana,https://www.reddit.com/r/solana/comments/1wpyak8/solana_feels_most_convincing_when_i_forget_im/,2026-09-25T14:47:47+00:00,2026-10-05T16:17:07+00:00,0.8973,positive
reddit_1wpxizm,ETH,reddit,r/ethereum,"Ethereal news mini #2 | Hegotá upgrade frames-devnet-0 live, Nethermind 2.0.0, Daisugi post quantum testnet",https://www.reddit.com/r/ethereum/comments/1wpxizm/ethereal_news_mini_2_hegotá_upgrade_framesdevnet0/,2026-09-25T14:16:59+00:00,2026-10-05T16:17:07+00:00,0.0,neutral
reddit_1wpu2sn,ETH,reddit,r/CryptoCurrency,"Whitehat hacker, 0xQuit, rescues 23,155 NFTs (~$5.7M) from a live exploit in an old Limit Break contract that Magic Eden stopped using in 2024.",https://www.reddit.com/r/CryptoCurrency/comments/1wpu2sn/whitehat_hacker_0xquit_rescues_23155_nfts_57m/,2026-09-25T11:40:52+00:00,2026-10-05T16:17:07+00:00,-0.9169,negative
reddit_1wpt1x5,SOL,reddit,r/solana,Had me up all night thinking about this: every major spot ETF was green on Sept 24 while the market bled,https://www.reddit.com/r/solana/comments/1wpt1x5/had_me_up_all_night_thinking_about_this_every/,2026-09-25T10:45:26+00:00,2026-10-05T16:17:07+00:00,0.0,neutral
reddit_1wpsqi6,BTC,reddit,r/CryptoCurrency,"Bitcoin Miners Tried “Mine Now, Verify Later.” It Went Wrong. A New Proposal Wants to Make It Safe.",https://www.reddit.com/r/CryptoCurrency/comments/1wpsqi6/bitcoin_miners_tried_mine_now_verify_later_it/,2026-09-25T10:26:29+00:00,2026-10-05T16:17:07+00:00,-0.0516,negative
reddit_1wpnj82,ETH,reddit,r/ethereum,"Daily General Discussion September 25, 2026",https://www.reddit.com/r/ethereum/comments/1wpnj82/daily_general_discussion_september_25_2026/,2026-09-25T05:01:20+00:00,2026-10-05T16:17:07+00:00,0.7393,positive
reddit_1woslos,ETH,reddit,r/ethereum,"Daily General Discussion September 24, 2026",https://www.reddit.com/r/ethereum/comments/1woslos/daily_general_discussion_september_24_2026/,2026-09-24T05:01:10+00:00,2026-10-05T16:17:07+00:00,0.7393,positive
reddit_1wnwks8,ETH,reddit,r/ethereum,"Daily General Discussion September 23, 2026",https://www.reddit.com/r/ethereum/comments/1wnwks8/daily_general_discussion_september_23_2026/,2026-09-23T05:01:06+00:00,2026-10-05T16:17:07+00:00,0.7393,positive
reddit_1wn04ao,ETH,reddit,r/ethereum,"Daily General Discussion September 22, 2026",https://www.reddit.com/r/ethereum/comments/1wn04ao/daily_general_discussion_september_22_2026/,2026-09-22T05:01:13+00:00,2026-10-05T16:17:07+00:00,0.7393,positive
reddit_1wm3a5o,ETH,reddit,r/ethereum,"Daily General Discussion September 21, 2026",https://www.reddit.com/r/ethereum/comments/1wm3a5o/daily_general_discussion_september_21_2026/,2026-09-21T05:01:26+00:00,2026-10-05T16:17:07+00:00,0.7393,positive
reddit_1wl7p31,ETH,reddit,r/ethereum,"Daily General Discussion September 20, 2026",https://www.reddit.com/r/ethereum/comments/1wl7p31/daily_general_discussion_september_20_2026/,2026-09-20T05:01:18+00:00,2026-10-05T16:17:07+00:00,0.7393,positive
reddit_1wkcwaf,ETH,reddit,r/ethereum,"Daily General Discussion September 19, 2026",https://www.reddit.com/r/ethereum/comments/1wkcwaf/daily_general_discussion_september_19_2026/,2026-09-19T05:01:28+00:00,2026-10-05T16:17:07+00:00,0.7393,positive
reddit_1wjr1bh,ETH,reddit,r/ethereum,"Ethereal news weekly #40 | US SEC innovation exemption for trading tokenized stocks on permissioned AMMs, S&P Global acquiring OpenZeppelin, Blockspace Forum multi party block construction live",https://www.reddit.com/r/ethereum/comments/1wjr1bh/ethereal_news_weekly_40_us_sec_innovation/,2026-09-18T14:00:38+00:00,2026-10-05T16:17:07+00:00,0.34,positive
reddit_1wjkav7,ETH,reddit,r/ethereum,Ethereum’s Glamsterdam Upgrade Gets October Test Date With Builder Attack Warning,https://www.reddit.com/r/ethereum/comments/1wjkav7/ethereums_glamsterdam_upgrade_gets_october_test/,2026-09-18T08:20:37+00:00,2026-10-05T16:17:07+00:00,-0.6705,negative
reddit_1wjgvd6,ETH,reddit,r/ethereum,"Daily General Discussion September 18, 2026",https://www.reddit.com/r/ethereum/comments/1wjgvd6/daily_general_discussion_september_18_2026/,2026-09-18T05:01:24+00:00,2026-10-05T16:17:07+00:00,0.7393,positive
reddit_1wiw1z7,ETH,reddit,r/ethereum,Why using P2P?,https://www.reddit.com/r/ethereum/comments/1wiw1z7/why_using_p2p/,2026-09-17T14:47:19+00:00,2026-10-05T16:17:07+00:00,-0.5472,negative
reddit_1wikici,ETH,reddit,r/ethereum,"Daily General Discussion September 17, 2026",https://www.reddit.com/r/ethereum/comments/1wikici/daily_general_discussion_september_17_2026/,2026-09-17T05:01:33+00:00,2026-10-05T16:17:07+00:00,0.7393,positive
reddit_1whnme5,ETH,reddit,r/ethereum,"Daily General Discussion September 16, 2026",https://www.reddit.com/r/ethereum/comments/1whnme5/daily_general_discussion_september_16_2026/,2026-09-16T05:01:24+00:00,2026-10-05T16:17:07+00:00,0.7393,positive
reddit_1wh6dvb,ETH,reddit,r/ethereum,TheDAO Round Two Starts Today: ETHSecurity Initiatives,https://www.reddit.com/r/ethereum/comments/1wh6dvb/thedao_round_two_starts_today_ethsecurity/,2026-09-15T17:11:09+00:00,2026-10-05T16:17:07+00:00,0.0,neutral
reddit_1wgqusn,ETH,reddit,r/ethereum,"Daily General Discussion September 15, 2026",https://www.reddit.com/r/ethereum/comments/1wgqusn/daily_general_discussion_september_15_2026/,2026-09-15T05:01:19+00:00,2026-10-05T16:17:07+00:00,0.7393,positive
reddit_1wfu1o3,ETH,reddit,r/ethereum,"Daily General Discussion September 14, 2026",https://www.reddit.com/r/ethereum/comments/1wfu1o3/daily_general_discussion_september_14_2026/,2026-09-14T05:01:37+00:00,2026-10-05T16:17:07+00:00,0.7393,positive
reddit_1wf48x3,ETH,reddit,r/ethereum,"[AMA] We are EF Protocol (Pt. 15: 16 September, 2026)",https://www.reddit.com/r/ethereum/comments/1wf48x3/ama_we_are_ef_protocol_pt_15_16_september_2026/,2026-09-13T10:39:24+00:00,2026-10-05T16:17:07+00:00,0.9075,positive
reddit_1weye8n,ETH,reddit,r/ethereum,"Daily General Discussion September 13, 2026",https://www.reddit.com/r/ethereum/comments/1weye8n/daily_general_discussion_september_13_2026/,2026-09-13T05:01:19+00:00,2026-10-05T16:17:07+00:00,0.7393,positive
reddit_1welwbb,ETH,reddit,r/ethereum,Can Ethereum smart contracts be used to securely hold user deposits?,https://www.reddit.com/r/ethereum/comments/1welwbb/can_ethereum_smart_contracts_be_used_to_securely/,2026-09-12T19:32:49+00:00,2026-10-05T16:17:07+00:00,0.943,positive
reddit_1we38j1,ETH,reddit,r/ethereum,"Daily General Discussion September 12, 2026",https://www.reddit.com/r/ethereum/comments/1we38j1/daily_general_discussion_september_12_2026/,2026-09-12T05:01:18+00:00,2026-10-05T16:17:07+00:00,0.7393,positive
reddit_1wdn36y,ETH,reddit,r/ethereum,Weekly Doots Podcast - namespace.ninja - maxi.eth,https://www.reddit.com/r/ethereum/comments/1wdn36y/weekly_doots_podcast_namespaceninja_maxieth/,2026-09-11T17:39:40+00:00,2026-10-05T16:17:07+00:00,0.0,neutral
reddit_1wdhxxi,ETH,reddit,r/ethereum,"Ethereal news weekly #39 | Frame transactions added as Hegotá upgrade headliner, Nomic Foundation slang-solx, Consensys splitting into two companies",https://www.reddit.com/r/ethereum/comments/1wdhxxi/ethereal_news_weekly_39_frame_transactions_added/,2026-09-11T14:31:04+00:00,2026-10-05T16:17:07+00:00,0.0,neutral
reddit_1wd6meq,ETH,reddit,r/ethereum,"Daily General Discussion September 11, 2026",https://www.reddit.com/r/ethereum/comments/1wd6meq/daily_general_discussion_september_11_2026/,2026-09-11T05:01:18+00:00,2026-10-05T16:17:07+00:00,0.7393,positive
reddit_1wcnavd,ETH,reddit,r/ethereum,Why has fixed-rate borrowing stayed so thin?,https://www.reddit.com/r/ethereum/comments/1wcnavd/why_has_fixedrate_borrowing_stayed_so_thin/,2026-09-10T16:00:44+00:00,2026-10-05T16:17:07+00:00,0.4549,positive
reddit_1wckwup,ETH,reddit,r/ethereum,Solidity 0.8.37 Released,https://www.reddit.com/r/ethereum/comments/1wckwup/solidity_0837_released/,2026-09-10T14:32:33+00:00,2026-10-05T16:17:07+00:00,0.0,neutral
reddit_1wcberu,ETH,reddit,r/ethereum,Polybius Bank IPO - recovery case scam?,https://www.reddit.com/r/ethereum/comments/1wcberu/polybius_bank_ipo_recovery_case_scam/,2026-09-10T06:48:45+00:00,2026-10-05T16:17:07+00:00,-0.8674,negative
reddit_1wc9e4o,ETH,reddit,r/ethereum,"Daily General Discussion September 10, 2026",https://www.reddit.com/r/ethereum/comments/1wc9e4o/daily_general_discussion_september_10_2026/,2026-09-10T05:01:29+00:00,2026-10-05T16:17:07+00:00,0.7393,positive
reddit_1wc4ml7,ETH,reddit,r/ethereum,"Join Us: EF Protocol Reddit AMA - September 16th, 2026",https://www.reddit.com/r/ethereum/comments/1wc4ml7/join_us_ef_protocol_reddit_ama_september_16th_2026/,2026-09-10T01:20:18+00:00,2026-10-05T16:17:07+00:00,0.296,positive
reddit_1wc0sb2,ETH,reddit,r/ethereum,Vitalik Buterin Proposes Recursive STARKs for Ethereum’s I-Star Upgrade | Market Ethereum,https://www.reddit.com/r/ethereum/comments/1wc0sb2/vitalik_buterin_proposes_recursive_starks_for/,2026-09-09T22:38:35+00:00,2026-10-05T16:17:07+00:00,0.0,neutral
reddit_1wblmo5,ETH,reddit,r/ethereum,"Bitmine’s Ethereum Holdings Near $15 Billion After Buying 28,086 More ETH",https://www.reddit.com/r/ethereum/comments/1wblmo5/bitmines_ethereum_holdings_near_15_billion_after/,2026-09-09T13:29:13+00:00,2026-10-05T16:17:07+00:00,0.0,neutral
reddit_1wbc0ig,ETH,reddit,r/ethereum,"Daily General Discussion September 09, 2026",https://www.reddit.com/r/ethereum/comments/1wbc0ig/daily_general_discussion_september_09_2026/,2026-09-09T05:01:11+00:00,2026-10-05T16:17:07+00:00,0.7393,positive
reddit_1wan4mj,ETH,reddit,r/ethereum,We made a free tool that lets you simulate the performance of a leveraged ETH position over any past timeframe,https://www.reddit.com/r/ethereum/comments/1wan4mj/we_made_a_free_tool_that_lets_you_simulate_the/,2026-09-08T12:32:17+00:00,2026-10-05T16:17:07+00:00,0.8335,positive
reddit_1walauu,ETH,reddit,r/ethereum,Followup: I built the thing! Added Ethereum-based wealth verification to our app,https://www.reddit.com/r/ethereum/comments/1walauu/followup_i_built_the_thing_added_ethereumbased/,2026-09-08T11:05:57+00:00,2026-10-05T16:17:07+00:00,0.956,positive
reddit_1waewgk,ETH,reddit,r/ethereum,"Daily General Discussion September 08, 2026",https://www.reddit.com/r/ethereum/comments/1waewgk/daily_general_discussion_september_08_2026/,2026-09-08T05:01:12+00:00,2026-10-05T16:17:07+00:00,0.7393,positive
reddit_1wa96qo,ETH,reddit,r/ethereum,EF Protocol: The Hegotá EIP Opinion Post and Tier List,https://www.reddit.com/r/ethereum/comments/1wa96qo/ef_protocol_the_hegotá_eip_opinion_post_and_tier/,2026-09-08T00:24:21+00:00,2026-10-05T16:17:07+00:00,0.0,neutral
reddit_1wa8efq,ETH,reddit,r/ethereum,EF Protocol AMA September 16 at 2pm UTC | Submit questions ahead of time using the form here,https://www.reddit.com/r/ethereum/comments/1wa8efq/ef_protocol_ama_september_16_at_2pm_utc_submit/,2026-09-07T23:49:42+00:00,2026-10-05T16:17:07+00:00,0.4404,positive
reddit_1w9vmd6,ETH,reddit,r/ethereum,EF Protocol: Current and Emerging Priorities,https://www.reddit.com/r/ethereum/comments/1w9vmd6/ef_protocol_current_and_emerging_priorities/,2026-09-07T15:41:19+00:00,2026-10-05T16:17:07+00:00,0.0,neutral
reddit_1w9ilkr,ETH,reddit,r/ethereum,"Daily General Discussion September 07, 2026",https://www.reddit.com/r/ethereum/comments/1w9ilkr/daily_general_discussion_september_07_2026/,2026-09-07T05:01:28+00:00,2026-10-05T16:17:07+00:00,0.7393,positive
reddit_1w91nj7,ETH,reddit,r/ethereum,New Ethereum Upgrade Could Overhaul Crypto Transactions and Fees,https://www.reddit.com/r/ethereum/comments/1w91nj7/new_ethereum_upgrade_could_overhaul_crypto/,2026-09-06T17:02:09+00:00,2026-10-05T16:17:07+00:00,0.0,neutral
reddit_1w8mqax,ETH,reddit,r/ethereum,"Daily General Discussion September 06, 2026",https://www.reddit.com/r/ethereum/comments/1w8mqax/daily_general_discussion_september_06_2026/,2026-09-06T05:01:21+00:00,2026-10-05T16:17:07+00:00,0.7393,positive
reddit_1w8bjxn,ETH,reddit,r/ethereum,What Ethereum gas tells you—and what it does not,https://www.reddit.com/r/ethereum/comments/1w8bjxn/what_ethereum_gas_tells_youand_what_it_does_not/,2026-09-05T20:26:11+00:00,2026-10-05T16:17:07+00:00,0.34,positive
reddit_1w89ixs,ETH,reddit,r/ethereum,Question about AI and cybersecurity,https://www.reddit.com/r/ethereum/comments/1w89ixs/question_about_ai_and_cybersecurity/,2026-09-05T19:08:00+00:00,2026-10-05T16:17:07+00:00,0.3716,positive
reddit_1w7r87w,ETH,reddit,r/ethereum,"Daily General Discussion September 05, 2026",https://www.reddit.com/r/ethereum/comments/1w7r87w/daily_general_discussion_september_05_2026/,2026-09-05T05:01:14+00:00,2026-10-05T16:17:07+00:00,0.7393,positive
reddit_1w7a2ol,ETH,reddit,r/ethereum,158 - Doots Podcast - Gone Camping - JT,https://www.reddit.com/r/ethereum/comments/1w7a2ol/158_doots_podcast_gone_camping_jt/,2026-09-04T16:58:36+00:00,2026-10-05T16:17:07+00:00,0.0,neutral
reddit_1w74oqt,ETH,reddit,r/ethereum,"Ethereal news weekly #38 | Sepolia testnet Glamsterdam upgrade targeting October 6, Privacy Boost V2 live, BuidlGuidl Learning Lab Ethereum 101",https://www.reddit.com/r/ethereum/comments/1w74oqt/ethereal_news_weekly_38_sepolia_testnet/,2026-09-04T13:38:48+00:00,2026-10-05T16:17:07+00:00,0.4019,positive
reddit_1w6urwd,ETH,reddit,r/ethereum,"Daily General Discussion September 04, 2026",https://www.reddit.com/r/ethereum/comments/1w6urwd/daily_general_discussion_september_04_2026/,2026-09-04T05:01:17+00:00,2026-10-05T16:17:07+00:00,0.7393,positive
reddit_1w633wn,ETH,reddit,r/ethereum,Updating our wealth verifications with Ethereum,https://www.reddit.com/r/ethereum/comments/1w633wn/updating_our_wealth_verifications_with_ethereum/,2026-09-03T10:05:01+00:00,2026-10-05T16:17:07+00:00,0.9267,positive
reddit_1w5xt9m,ETH,reddit,r/ethereum,"Daily General Discussion September 03, 2026",https://www.reddit.com/r/ethereum/comments/1w5xt9m/daily_general_discussion_september_03_2026/,2026-09-03T05:01:15+00:00,2026-10-05T16:17:07+00:00,0.7393,positive
reddit_1w5l3d4,ETH,reddit,r/ethereum,Devcon India — a travel guide,https://www.reddit.com/r/ethereum/comments/1w5l3d4/devcon_india_a_travel_guide/,2026-09-02T19:51:25+00:00,2026-10-05T16:17:07+00:00,0.0,neutral
reddit_1w57swl,ETH,reddit,r/ethereum,Dev Tools Guild August 2026 update,https://www.reddit.com/r/ethereum/comments/1w57swl/dev_tools_guild_august_2026_update/,2026-09-02T11:35:34+00:00,2026-10-05T16:17:07+00:00,0.0,neutral
reddit_1w50oyb,ETH,reddit,r/ethereum,"Daily General Discussion September 02, 2026",https://www.reddit.com/r/ethereum/comments/1w50oyb/daily_general_discussion_september_02_2026/,2026-09-02T05:01:07+00:00,2026-10-05T16:17:07+00:00,0.7393,positive
reddit_1w424z1,ETH,reddit,r/ethereum,"Daily General Discussion September 01, 2026",https://www.reddit.com/r/ethereum/comments/1w424z1/daily_general_discussion_september_01_2026/,2026-09-01T05:01:29+00:00,2026-10-05T16:17:07+00:00,0.7393,positive
reddit_1w3bq23,ETH,reddit,r/ethereum,"If your deployment template references a smart contract audit, does that reference survive upgrades?",https://www.reddit.com/r/ethereum/comments/1w3bq23/if_your_deployment_template_references_a_smart/,2026-08-31T12:01:30+00:00,2026-10-05T16:17:07+00:00,0.9169,positive
reddit_1w33wbe,ETH,reddit,r/ethereum,"Daily General Discussion August 31, 2026",https://www.reddit.com/r/ethereum/comments/1w33wbe/daily_general_discussion_august_31_2026/,2026-08-31T05:01:27+00:00,2026-10-05T16:17:07+00:00,0.7393,positive
reddit_1w2874e,ETH,reddit,r/ethereum,"Daily General Discussion August 30, 2026",https://www.reddit.com/r/ethereum/comments/1w2874e/daily_general_discussion_august_30_2026/,2026-08-30T05:01:26+00:00,2026-10-05T16:17:07+00:00,0.7393,positive
reddit_1w1lqgs,ETH,reddit,r/ethereum,ethstaker-deposit-cli 1.3.1 pre-release,https://www.reddit.com/r/ethereum/comments/1w1lqgs/ethstakerdepositcli_131_prerelease/,2026-08-29T12:50:25+00:00,2026-10-05T16:17:07+00:00,0.0,neutral
reddit_1w1d8l9,ETH,reddit,r/ethereum,"Daily General Discussion August 29, 2026",https://www.reddit.com/r/ethereum/comments/1w1d8l9/daily_general_discussion_august_29_2026/,2026-08-29T05:01:13+00:00,2026-10-05T16:17:07+00:00,0.7393,positive
reddit_1w0xuyg,ETH,reddit,r/ethereum,157 - Zaal - THE ZAO - EVMavericks Daily Doots Podcast,https://www.reddit.com/r/ethereum/comments/1w0xuyg/157_zaal_the_zao_evmavericks_daily_doots_podcast/,2026-08-28T18:00:24+00:00,2026-10-05T16:17:07+00:00,0.0,neutral
reddit_1w0r3l6,ETH,reddit,r/ethereum,"Ethereal news weekly #37 | Glamsterdam upgrade repricing impact for contract developers, Revolut euro stablecoin rolling out, native account abstraction scheduled for inclusion in Hegotá upgrade",https://www.reddit.com/r/ethereum/comments/1w0r3l6/ethereal_news_weekly_37_glamsterdam_upgrade/,2026-08-28T13:48:28+00:00,2026-10-05T16:17:07+00:00,0.0,neutral
reddit_1w0owmi,ETH,reddit,r/ethereum,Mina Graph blockchain explorer updates,https://www.reddit.com/r/ethereum/comments/1w0owmi/mina_graph_blockchain_explorer_updates/,2026-08-28T12:14:26+00:00,2026-10-05T16:17:07+00:00,0.8257,positive
reddit_1w0h5xs,ETH,reddit,r/ethereum,"Daily General Discussion August 28, 2026",https://www.reddit.com/r/ethereum/comments/1w0h5xs/daily_general_discussion_august_28_2026/,2026-08-28T05:01:23+00:00,2026-10-05T16:17:07+00:00,0.7393,positive
reddit_1vzkinz,ETH,reddit,r/ethereum,"Daily General Discussion August 27, 2026",https://www.reddit.com/r/ethereum/comments/1vzkinz/daily_general_discussion_august_27_2026/,2026-08-27T05:01:20+00:00,2026-10-05T16:17:07+00:00,0.7393,positive
reddit_1vzbgcs,ETH,reddit,r/ethereum,What is the most popular self-custody wallet for holding and staking ETH on a phone?,https://www.reddit.com/r/ethereum/comments/1vzbgcs/what_is_the_most_popular_selfcustody_wallet_for/,2026-08-26T22:09:16+00:00,2026-10-05T16:17:07+00:00,0.8794,positive
reddit_1vynfyc,ETH,reddit,r/ethereum,"Daily General Discussion August 26, 2026",https://www.reddit.com/r/ethereum/comments/1vynfyc/daily_general_discussion_august_26_2026/,2026-08-26T05:01:10+00:00,2026-10-05T16:17:07+00:00,0.7393,positive
reddit_1vyia30,ETH,reddit,r/ethereum,Glamsterdam Repricing Impact for Smart Contract Developers,https://www.reddit.com/r/ethereum/comments/1vyia30/glamsterdam_repricing_impact_for_smart_contract/,2026-08-26T01:00:06+00:00,2026-10-05T16:17:07+00:00,0.4019,positive
reddit_1vxqazy,ETH,reddit,r/ethereum,"Daily General Discussion August 25, 2026",https://www.reddit.com/r/ethereum/comments/1vxqazy/daily_general_discussion_august_25_2026/,2026-08-25T05:01:16+00:00,2026-10-05T16:17:07+00:00,0.7393,positive
reddit_1vx7rsv,ETH,reddit,r/ethereum,Report on the state of curated DeFi,https://www.reddit.com/r/ethereum/comments/1vx7rsv/report_on_the_state_of_curated_defi/,2026-08-24T16:31:48+00:00,2026-10-05T16:17:07+00:00,0.6597,positive
reddit_1vwtakt,ETH,reddit,r/ethereum,"Daily General Discussion August 24, 2026",https://www.reddit.com/r/ethereum/comments/1vwtakt/daily_general_discussion_august_24_2026/,2026-08-24T05:01:29+00:00,2026-10-05T16:17:07+00:00,0.7393,positive
reddit_1vwc8sj,ETH,reddit,r/ethereum,🚨Every Ledger running the Ethereum app is vulnerable to signature substitution,https://www.reddit.com/r/ethereum/comments/1vwc8sj/every_ledger_running_the_ethereum_app_is/,2026-08-23T16:48:13+00:00,2026-10-05T16:17:07+00:00,-0.2263,negative
reddit_1vvxy0z,ETH,reddit,r/ethereum,"Daily General Discussion August 23, 2026",https://www.reddit.com/r/ethereum/comments/1vvxy0z/daily_general_discussion_august_23_2026/,2026-08-23T05:01:15+00:00,2026-10-05T16:17:07+00:00,0.7393,positive
reddit_1vv331x,ETH,reddit,r/ethereum,"Daily General Discussion August 22, 2026",https://www.reddit.com/r/ethereum/comments/1vv331x/daily_general_discussion_august_22_2026/,2026-08-22T05:01:14+00:00,2026-10-05T16:17:07+00:00,0.7393,positive
reddit_1vuyj4z,ETH,reddit,r/ethereum,Daily messages on etherscan to my watched address,https://www.reddit.com/r/ethereum/comments/1vuyj4z/daily_messages_on_etherscan_to_my_watched_address/,2026-08-22T01:15:45+00:00,2026-10-05T16:17:07+00:00,-0.4767,negative
reddit_1vuo6eg,ETH,reddit,r/ethereum,156 - Doots Podcast with Quotient - Jordan O,https://www.reddit.com/r/ethereum/comments/1vuo6eg/156_doots_podcast_with_quotient_jordan_o/,2026-08-21T18:18:07+00:00,2026-10-05T16:17:07+00:00,0.0,neutral
reddit_1vulcxr,ETH,reddit,r/ethereum,"Ethereal news weekly #36 | US SEC Regulation Crypto Assets proposed rules, Glamsterdam upgrade on public testnets proposed for late September & October, focil-devnet-0 targeting August 31",https://www.reddit.com/r/ethereum/comments/1vulcxr/ethereal_news_weekly_36_us_sec_regulation_crypto/,2026-08-21T16:35:48+00:00,2026-10-05T16:17:07+00:00,0.1779,positive
reddit_1vug531,ETH,reddit,r/ethereum,Stablecoins need Visa more than Visa needs stablecoins,https://www.reddit.com/r/ethereum/comments/1vug531/stablecoins_need_visa_more_than_visa_needs/,2026-08-21T13:17:42+00:00,2026-10-05T16:17:07+00:00,-0.561,negative
reddit_1vu6rb8,ETH,reddit,r/ethereum,"Daily General Discussion August 21, 2026",https://www.reddit.com/r/ethereum/comments/1vu6rb8/daily_general_discussion_august_21_2026/,2026-08-21T05:01:15+00:00,2026-10-05T16:17:07+00:00,0.7393,positive
reddit_1vu16ki,ETH,reddit,r/ethereum,Raising machine-checked security benchmarks to advance hash-based SNARKs through agentic collaboration,https://www.reddit.com/r/ethereum/comments/1vu16ki/raising_machinechecked_security_benchmarks_to/,2026-08-21T00:34:58+00:00,2026-10-05T16:17:07+00:00,0.34,positive
59ed1c5c0640adfe,BTC,news,Decrypt,Trump sues JPMorgan for $5B! Ledger prepares for $4B IPO! “Crypto Adoption is no longer reversible” says PWC!,https://decrypt.co/videos/interviews/VpBdSuOE/trump-sues-jpmorgan-for-5b-ledger-prepares-for-4b-ipo-crypto-adoption-is-no-longer-reversible-says-pwc,2026-01-23T16:40:55+00:00,2026-10-06T06:25:21+00:00,0.4898,positive
59ed1c5c0640adfe,ETH,news,Decrypt,Trump sues JPMorgan for $5B! Ledger prepares for $4B IPO! “Crypto Adoption is no longer reversible” says PWC!,https://decrypt.co/videos/interviews/VpBdSuOE/trump-sues-jpmorgan-for-5b-ledger-prepares-for-4b-ipo-crypto-adoption-is-no-longer-reversible-says-pwc,2026-01-23T16:40:55+00:00,2026-10-06T06:25:21+00:00,0.4898,positive
59ed1c5c0640adfe,SOL,news,Decrypt,Trump sues JPMorgan for $5B! Ledger prepares for $4B IPO! “Crypto Adoption is no longer reversible” says PWC!,https://decrypt.co/videos/interviews/VpBdSuOE/trump-sues-jpmorgan-for-5b-ledger-prepares-for-4b-ipo-crypto-adoption-is-no-longer-reversible-says-pwc,2026-01-23T16:40:55+00:00,2026-10-06T06:25:21+00:00,0.4898,positive
f12f239088a3a6ad,BTC,news,Decrypt,Crypto rebounds after Trump TACO’s on Tariffs! BitGo $2.1B IPO! Solana’s SKR token soars 250% FDV!,https://decrypt.co/videos/interviews/MqZOhomP/crypto-rebounds-after-trump-tacos-on-tariffs-bitgo-21b-ipo-solanas-skr-token-soars-250-fdv,2026-01-22T16:14:50+00:00,2026-10-06T06:25:21+00:00,0.8472,positive
f12f239088a3a6ad,ETH,news,Decrypt,Crypto rebounds after Trump TACO’s on Tariffs! BitGo $2.1B IPO! Solana’s SKR token soars 250% FDV!,https://decrypt.co/videos/interviews/MqZOhomP/crypto-rebounds-after-trump-tacos-on-tariffs-bitgo-21b-ipo-solanas-skr-token-soars-250-fdv,2026-01-22T16:14:50+00:00,2026-10-06T06:25:21+00:00,0.8472,positive
f12f239088a3a6ad,SOL,news,Decrypt,Crypto rebounds after Trump TACO’s on Tariffs! BitGo $2.1B IPO! Solana’s SKR token soars 250% FDV!,https://decrypt.co/videos/interviews/MqZOhomP/crypto-rebounds-after-trump-tacos-on-tariffs-bitgo-21b-ipo-solanas-skr-token-soars-250-fdv,2026-01-22T16:14:50+00:00,2026-10-06T06:25:21+00:00,0.8472,positive
9cc4d17dfcda6a2c,BTC,news,Decrypt,Trump’s speech at Davos gives small boost to Crypto! Saylor buys $2.13B BTC! Blondish Interview!,https://decrypt.co/videos/interviews/nWmEOl4c/trumps-speech-at-davos-gives-small-boost-to-crypto-saylor-buys-213b-btc-blondish-interview,2026-01-21T16:17:26+00:00,2026-10-06T06:25:21+00:00,0.4359,positive
9cc4d17dfcda6a2c,ETH,news,Decrypt,Trump’s speech at Davos gives small boost to Crypto! Saylor buys $2.13B BTC! Blondish Interview!,https://decrypt.co/videos/interviews/nWmEOl4c/trumps-speech-at-davos-gives-small-boost-to-crypto-saylor-buys-213b-btc-blondish-interview,2026-01-21T16:17:26+00:00,2026-10-06T06:25:21+00:00,0.4359,positive
9cc4d17dfcda6a2c,SOL,news,Decrypt,Trump’s speech at Davos gives small boost to Crypto! Saylor buys $2.13B BTC! Blondish Interview!,https://decrypt.co/videos/interviews/nWmEOl4c/trumps-speech-at-davos-gives-small-boost-to-crypto-saylor-buys-213b-btc-blondish-interview,2026-01-21T16:17:26+00:00,2026-10-06T06:25:21+00:00,0.4359,positive
fa213bfdd9855ba9,BTC,news,Decrypt,"Trump Tariffs 3: Return of the Bull Market! NYSE Tokenising, what that means for $Hype! Claude Meme Meta!",https://decrypt.co/videos/interviews/O1HZN4PH/trump-tariffs-3-return-of-the-bull-market-nyse-tokenising-what-that-means-for-hype-claude-meme-meta,2026-01-20T18:12:06+00:00,2026-10-06T06:25:21+00:00,0.811,positive
fa213bfdd9855ba9,ETH,news,Decrypt,"Trump Tariffs 3: Return of the Bull Market! NYSE Tokenising, what that means for $Hype! Claude Meme Meta!",https://decrypt.co/videos/interviews/O1HZN4PH/trump-tariffs-3-return-of-the-bull-market-nyse-tokenising-what-that-means-for-hype-claude-meme-meta,2026-01-20T18:12:06+00:00,2026-10-06T06:25:21+00:00,0.811,positive
fa213bfdd9855ba9,SOL,news,Decrypt,"Trump Tariffs 3: Return of the Bull Market! NYSE Tokenising, what that means for $Hype! Claude Meme Meta!",https://decrypt.co/videos/interviews/O1HZN4PH/trump-tariffs-3-return-of-the-bull-market-nyse-tokenising-what-that-means-for-hype-claude-meme-meta,2026-01-20T18:12:06+00:00,2026-10-06T06:25:21+00:00,0.811,positive
bae97a8dd11ec5e2,BTC,news,Decrypt,Crypto sells off amidst Trump Tariff Turmoil! $Trove falls 90% in awful TGE! Pump Fund announced!,https://decrypt.co/videos/interviews/lokwS0bc/crypto-sells-off-amidst-trump-tariff-turmoil-trove-falls-90-in-awful-tge-pump-fund-announced,2026-01-20T16:07:15+00:00,2026-10-06T06:25:21+00:00,0.6563,positive
bae97a8dd11ec5e2,ETH,news,Decrypt,Crypto sells off amidst Trump Tariff Turmoil! $Trove falls 90% in awful TGE! Pump Fund announced!,https://decrypt.co/videos/interviews/lokwS0bc/crypto-sells-off-amidst-trump-tariff-turmoil-trove-falls-90-in-awful-tge-pump-fund-announced,2026-01-20T16:07:15+00:00,2026-10-06T06:25:21+00:00,0.6563,positive
bae97a8dd11ec5e2,SOL,news,Decrypt,Crypto sells off amidst Trump Tariff Turmoil! $Trove falls 90% in awful TGE! Pump Fund announced!,https://decrypt.co/videos/interviews/lokwS0bc/crypto-sells-off-amidst-trump-tariff-turmoil-trove-falls-90-in-awful-tge-pump-fund-announced,2026-01-20T16:07:15+00:00,2026-10-06T06:25:21+00:00,0.6563,positive
5a7c79ea96e9f41d,BTC,news,Decrypt,"Massive Coinbase News! Bitcoin Rips to $96,750! Football.Fun TGE Interview with Founder!",https://decrypt.co/videos/interviews/9g4stfJX/massive-coinbase-news-bitcoin-rips-to-96-750-footballfun-tge-interview-with-founder,2026-01-15T16:49:34+00:00,2026-10-06T06:25:21+00:00,0.7723,positive
5a7c79ea96e9f41d,ETH,news,Decrypt,"Massive Coinbase News! Bitcoin Rips to $96,750! Football.Fun TGE Interview with Founder!",https://decrypt.co/videos/interviews/9g4stfJX/massive-coinbase-news-bitcoin-rips-to-96-750-footballfun-tge-interview-with-founder,2026-01-15T16:49:34+00:00,2026-10-06T06:25:21+00:00,0.7723,positive
5a7c79ea96e9f41d,SOL,news,Decrypt,"Massive Coinbase News! Bitcoin Rips to $96,750! Football.Fun TGE Interview with Founder!",https://decrypt.co/videos/interviews/9g4stfJX/massive-coinbase-news-bitcoin-rips-to-96-750-footballfun-tge-interview-with-founder,2026-01-15T16:49:34+00:00,2026-10-06T06:25:21+00:00,0.7723,positive
969dbacb7067b31b,BTC,news,Decrypt,Are we back? Crypto is Green! Solana Intern goes rogue! Pump up 13%! Monero hits another ATH!,https://decrypt.co/videos/interviews/Iv1NIhI4/are-we-back-crypto-is-green-solana-intern-goes-rogue-pump-up-13-monero-hits-another-ath,2026-01-14T16:38:32+00:00,2026-10-06T06:25:21+00:00,0.9471,positive
969dbacb7067b31b,ETH,news,Decrypt,Are we back? Crypto is Green! Solana Intern goes rogue! Pump up 13%! Monero hits another ATH!,https://decrypt.co/videos/interviews/Iv1NIhI4/are-we-back-crypto-is-green-solana-intern-goes-rogue-pump-up-13-monero-hits-another-ath,2026-01-14T16:38:32+00:00,2026-10-06T06:25:21+00:00,0.9471,positive
969dbacb7067b31b,SOL,news,Decrypt,Are we back? Crypto is Green! Solana Intern goes rogue! Pump up 13%! Monero hits another ATH!,https://decrypt.co/videos/interviews/Iv1NIhI4/are-we-back-crypto-is-green-solana-intern-goes-rogue-pump-up-13-monero-hits-another-ath,2026-01-14T16:38:32+00:00,2026-10-06T06:25:21+00:00,0.9471,positive
e8b63c4205d00a6c,BTC,news,Decrypt,Pump & Memes HEATING up! XMR vs ZEC! How important are these rate cuts? - Under Exposed,https://decrypt.co/videos/interviews/IuLdmgP6/pump-memes-heating-up-xmr-vs-zec-how-important-are-these-rate-cuts-under-exposed,2026-01-14T16:01:53+00:00,2026-10-06T06:25:21+00:00,0.7916,positive
e8b63c4205d00a6c,ETH,news,Decrypt,Pump & Memes HEATING up! XMR vs ZEC! How important are these rate cuts? - Under Exposed,https://decrypt.co/videos/interviews/IuLdmgP6/pump-memes-heating-up-xmr-vs-zec-how-important-are-these-rate-cuts-under-exposed,2026-01-14T16:01:53+00:00,2026-10-06T06:25:21+00:00,0.7916,positive
e8b63c4205d00a6c,SOL,news,Decrypt,Pump & Memes HEATING up! XMR vs ZEC! How important are these rate cuts? - Under Exposed,https://decrypt.co/videos/interviews/IuLdmgP6/pump-memes-heating-up-xmr-vs-zec-how-important-are-these-rate-cuts-under-exposed,2026-01-14T16:01:53+00:00,2026-10-06T06:25:21+00:00,0.7916,positive
d457cbd8d761d7f7,BTC,news,Decrypt,"PsyopAnime Meme up 30X! Are Memes back? Monero ATH! Interview W/ Joseph Chalom, CEO of Sharplink",https://decrypt.co/videos/interviews/mefbKZgQ/psyopanime-meme-up-30x-are-memes-back-monero-ath-interview-w-joseph-chalom-ceo-of-sharplink,2026-01-13T18:12:27+00:00,2026-10-06T06:25:21+00:00,0.8735,positive
d457cbd8d761d7f7,ETH,news,Decrypt,"PsyopAnime Meme up 30X! Are Memes back? Monero ATH! Interview W/ Joseph Chalom, CEO of Sharplink",https://decrypt.co/videos/interviews/mefbKZgQ/psyopanime-meme-up-30x-are-memes-back-monero-ath-interview-w-joseph-chalom-ceo-of-sharplink,2026-01-13T18:12:27+00:00,2026-10-06T06:25:21+00:00,0.8735,positive
d457cbd8d761d7f7,SOL,news,Decrypt,"PsyopAnime Meme up 30X! Are Memes back? Monero ATH! Interview W/ Joseph Chalom, CEO of Sharplink",https://decrypt.co/videos/interviews/mefbKZgQ/psyopanime-meme-up-30x-are-memes-back-monero-ath-interview-w-joseph-chalom-ceo-of-sharplink,2026-01-13T18:12:27+00:00,2026-10-06T06:25:21+00:00,0.8735,positive
6fdad148d456a3d2,BTC,news,Decrypt,A16z raise $15B! Jerome Powell vs Trump! Crypto remains flat! Special Guest: Dudas!,https://decrypt.co/videos/interviews/0y90noNs/a16z-raise-15b-jerome-powell-vs-trump-crypto-remains-flat-special-guest-dudas,2026-01-12T17:15:46+00:00,2026-10-06T06:25:21+00:00,0.3935,positive
6fdad148d456a3d2,ETH,news,Decrypt,A16z raise $15B! Jerome Powell vs Trump! Crypto remains flat! Special Guest: Dudas!,https://decrypt.co/videos/interviews/0y90noNs/a16z-raise-15b-jerome-powell-vs-trump-crypto-remains-flat-special-guest-dudas,2026-01-12T17:15:46+00:00,2026-10-06T06:25:21+00:00,0.3935,positive
6fdad148d456a3d2,SOL,news,Decrypt,A16z raise $15B! Jerome Powell vs Trump! Crypto remains flat! Special Guest: Dudas!,https://decrypt.co/videos/interviews/0y90noNs/a16z-raise-15b-jerome-powell-vs-trump-crypto-remains-flat-special-guest-dudas,2026-01-12T17:15:46+00:00,2026-10-06T06:25:21+00:00,0.3935,positive
11e3316984461cf1,BTC,news,Decrypt,ZEC Rebounds 11%! Trump says he won’t pardon Sam Bankman-Fried! Florida revisits it’s Strategic Bitcoin Reserve!,https://decrypt.co/videos/interviews/72tPnqPX/zec-rebounds-11-trump-says-he-wont-pardon-sam-bankman-fried-florida-revisits-its-strategic-bitcoin-reserve,2026-01-09T17:17:12+00:00,2026-10-06T06:25:21+00:00,0.8713,positive
11e3316984461cf1,ETH,news,Decrypt,ZEC Rebounds 11%! Trump says he won’t pardon Sam Bankman-Fried! Florida revisits it’s Strategic Bitcoin Reserve!,https://decrypt.co/videos/interviews/72tPnqPX/zec-rebounds-11-trump-says-he-wont-pardon-sam-bankman-fried-florida-revisits-its-strategic-bitcoin-reserve,2026-01-09T17:17:12+00:00,2026-10-06T06:25:21+00:00,0.8713,positive
11e3316984461cf1,SOL,news,Decrypt,ZEC Rebounds 11%! Trump says he won’t pardon Sam Bankman-Fried! Florida revisits it’s Strategic Bitcoin Reserve!,https://decrypt.co/videos/interviews/72tPnqPX/zec-rebounds-11-trump-says-he-wont-pardon-sam-bankman-fried-florida-revisits-its-strategic-bitcoin-reserve,2026-01-09T17:17:12+00:00,2026-10-06T06:25:21+00:00,0.8713,positive
f36a9c88cd4fcad6,BTC,news,Decrypt,The ZCash situation explained! Interview with ZEC bull Mert! BTC below $90K! ZEC falls 19%!,https://decrypt.co/videos/interviews/wmsgKRFW/the-zcash-situation-explained-interview-with-zec-bull-mert-btc-below-90k-zec-falls-19,2026-01-08T17:04:56+00:00,2026-10-06T06:25:21+00:00,-0.5815,negative
f36a9c88cd4fcad6,ETH,news,Decrypt,The ZCash situation explained! Interview with ZEC bull Mert! BTC below $90K! ZEC falls 19%!,https://decrypt.co/videos/interviews/wmsgKRFW/the-zcash-situation-explained-interview-with-zec-bull-mert-btc-below-90k-zec-falls-19,2026-01-08T17:04:56+00:00,2026-10-06T06:25:21+00:00,-0.5815,negative
f36a9c88cd4fcad6,SOL,news,Decrypt,The ZCash situation explained! Interview with ZEC bull Mert! BTC below $90K! ZEC falls 19%!,https://decrypt.co/videos/interviews/wmsgKRFW/the-zcash-situation-explained-interview-with-zec-bull-mert-btc-below-90k-zec-falls-19,2026-01-08T17:04:56+00:00,2026-10-06T06:25:21+00:00,-0.5815,negative
9f7c2117c639de47,BTC,news,Decrypt,"First 2026 Dip! BTC at 92K! Morgan Stanley file for BTC, ETH & SOL ETFs! Hyperliquid Airdrop Speculation!",https://decrypt.co/videos/interviews/GVQVX2ND/first-2026-dip-btc-at-92k-morgan-stanley-file-for-btc-eth-sol-etfs-hyperliquid-airdrop-speculation,2026-01-07T16:14:54+00:00,2026-10-06T06:25:21+00:00,0.6083,positive
9f7c2117c639de47,ETH,news,Decrypt,"First 2026 Dip! BTC at 92K! Morgan Stanley file for BTC, ETH & SOL ETFs! Hyperliquid Airdrop Speculation!",https://decrypt.co/videos/interviews/GVQVX2ND/first-2026-dip-btc-at-92k-morgan-stanley-file-for-btc-eth-sol-etfs-hyperliquid-airdrop-speculation,2026-01-07T16:14:54+00:00,2026-10-06T06:25:21+00:00,0.6083,positive
9f7c2117c639de47,SOL,news,Decrypt,"First 2026 Dip! BTC at 92K! Morgan Stanley file for BTC, ETH & SOL ETFs! Hyperliquid Airdrop Speculation!",https://decrypt.co/videos/interviews/GVQVX2ND/first-2026-dip-btc-at-92k-morgan-stanley-file-for-btc-eth-sol-etfs-hyperliquid-airdrop-speculation,2026-01-07T16:14:54+00:00,2026-10-06T06:25:21+00:00,0.6083,positive
44a95212706f04b1,BTC,news,Decrypt,Crypto starts 2026 STRONG! Venezuela Impacts on the market! Lighter TGE reactions!,https://decrypt.co/videos/interviews/XjhRjGIk/crypto-starts-2026-strong-venezuela-impacts-on-the-market-lighter-tge-reactions,2026-01-06T18:16:42+00:00,2026-10-06T06:25:21+00:00,0.9288,positive
44a95212706f04b1,ETH,news,Decrypt,Crypto starts 2026 STRONG! Venezuela Impacts on the market! Lighter TGE reactions!,https://decrypt.co/videos/interviews/XjhRjGIk/crypto-starts-2026-strong-venezuela-impacts-on-the-market-lighter-tge-reactions,2026-01-06T18:16:42+00:00,2026-10-06T06:25:21+00:00,0.9288,positive
44a95212706f04b1,SOL,news,Decrypt,Crypto starts 2026 STRONG! Venezuela Impacts on the market! Lighter TGE reactions!,https://decrypt.co/videos/interviews/XjhRjGIk/crypto-starts-2026-strong-venezuela-impacts-on-the-market-lighter-tge-reactions,2026-01-06T18:16:42+00:00,2026-10-06T06:25:21+00:00,0.9288,positive
65b43cfbf72067d6,BTC,news,Decrypt,Global Crypto MCap up to $3.22 Trillion! XRP up 12%! Japan Endorse Crypto! Fear & Greed back to Neutral!,https://decrypt.co/videos/interviews/OS1PGiAq/global-crypto-mcap-up-to-322-trillion-xrp-up-12-japan-endorse-crypto-fear-greed-back-to-neutral,2026-01-06T16:13:32+00:00,2026-10-06T06:25:21+00:00,0.7482,positive
65b43cfbf72067d6,ETH,news,Decrypt,Global Crypto MCap up to $3.22 Trillion! XRP up 12%! Japan Endorse Crypto! Fear & Greed back to Neutral!,https://decrypt.co/videos/interviews/OS1PGiAq/global-crypto-mcap-up-to-322-trillion-xrp-up-12-japan-endorse-crypto-fear-greed-back-to-neutral,2026-01-06T16:13:32+00:00,2026-10-06T06:25:21+00:00,0.7482,positive
65b43cfbf72067d6,SOL,news,Decrypt,Global Crypto MCap up to $3.22 Trillion! XRP up 12%! Japan Endorse Crypto! Fear & Greed back to Neutral!,https://decrypt.co/videos/interviews/OS1PGiAq/global-crypto-mcap-up-to-322-trillion-xrp-up-12-japan-endorse-crypto-fear-greed-back-to-neutral,2026-01-06T16:13:32+00:00,2026-10-06T06:25:21+00:00,0.7482,positive
3b96a2644d88e9eb,BTC,news,Decrypt,Crypto is Green! Up 6-9%! Memes outperform! Pepe up 67%! Infinex Founder Interview!,https://decrypt.co/videos/interviews/EmmJkWJn/crypto-is-green-up-6-9-memes-outperform-pepe-up-67-infinex-founder-interview,2026-01-05T16:28:36+00:00,2026-10-06T06:25:21+00:00,0.6083,positive
3b96a2644d88e9eb,ETH,news,Decrypt,Crypto is Green! Up 6-9%! Memes outperform! Pepe up 67%! Infinex Founder Interview!,https://decrypt.co/videos/interviews/EmmJkWJn/crypto-is-green-up-6-9-memes-outperform-pepe-up-67-infinex-founder-interview,2026-01-05T16:28:36+00:00,2026-10-06T06:25:21+00:00,0.6083,positive
3b96a2644d88e9eb,SOL,news,Decrypt,Crypto is Green! Up 6-9%! Memes outperform! Pepe up 67%! Infinex Founder Interview!,https://decrypt.co/videos/interviews/EmmJkWJn/crypto-is-green-up-6-9-memes-outperform-pepe-up-67-infinex-founder-interview,2026-01-05T16:28:36+00:00,2026-10-06T06:25:21+00:00,0.6083,positive
08579b60f059502d,BTC,news,Decrypt,2026 Crypto Predictions! Tom Lee still buying ETH! Rekt tease WorldStar collab!,https://decrypt.co/videos/interviews/dBDZqp65/2026-crypto-predictions-tom-lee-still-buying-eth-rekt-tease-worldstar-collab,2025-12-30T16:29:12+00:00,2026-10-06T06:25:21+00:00,-0.9452,negative
08579b60f059502d,ETH,news,Decrypt,2026 Crypto Predictions! Tom Lee still buying ETH! Rekt tease WorldStar collab!,https://decrypt.co/videos/interviews/dBDZqp65/2026-crypto-predictions-tom-lee-still-buying-eth-rekt-tease-worldstar-collab,2025-12-30T16:29:12+00:00,2026-10-06T06:25:21+00:00,-0.9452,negative
08579b60f059502d,SOL,news,Decrypt,2026 Crypto Predictions! Tom Lee still buying ETH! Rekt tease WorldStar collab!,https://decrypt.co/videos/interviews/dBDZqp65/2026-crypto-predictions-tom-lee-still-buying-eth-rekt-tease-worldstar-collab,2025-12-30T16:29:12+00:00,2026-10-06T06:25:21+00:00,-0.9452,negative
ee3439154d9df42e,BTC,news,Decrypt,The White Whale up 10x in a week! Lighter TGE! Saylor buys $109M BTC!,https://decrypt.co/videos/interviews/50vopyFa/the-white-whale-up-10x-in-a-week-lighter-tge-saylor-buys-109m-btc,2025-12-29T16:10:19+00:00,2026-10-06T06:25:21+00:00,-0.7488,negative
ee3439154d9df42e,ETH,news,Decrypt,The White Whale up 10x in a week! Lighter TGE! Saylor buys $109M BTC!,https://decrypt.co/videos/interviews/50vopyFa/the-white-whale-up-10x-in-a-week-lighter-tge-saylor-buys-109m-btc,2025-12-29T16:10:19+00:00,2026-10-06T06:25:21+00:00,-0.7488,negative
ee3439154d9df42e,SOL,news,Decrypt,The White Whale up 10x in a week! Lighter TGE! Saylor buys $109M BTC!,https://decrypt.co/videos/interviews/50vopyFa/the-white-whale-up-10x-in-a-week-lighter-tge-saylor-buys-109m-btc,2025-12-29T16:10:19+00:00,2026-10-06T06:25:21+00:00,-0.7488,negative
